1.1134899948811485,-0.5898006422544855,0.9675116247280802,1.1134899948811485,1.1211490359198373,1.1134899948811485,0.9237476049550927,1.0977241225854133,1.1134899948811485,0.9386755924049082,0.6709346655813482,0.9675116247280802,1.0977241225854133,1.1088861958069942,1.1134899948811485,1.1211490359198373,1.0977241225854133,1.1134899948811485,1.1211490359198373,0.9675116247280802,1.1134899948811485,0.9675116247280802,1.1211490359198373,0.9237476049550927,0.9675116247280802,0.9237476049550927,1.0977241225854133,1.1134899948811485,0.1572656433528653,1.0977241225854133
0.839205228079057,0.06867727024843773,0.6949390003325584,0.8926432238498598,0.4191029142142557,0.8926432238498598,0.839205228079057,0.06867727024843773,0.8926432238498598,-0.42527019361677987,0.8925600898181385,0.6921749793692531,0.6949390003325584,0.8406213164290077,0.45146327558773214,0.4191029142142557,0.4147870581737578,0.4556042700052708,0.8925600898181385,0.4147870581737578,0.06867727024843773,0.07441949550919502,0.8926432238498598,0.6672093384182762,0.8925600898181385
1.1076485038157116,1.0378311511968143,1.0141221981290605,1.0378311511968143,1.0335111673676078,0.8154194072112266,1.0335111673676078,0.8240589655175484,1.1067938609156471,1.0335111673676078,0.8240589655175484,0.3979961414974448,1.0378311511968143,1.1062538545435627,1.1076485038157116,1.0378311511968143,1.0141221981290605,1.0378311511968143,-0.108181908940013,1.0141221981290605,1.1076485038157116,1.1076485038157116,0.8154194072112266,1.1076485038157116,0.3403693997881876,1.1076485038157116,0.7780361597201505,1.0335111673676078,0.7780361597201505,1.0141221981290605,1.1076485038157116,1.1062538545435627,1.1067938609156471,1.1062538545435627,1.0141221981290605,1.0141221981290605,0.7780361597201505,1.0141221981290605,1.0141221981290605,0.8240589655175484,0.8240589655175484,1.0141221981290605,0.3403693997881876,1.0141221981290605,1.0141221981290605,1.1067938609156471,1.0335111673676078,1.0141221981290605,1.0378311511968143,0.7384036311381406,0.7384036311381406,1.1076485038157116,1.0378311511968143,1.1067938609156471,1.0378311511968143,1.1062538545435627,1.0335111673676078
0.513263917802993,0.8037475197750636,0.7290683600309877,0.7858562677768368,0.3137957759670309,0.513263917802993,0.7858562677768368,0.7290683600309877,0.513263917802993,-1.676425405410285,0.513263917802993,0.7290683600309877,0.7858562677768368,0.3137957759670309,0.5782969444772339,0.5782969444772339,0.22222880030391434,0.7290683600309877,0.7858562677768368,0.7290683600309877,0.7924226775913141,0.5782969444772339,0.7858562677768368,0.22222880030391434,0.4857995155787733,0.7290683600309877,0.6889036505144412,0.8004111379639172,0.8037475197750636,0.7858562677768368,0.6889036505144412,0.6889036505144412,0.8037475197750636,0.6889036505144412,0.671242896169072,0.7290683600309877,0.513263917802993,0.7858562677768368,0.6889036505144412,0.4857995155787733,0.22222880030391434,0.7290683600309877,0.8004111379639172,0.6889036505144412,0.7924226775913141,0.513263917802993,0.6889036505144412,0.8004111379639172,-0.11886222152227921,0.513263917802993,0.8004111379639172,0.8004111379639172,0.7858562677768368,0.7924226775913141,0.7290683600309877,0.7858562677768368,0.8004111379639172
0.8444965032098619,0.8638997025711443,-0.12903257173277305,0.9441101272735053,0.9347328727835771,0.7987652638726233,0.9581799018754964,0.9441101272735053,0.5162811212786684,0.9623466428215661,0.5544406871538972,0.8638997025711443,0.9347328727835771,0.8816099916348716,0.9347328727835771,0.20175630596170402,0.8638997025711443,0.6283270651658976,0.5162811212786684,0.3038159308733368,0.9623466428215661,0.8638997025711443,0.9441101272735053,0.9347328727835771,0.9581799018754964,0.7987652638726233,0.9441101272735053,0.8216869252914705,0.9581799018754964,0.9581799018754964,0.9347328727835771,0.9347328727835771,0.9581799018754964,0.6283270651658976,0.8638997025711443,0.7987652638726233,0.9347328727835771,0.8638997025711443,0.5544406871538972,0.7987652638726233,0.6612732672128296,0.9581799018754964,0.9581799018754964,0.8638997025711443,0.8444965032098619,0.9347328727835771,0.9581799018754964,0.7987652638726233,-0.391483988396766,0.5544406871538972,0.7987652638726233
1.1201088968728112,1.1528629178158647,1.1528629178158647,1.1201088968728112,1.1528629178158647,0.9275744333482645,1.109322353596976,1.1528629178158647,1.1047800876179026,0.22538779044930934,1.1528629178158647,0.6919456027332593,0.9275744333482645,0.8922730495028464,1.1201088968728112,1.1201088968728112,1.0258367921473424,1.1528629178158647,1.1528629178158647,0.6919456027332593,1.0258367921473424,1.1201088968728112,1.1528629178158647,0.9987240008298812,0.6919456027332593,1.1047800876179026,0.9987240008298812,1.0258367921473424,1.1528629178158647,1.1201088968728112,1.1528629178158647,0.8922730495028464
1.2559595366503635,1.1045927498827735,1.1045927498827735,1.1614234790418352,1.2559595366503635,0.8709545053968073,1.1840708345240705,0.8168560974927161,1.2559595366503635,1.2559595366503635,0.8709545053968073,1.1335546333012385,1.1335546333012385,1.1335546333012385,1.1840708345240705,1.2559595366503635,1.2559595366503635,1.1840708345240705,1.1614234790418352,1.1335546333012385,1.1840708345240705,1.1840708345240705,1.1614234790418352,1.1840708345240705,1.1335546333012385,1.2559595366503635,1.2559595366503635,1.2559595366503635,1.2559595366503635,1.257598879859734,1.1614234790418352,1.2559595366503635,1.2559595366503635,1.257598879859734,0.8709545053968073,0.8168560974927161,1.257598879859734,0.386191989978798,1.1335546333012385,1.1335546333012385,1.257598879859734,0.9178885558233782,0.7636075082151019,1.1840708345240705,1.2559595366503635,1.2559595366503635,1.1045927498827735,1.2559595366503635,1.2559595366503635,1.1335546333012385,1.1840708345240705,1.2559595366503635
1.0768442935188183,0.9160368996066217,1.1906793185889635,1.1906793185889635,1.1425323184419898,1.049776147107465,1.1425323184419898,0.7359762147570372,1.1425323184419898,1.1425323184419898,0.9160368996066217,1.049776147107465,1.0200064886760352,0.4545721769252684,1.1906793185889635,1.1425323184419898,0.875568600920051,1.1425323184419898,0.7359762147570372,1.049776147107465,1.1425323184419898,1.049776147107465,1.1425323184419898,0.17628317568574414,1.1961355139112557,0.17628317568574414,1.1906793185889635,1.049776147107465,1.1425323184419898,1.049776147107465,1.1961355139112557,1.1425323184419898,0.875568600920051,0.4545721769252684,1.049776147107465,1.049776147107465,0.17628317568574414,1.1425323184419898,0.7359762147570372,1.1906793185889635,0.7359762147570372,0.9160368996066217,1.049776147107465,1.1425323184419898,1.1961355139112557,1.1961355139112557,1.1425323184419898,1.1425323184419898,1.1961355139112557,1.1425323184419898,1.1906793185889635,1.1425323184419898,1.1906793185889635,0.9160368996066217,0.9160368996066217,0.875568600920051,0.7359762147570372,0.9160368996066217,0.7359762147570372,1.049776147107465,0.2492775460472776,1.1906793185889635,1.049776147107465
1.1470002691206878,0.992503365529414,0.9925028073461017,1.1470002691206878,0.992503365529414,0.9925028073461017,1.1470002691206878,0.6069086145718265,0.6069086145718265,1.147000529069513,1.147000529069513,0.9600459628713092,1.147000529069513,0.9600453731237908,0.9600453731237908,0.992503365529414,0.9249919650161704,0.5510825407852342,1.1677730680378235,1.147000529069513,1.1586849650519522,1.1470002691206878,-0.06820517640750734,1.147000529069513,0.9600453731237908,0.5510825407852342,1.1470002691206878,1.1586851746671858,1.147000529069513,1.1586849650519522,0.9600453731237908,0.9600453731237908,0.9600453731237908,0.992503365529414,1.147000529069513,0.9249919650161704,1.147000529069513,0.5510825407852342,1.1586851746671858,1.1677730680378235,0.9600453731237908,0.9600459628713092,1.147000529069513,0.9925028073461017,-0.06820517640750734,1.1586851746671858,0.9600453731237908,0.9249919650161704
1.0830094312608656,1.0215914036693956,1.1372336726334067,0.8709724522551427,1.1372336726334067,1.1372336726334067,1.0215914036693956,1.0215914036693956,0.2638320741647948,1.1372336726334067,0.9962934892734954,-0.015685326878748684,0.707167942420267,1.1372336726334067,0.9962934892734954,1.1372336726334067,0.8709724522551427,0.9059097552735758,0.8709724522551427,1.0830094312608656,0.9962934892734954,1.0986719436973333,1.1372336726334067,1.1372336726334067,0.9059097552735758,1.1372336726334067,0.2638320741647948,1.1372336726334067,1.0830094312608656,0.8709724522551427,-0.015685326878748684,1.1372336726334067,1.1372336726334067,1.1372336726334067,1.0986719436973333,1.1372336726334067,0.8709724522551427,0.9962934892734954,1.0986719436973333,0.9962934892734954,1.1372336726334067,1.1372336726334067
1.0759995060635368,1.0616423055507007,0.8647183490593346,1.1126725989172006,1.1087936209719857,1.017817446861195,-0.29783912564501824,0.6941134441151866,1.1087936209719857,1.0759995060635368,0.3319163338049842,1.0616423055507007,1.0450055135336804,0.9713102458771861,1.1126725989172006,0.8298443887009819,1.0616423055507007,0.8298443887009819,1.1126725989172006,1.0759995060635368,1.0616423055507007,1.0450055135336804,1.1087936209719857,0.8298443887009819,1.0759995060635368,1.0450055135336804,1.0759995060635368,0.6941134441151866,1.0759995060635368,-0.29783912564501824,0.9957034836360594,0.7367399708914422,0.8647183490593346,0.5218948664957836,1.0450055135336804,1.1126725989172006,0.4133917315059332,-1.1121530582692514,0.9713102458771861,1.0450055135336804,1.1142721137490954,1.0450055135336804,0.6941134441151866,0.9957034836360594,1.1087936209719857,0.9957034836360594,0.46878317015242743,0.2710583418720953,1.1126725989172006,1.0450055135336804,1.017817446861195,1.1126725989172006,0.9957034836360594,1.0450055135336804,1.0759995060635368,1.0450055135336804,1.0759995060635368,1.0450055135336804,1.0616423055507007
0.7242122893773635,0.34256280560497276,0.8281836567291494,0.1527978517009192,0.8281836567291494,0.8758939131994947,0.9051273761632259,0.8758939131994947,0.9079313105851143,0.34256280560497276,0.9051273761632259,-0.8038459303774911,0.7471070775176376,-0.03772221193580849,0.48673635529546977,0.8758939131994947,0.7471070775176376,0.8281836567291494,-0.09209200312197163,0.8281836567291494,0.8281836567291494,0.9079313105851143,0.9051273761632259,0.9051273761632259,0.8281836567291494,0.7471070775176376,0.8851920721455193,0.8758939131994947,0.6542593475560117,0.48673635529546977,0.8281836567291494,0.6542593475560117,0.9079313105851143,0.8281836567291494,0.9079313105851143,0.9051273761632259,0.8281836567291494,0.9051273761632259,0.8281836567291494,0.8851920721455193,0.8758939131994947,0.9051273761632259,0.8758939131994947,0.7471070775176376,0.7471070775176376,0.8281836567291494,0.8758939131994947,0.8281836567291494,0.8758939131994947,0.9051273761632259,0.9051273761632259,0.9051273761632259,0.8281836567291494,0.9051273761632259,0.1527978517009192,0.6542593475560117,0.8851920721455193,0.9079313105851143,0.8281836567291494,0.6256953122848083,0.8758939131994947,0.9079313105851143,0.8758939131994947,-0.5817444238462564,0.6256953122848083,0.7471070775176376,0.9051273761632259,0.6542593475560117,0.9079313105851143,0.8281836567291494,0.8281836567291494,0.7471070775176376,0.8281836567291494
1.0878308351665948,0.9704717653889978,0.9704717653889978,0.9704717653889978,0.9704717653889978,0.5486591352292474,0.6704330907102714,1.0878308351665948,1.0878308351665948,0.25438859097259625,0.9704717653889978,0.8705317923928653,0.8705317923928653,0.5486591352292474,1.0878308351665948,0.5486591352292474,0.9459189888412352,1.0878308351665948,0.8705317923928653,1.0646342002885947,0.25438859097259625,1.0808476205588204,0.900883302459804,0.25438859097259625,0.6704330907102714,0.9459189888412352,0.9704717653889978,0.6704330907102714,0.6704330907102714,1.0808476205588204,0.9704717653889978,0.9704717653889978,1.0878308351665948,0.7125555995976045,1.0878308351665948,1.0518518691976841,0.9704717653889978,0.9704717653889978,1.0518518691976841,0.9459189888412352,0.5486591352292474,0.25438859097259625,1.0878308351665948,0.6704330907102714,0.25438859097259625,0.086235447713636,0.9704717653889978,0.9704717653889978,1.0878308351665948,0.9459189888412352,0.9704717653889978,1.0646342002885947,0.900883302459804,0.9704717653889978,0.5486591352292474,0.9704717653889978,0.25438859097259625,0.9459189888412352,0.9704717653889978,0.9459189888412352,0.9459189888412352,1.0878308351665948,1.0878308351665948
0.991157575784595,0.991157575784595,0.9388209855374314,1.1596963579654478,1.1757981988361066,0.5622515669256847,1.1457566137289457,1.1596963579654478,1.1457566137289457,0.05668070736608777,1.1757981988361066,1.1596963579654478,1.1757981988361066,1.1757981988361066,1.1457566137289457,1.1757981988361066,0.991157575784595,0.991157575784595,0.973964722141234,1.0222745751149407,1.1757981988361066,1.1596963579654478,1.1596963579654478,1.1757981988361066,1.1596963579654478,1.1757981988361066,0.9388209855374314,1.1757981988361066,1.1596963579654478,1.1457566137289457,1.1457566137289457,1.1757981988361066,1.1757981988361066,1.1596963579654478,1.1457566137289457,0.9388209855374314,1.1457566137289457,0.9388209855374314,1.1457566137289457,1.1757981988361066,1.1757981988361066,1.1596963579654478,0.9388209855374314,1.1757981988361066,1.1757981988361066,1.0222745751149407,1.1457566137289457
0.9934009301453008,0.9360769992178442,1.1081509450337887,1.1081509450337887,0.9360769992178442,1.118890488904387,0.5596450041500427,0.9360769992178442,1.118890488904387,1.1272574812751144,0.9659138726000016,0.9038120328553194,0.6599794361534603,1.1081509450337887,0.9659138726000016,1.1272574812751144,1.1081509450337887,0.20109222324319798,1.1272574812751144,0.5596450041500427,-1.2818690896527416,0.9659138726000016,1.118890488904387,1.1081509450337887,0.9934009301453008,1.1081509450337887,0.6599794361534603,1.1081509450337887,1.118890488904387,0.9934009301453008,1.118890488904387,1.1272574812751144,1.0950071919804754,0.6599794361534603,0.9659138726000016,1.1081509450337887,0.9659138726000016,1.0950071919804754,1.1081509450337887,0.6599794361534603,1.1272574812751144,0.9659138726000016,0.5596450041500427,0.9360769992178442,0.6599794361534603,1.118890488904387,0.5596450041500427,1.1081509450337887,1.1081509450337887,1.1081509450337887,1.118890488904387,1.1081509450337887,1.1081509450337887,0.9038120328553194,0.6599794361534603,1.1081509450337887,0.9659138726000016,0.6599794361534603,0.6110316584068114,1.1081509450337887,1.1272574812751144,1.118890488904387,1.1081509450337887,1.118890488904387,0.9659138726000016,0.9659138726000016,1.1081509450337887,0.9360769992178442,1.1081509450337887,1.1081509450337887,1.1272574812751144,0.9360769992178442,0.6599794361534603,1.1081509450337887,0.9659138726000016,1.1272574812751144,0.9659138726000016,0.6599794361534603
0.7935517637886564,0.7734348372078277,0.8993402558977304,0.816543435998873,0.5235094859060343,0.816543435998873,0.8993402558977304,0.7935517637886564,0.9070261138899738,0.5573979335414547,-0.0991562770790102,0.7734348372078277,-1.450337897465886,0.5973653778090717,0.8914799969152938,0.5973653778090717,-0.0991562770790102,0.9070261138899738,0.5973653778090717,0.8914799969152938,0.9070261138899738,0.8914799969152938,0.8914799969152938,0.8993402558977304,0.8914799969152938,0.9070261138899738,0.5573979335414547,0.8914799969152938,0.5573979335414547,0.8993402558977304,0.9070261138899738,0.8914799969152938,0.7935517637886564,0.816543435998873,0.9070261138899738,0.9070261138899738,0.9070261138899738,0.1973905793080879,0.8993402558977304,-0.6634580938763157,0.8993402558977304,0.5235094859060343,0.8914799969152938,0.298194365745279,0.816543435998873,0.8914799969152938,0.1973905793080879,-3.913247601909542,0.7734348372078277,0.8914799969152938,0.9010853894829238,0.816543435998873,-2.0677038035324458,0.816543435998873,0.816543435998873,0.7734348372078277,0.298194365745279,0.9070261138899738,0.798328530728722,0.8914799969152938,0.7935517637886564,0.816543435998873,0.9070261138899738,-0.7476754489365319,0.8993402558977304,0.5973653778090717,0.9070261138899738,0.9070261138899738,0.7734348372078277,0.9070261138899738,0.8914799969152938
-0.3791313959036495,0.15666778317085117,0.8990988523523871,0.5662892392678058,1.0177001312311773,0.8762677532445624,1.0329009078557863,0.8762677532445624,0.6460149599350234,1.0259246541649756,0.6055014514249548,0.8743683202299104,1.0259246541649756,0.21036576777775917,0.8990988523523871,0.6055014514249548,0.8762677532445624,1.0177001312311773,1.0177001312311773,1.0259246541649756,1.0329009078557863,1.0177001312311773,1.026503812968887,0.6055014514249548,1.026503812968887,0.21036576777775917,0.8762677532445624,-5.419861421780272,0.8762677532445624,0.6460149599350234,0.8990988523523871,1.0259246541649756,0.09659281662105235,0.8990988523523871,0.8990988523523871,-1.2262855974254396,-0.4549771376268057,1.0259246541649756,0.8762677532445624,1.0177001312311773,0.6460149599350234,0.8990988523523871,0.21036576777775917,1.0259246541649756,0.6055014514249548,-1.1327010399071618,0.09659281662105235,0.5662892392678058,0.8990988523523871,1.0177001312311773,0.8990988523523871,0.8990988523523871,0.8990988523523871,0.6086190747332485,1.0177001312311773,1.0177001312311773,0.8762677532445624,0.21036576777775917
0.88664114444418,0.23427514971128494,0.88664114444418,0.8509549111713743,1.1288184321836874,1.1288184321836874,1.1336308939047588,1.086368866937273,0.8509549111713743,1.086368866937273,0.42257596302424827,1.0045573104040715,0.2986436971847417,1.0045573104040715,1.086368866937273,1.1336308939047588,0.88664114444418,0.9783045163627881,1.086368866937273,1.1288184321836874,1.1288184321836874,0.8509549111713743,1.086368866937273,1.0045573104040715,1.1288184321836874,0.479702771156725,1.0697408801117116,0.6825213120634817,1.0045573104040715,0.6825213120634817,1.0045573104040715,0.479702771156725,-0.04401575843872019,0.6825213120634817,1.0697408801117116,1.0045573104040715,1.0045573104040715,0.479702771156725,1.1336308939047588,0.8509549111713743,1.086368866937273,1.086368866937273,1.1336308939047588,0.479702771156725,1.1288184321836874,0.6825213120634817
1.1686841246749706,0.7415341485757112,1.2546928727754034,1.1204230978601546,1.2546928727754034,0.8408942939822348,1.2546928727754034,1.2518539818810905,1.1686841246749706,0.7957128658186505,1.1686841246749706,1.1204230978601546,1.2546928727754034,1.1474219291555634,1.2546928727754034,0.8408942939822348,1.2546928727754034,1.1686841246749706,1.1686841246749706,1.2546928727754034,1.1686841246749706,1.1474219291555634,1.1686841246749706,0.7957128658186505,1.1686841246749706,1.1204230978601546,1.2546928727754034,1.1686841246749706,1.1686841246749706,0.8408942939822348,0.7957128658186505,1.1474219291555634,1.1686841246749706,1.1443430383267572,1.1204230978601546,1.2518539818810905,1.1474219291555634
1.1023221337916551,1.0755839096167057,0.9597017223219704,1.0955055947497012,0.6794134929550795,0.8728061289476172,0.5390541225081016,1.0755839096167057,0.5390541225081016,0.9597017223219704,0.9597017223219704,0.9597017223219704,1.1023221337916551,1.1023221337916551,0.5390541225081016,0.5390541225081016,1.0755839096167057,0.9597017223219704,0.6794134929550795,0.9845786509975485,1.0620828967893585,1.0955055947497012,1.0755839096167057,1.0755839096167057,1.1023221337916551,0.9597017223219704,0.5390541225081016
1.1984876264496032,0.9791872486006321,0.9791872486006321,1.1837864982163842,1.1984876264496032,1.1984876264496032,0.59432242544383,0.9791872486006321,1.1860379131290928,1.1966865076291981,1.1837864982163842,0.6037815490424043,1.1966865076291981,1.1984876264496032,0.9850416090552128,1.1860379131290928,0.9791872486006321,1.1984876264496032,1.1966865076291981,1.1966865076291981,1.014620417621538,1.1860379131290928,1.1984876264496032,0.9850416090552128,1.1837864982163842,1.1984876264496032,1.0200243334159331,1.1966865076291981,0.9850416090552128,0.9791872486006321,1.1837864982163842,1.1966865076291981,1.1984876264496032,1.1984876264496032,1.1966865076291981,1.1984876264496032,1.1966865076291981,1.0200243334159331,1.1837864982163842,0.9850416090552128,1.1860379131290928,1.1984876264496032,1.1984876264496032,1.1966865076291981,0.59432242544383,1.014620417621538,0.9850416090552128,0.9850416090552128,1.1966865076291981,1.1966865076291981,1.1984876264496032,1.1984876264496032,0.9850416090552128,0.04225833962182457,1.1966865076291981,1.1966865076291981
0.99772040224709,0.99772040224709,1.2008548859723343,1.211774859374041,1.2081729592008639,1.2008548859723343,0.6373612515935692,1.211774859374041,1.2081729592008639,1.1962238716928733,1.2008548859723343,1.2008548859723343,1.1962238716928733,1.2008548859723343,1.2081729592008639,0.99772040224709,1.0105843199915028,1.211774859374041,1.0105843199915028,0.6162644609054448,0.99772040224709,0.6162644609054448,0.5557186230528024,0.99772040224709,1.1962238716928733,-1.8391295555099496,1.2081729592008639,0.6162644609054448,-0.03155883725612907,1.2008548859723343,0.6373612515935692,1.2008548859723343,1.2081729592008639,1.0105843199915028,1.211774859374041,1.2008548859723343,0.99772040224709,0.9739366516148533,1.2008548859723343,1.2008548859723343,1.211774859374041,1.0105843199915028,1.2008548859723343,0.6162644609054448,1.0105843199915028,1.2008548859723343,0.5778445197400122,1.1962238716928733,1.1962238716928733,1.211774859374041,0.99772040224709,0.5778445197400122,1.0105843199915028,1.211774859374041,0.5778445197400122,0.5557186230528024,1.0105843199915028
0.34281970743316215,0.8389452157136001,-1.6701574252391658,0.8318172933144916,0.8503375224401934,0.8318172933144916,0.5977825233981277,0.765950040902755,0.765950040902755,0.8318172933144916,0.765950040902755,0.8464608498359328,0.5016430291486128,0.8318172933144916,0.8503375224401934,-2.017833950226068,0.8318172933144916,0.47003336044614075,0.8318172933144916,0.21145985018728541,-0.48048265531927203,0.765950040902755,0.765950040902755,0.8318172933144916,0.8503375224401934,0.7254477443623816,0.7808199597718687,0.8318172933144916,0.30490820298494514,0.34281970743316215,0.765950040902755,0.34281970743316215,0.5977825233981277,0.6235724199547529,-0.16286817692712607,0.8318172933144916,0.8464608498359328,0.7808199597718687,0.765950040902755,0.765950040902755,0.5977825233981277,0.7060032935272529,0.7254477443623816,0.8318172933144916,0.8503375224401934,0.8503375224401934,0.7497098542034314,0.765950040902755,0.8318172933144916,0.8318172933144916,0.8318172933144916,0.5977825233981277,0.34281970743316215,0.7808199597718687,0.8389452157136001,0.8503375224401934,0.8318172933144916,0.8318172933144916,0.5319111291070183,0.47003336044614075,0.8318172933144916,0.8318172933144916,0.5016430291486128,0.5319111291070183,0.8233160911607796,0.8503375224401934
1.184337310180957,1.1405360727314748,1.1901620170370182,1.0415138224790033,1.184337310180957,1.1405360727314748,1.1901620170370182,1.0415138224790033,0.8802379244447089,1.184337310180957,0.8802379244447089,-0.20208208519852655,1.1405360727314748,1.184337310180957,1.1901620170370182,1.1405360727314748,0.7276190931883157,1.1901620170370182,1.1901620170370182,1.1405360727314748,0.9198508053627099,1.0415138224790033,1.0687221354805334,0.5281143211955357,1.1405360727314748,1.1405360727314748,1.184337310180957,1.184337310180957,1.184337310180957,1.184337310180957,1.1901620170370182,1.0415138224790033,0.9198508053627099,0.1700000847601797,1.1901620170370182,0.46712068862079836,1.1405360727314748,1.122305070273823,-0.872222694153763,1.0415138224790033,1.184337310180957,1.1901620170370182,1.1901620170370182,1.184337310180957,1.1405360727314748
0.5331680076659144,1.0065388437799532,0.6741882561183312,0.5331680076659144,1.0065388437799532,0.3094012086916462,1.033365633001972,0.8264772003925583,0.8264772003925583,0.8264772003925583,1.033365633001972,1.027903963456033,1.0065388437799532,0.8543220618932508,1.033365633001972,0.8264772003925583,-0.18060466673075726,0.6741882561183312,1.033365633001972,0.9943695721793078,1.033365633001972,0.8264772003925583,0.9348333197323802,-0.25065697706603385,0.9137042679146585,0.9137042679146585,0.6741882561183312,0.71097951213527,0.9137042679146585,0.9943695721793078,1.033365633001972,1.0065388437799532,0.9348333197323802,1.033365633001972,1.027903963456033,0.9943695721793078,1.0065388437799532,1.0065388437799532,1.033365633001972,0.9137042679146585,0.9943695721793078,1.0065388437799532,1.033365633001972,1.033365633001972,0.6741882561183312,0.6741882561183312,1.0065388437799532,0.9137042679146585,0.9943695721793078,0.9943695721793078,-0.25065697706603385,0.3094012086916462,1.0065388437799532,0.6741882561183312,1.033365633001972,1.033365633001972
0.6984631582100167,1.0544648118712325,1.0544648118712325,0.9940645452789394,1.1035987590505951,0.6984631582100167,1.1035987590505951,0.9702332380503766,0.6984631582100167,-0.6865445675686799,1.1035987590505951,1.0544648118712325,1.0544648118712325,0.8576018252163631,0.9702332380503766,0.9940645452789394,1.0544648118712325,0.8576018252163631,0.46382653008218977,1.1035987590505951,1.0544648118712325,1.0689357256493337,-0.03932035936153033,0.8900935503801002,1.1035987590505951,1.1035987590505951,1.0977930732765755,1.0977930732765755,1.0689357256493337,1.0811538323925196,1.0689357256493337,0.654351798227,0.5670965363052121,0.8900935503801002,0.9702332380503766,-0.44030435792043354,1.1035987590505951,0.9441486378800596,0.6984631582100167,0.9702332380503766,1.0689357256493337,1.1035987590505951,1.0977930732765755,1.0811538323925196,0.9702332380503766,0.9702332380503766,0.9702332380503766,0.654351798227,1.0977930732765755,1.0977930732765755,0.654351798227,0.9702332380503766
0.5182303958468999,0.23927568484256967,1.1097403086868685,1.143406758760668,1.1097403086868685,0.7409371983108985,1.147762596948678,1.1097403086868685,1.143406758760668,1.143406758760668,0.5182303958468999,1.0204720609175768,1.1097403086868685,1.1097403086868685,1.1366040275199838,0.994094253446931,0.69498444391571,1.1097403086868685,1.143406758760668,0.69498444391571,0.17130128397292732,0.8474355311243487,1.0204720609175768,1.1097403086868685,-0.08121250151220694,1.0204720609175768,1.147762596948678,1.0204720609175768,0.7409371983108985,0.884677135265173,1.1097403086868685,1.1097403086868685,1.1366040275199838,0.8474355311243487,0.994094253446931,0.884677135265173,0.23927568484256967,0.994094253446931,0.884677135265173,1.1097403086868685,1.143406758760668,1.0945209387878676,1.0204720609175768,1.1097403086868685,0.884677135265173,-0.4605798809440149,-1.358627682352617,0.4614133736231065,1.143406758760668,1.0204720609175768,0.994094253446931,0.884677135265173,0.884677135265173,1.143406758760668,0.69498444391571,1.143406758760668,1.1097403086868685,0.69498444391571
0.9194830439999089,0.13658941263559354,0.9014802283081764,0.9014802283081764,0.572428352797135,0.9014802283081764,1.0648097181139693,1.0648097181139693,1.0648097181139693,0.572428352797135,0.6469189717877085,0.9014802283081764,1.0570964129196971,1.0506122569708665,0.9440646883278987,0.6469189717877085,0.6883698314365978,1.0648097181139693,0.8733515557190801,0.6883698314365978,0.9194830439999089,0.9014802283081764,0.23939750994833975,0.8733515557190801,0.9194830439999089,1.0648097181139693,1.0506122569708665,0.13658941263559354,0.572428352797135,0.8733515557190801,1.0506122569708665,0.572428352797135,0.9440646883278987,1.0648097181139693,1.0648097181139693,-4.364610294465006,0.8733515557190801,0.9014802283081764,-0.5149836106342129,0.572428352797135,1.0648097181139693,1.0648097181139693,1.0506122569708665,0.9014802283081764,0.13658941263559354,0.6033594021972954,0.8733515557190801,0.9194830439999089,0.8733515557190801,-1.237485105090749,0.9014802283081764,1.0506122569708665,1.0506122569708665,0.9194830439999089,1.0506122569708665,0.572428352797135,1.0506122569708665,0.9194830439999089,1.0648097181139693,0.23939750994833975,0.9014802283081764,0.9014802283081764,0.9440646883278987,0.572428352797135,0.9440646883278987,1.0506122569708665,1.0648097181139693,-0.5149836106342129,0.8733515557190801,1.0506122569708665,1.0506122569708665,0.9194830439999089,0.9194830439999089,0.6469189717877085,0.6469189717877085,0.17896782492636587,0.9194830439999089,0.572428352797135,-0.3803879849534334,0.572428352797135,0.9440646883278987,0.9014802283081764,1.0506122569708665,1.0506122569708665,1.039349818596332,0.8733515557190801,1.0506122569708665,1.0506122569708665,0.07262376463723141,1.039349818596332,0.9440646883278987,0.9194830439999089,0.13658941263559354,-1.237485105090749
1.1163813975526258,1.274584933340852,1.274584933340852,1.1163813975526258,1.274584933340852,1.2085603217630583,1.1163813975526258,1.2286547455329813,1.274584933340852,0.9329797469804999,1.2085603217630583,1.274584933340852,1.2085603217630583,1.274584933340852,1.2286547455329813,1.274584933340852,1.274584933340852,1.2085603217630583,0.9329797469804999,1.1163813975526258,1.1163813975526258,0.9329797469804999,0.9329797469804999,1.1163813975526258,1.274584933340852,-1.2439143620271857,1.2085603217630583,1.1163813975526258,1.2286547455329813,1.274584933340852,1.274584933340852,0.4532655431511836,1.2286547455329813,0.9329797469804999,1.2286547455329813,1.1163813975526258,1.0822528010425363,0.9329797469804999
1.1061233974583187,0.7835849289322312,1.1049154287422003,1.0350623813977688,0.8204956531380023,1.0145242448066198,0.78061312187129,0.40758309724313646,0.40758309724313646,1.0145242448066198,0.8204956531380023,1.1049154287422003,1.1049154287422003,1.1061233974583187,0.78061312187129,0.28639020102378265,1.0145242448066198,1.1049154287422003,0.7412826818600744,1.0145242448066198,0.8204956531380023,1.0145242448066198,1.1049154287422003,1.0145242448066198,-0.27046204134799856,1.1049154287422003,0.46243057655815467,-0.19300588638344918,0.46243057655815467,1.0145242448066198,1.1049154287422003,0.34590447389574,1.0145242448066198,1.1061233974583187,0.40758309724313646,1.1049154287422003,0.9931342285527245,1.0350623813977688,1.1061233974583187,0.40758309724313646,0.8204956531380023,1.0350623813977688,1.1061233974583187,0.28639020102378265,0.9931342285527245,0.7412826818600744,0.7412826818600744,1.1049154287422003,1.0350623813977688,1.0350623813977688,1.051793123485666,1.0350623813977688,0.7835849289322312,1.1049154287422003,1.0145242448066198,0.78061312187129
1.159934781691786,1.169572467139654,1.152558970146739,0.9887159406213493,1.159934781691786,0.9334313921008812,0.021071744990806662,1.152558970146739,1.152558970146739,0.5960915925050418,1.169572467139654
0.6096519352588108,0.881163787407748,0.20540717911860884,1.039965309767734,0.9041636967621554,0.9272572185877812,0.20540717911860884,0.881163787407748,1.0246012279504568,1.039965309767734,1.0246012279504568,0.6062726334031134,0.8542288954210056,0.6096519352588108,1.0328807195645693,0.21006475116955636,1.0328807195645693,0.9041636967621554,1.033525726944687,1.039965309767734,0.647375994176874,1.0328807195645693,0.647375994176874,1.0246012279504568,1.0328807195645693,0.1511110156943518,0.881163787407748,0.881163787407748,0.6062726334031134,0.9041636967621554,1.0246012279504568,-0.3925618521572707,1.039965309767734,1.039965309767734,1.0246012279504568,0.881163787407748,0.6096519352588108,1.0328807195645693,0.6096519352588108,1.0328807195645693,0.881163787407748,1.033525726944687,0.9041636967621554,-0.3175985528666454,1.0246012279504568,0.9041636967621554,0.9041636967621554,0.1511110156943518,0.26251908119419953,0.881163787407748,0.6096519352588108,0.9041636967621554,1.039965309767734,1.0246012279504568,0.647375994176874,1.039965309767734,1.0328807195645693,-1.9731224835291492,0.8542288954210056,0.9041636967621554,0.9041636967621554,1.0328807195645693,0.6096519352588108,1.039965309767734,0.9041636967621554,1.0328807195645693,1.0246012279504568,1.0328807195645693,0.566707674394781,0.6062726334031134,0.6096519352588108,0.9041636967621554,0.881163787407748,0.9272572185877812,0.26251908119419953,0.647375994176874,0.881163787407748,1.0246012279504568,0.6096519352588108,0.9041636967621554
1.2104109902991396,1.2104109902991396,1.2104109902991396,0.7610577359745168,1.2104109902991396,1.2104109902991396,1.1241307839150279,1.144800308056786,1.2104109902991396,0.41660226282432533,0.7610577359745168,0.8590291225956292,1.0986962463231076,1.2104109902991396,1.0986962463231076,0.8590291225956292,1.1241307839150279,1.2104109902991396,1.0722637042471426,1.2104109902991396,0.8590291225956292,-0.20314968143980838,1.1241307839150279,-1.1123293613381526,1.144800308056786
1.2724367484161867,1.2724367484161867,1.1333280571167905,1.2724367484161867,1.1879508892924806,1.2756498561337855,1.2724367484161867,1.1333280571167905,1.2099386323236456,1.2724367484161867,1.2099386323236456,1.2724367484161867,1.1333280571167905,1.2724367484161867,1.2724367484161867,0.8483064182624107,1.2724367484161867,1.1879508892924806,0.7358476396022111,1.1333280571167905,1.2724367484161867,0.8986451179756887,1.1333280571167905,1.1333280571167905,1.2756498561337855,1.1879508892924806,1.1879508892924806,1.1333280571167905,1.1879508892924806,1.2099386323236456,1.1879508892924806,1.2724367484161867
0.9690503486468085,1.1585612390227977,1.1585612390227977,0.9690503486468085,0.9635356324054345,1.1564407166682404,1.1686032817992402,0.6095786657281885,0.9635356324054345,1.1702996735664413,0.9635356324054345,1.1564407166682404,1.1585612390227977,1.1702996735664413,0.5526943969455036,1.0020339651193095,0.9635356324054345,1.1686032817992402,1.1702996735664413,0.9635356324054345,1.1564407166682404,1.1686032817992402,1.1585612390227977,1.1686032817992402,1.1686032817992402,0.9635356324054345,0.9690503486468085,1.1702996735664413,1.1702996735664413,1.1564407166682404,1.1702996735664413,1.1585612390227977,1.1686032817992402,1.1702996735664413,1.1686032817992402,1.1702996735664413,1.1686032817992402,1.1686032817992402,1.0020339651193095,0.9690503486468085,1.1585612390227977,1.0020339651193095,0.9969436754749679,1.1686032817992402,1.1702996735664413,0.9969436754749679,0.9635356324054345,1.1702996735664413,1.1702996735664413,0.9635356324054345,1.1686032817992402,1.1686032817992402,1.1686032817992402,1.1702996735664413,1.1686032817992402,1.1702996735664413,1.0020339651193095,0.6095786657281885,1.1702996735664413,0.9690503486468085,1.1702996735664413,1.1564407166682404,1.1564407166682404
0.9219835328281524,0.3409095849464303,1.0307105085188855,0.8073530135739212,1.0307105085188855,0.3409095849464303,0.8073530135739212,1.0307105085188855,0.8360147623623235,0.9954509476692481,0.9418219731490068,1.0330930880978932,1.0307105085188855,1.0330930880978932,1.0307105085188855,-0.8199105410445096,0.9823128163995924,0.5081956409184654,0.8360147623623235,1.0307105085188855,0.9954509476692481,0.9823128163995924,0.776750665979405,0.9823128163995924,1.0307105085188855,1.0307105085188855,0.8073530135739212,0.9418219731490068,1.0307105085188855,1.0307105085188855,0.9418219731490068,1.0307105085188855,0.9823128163995924,0.6934743475253178,1.0307105085188855,0.728823386357148,0.5081956409184654,0.9418219731490068,0.5081956409184654,0.8073530135739212,0.9954509476692481,0.9954509476692481,0.5081956409184654,0.3409095849464303,1.0330930880978932,0.3409095849464303,1.0307105085188855,1.0330930880978932,0.9954509476692481,0.08483185671367632,0.5081956409184654,0.9823128163995924,0.9418219731490068,0.9954509476692481,0.8073530135739212,0.9954509476692481,1.0307105085188855,0.9418219731490068,-0.1356516367999212
0.9714867164596841,1.1323776330578523,1.1193085428083283,0.9405335092386542,1.1305909967992318,-1.539480779173151,1.1305909967992318,1.1323776330578523,1.1215472517127354,1.1305909967992318,1.1323776330578523,1.1323776330578523,1.1215472517127354,1.1305909967992318,1.1323776330578523,0.9465789349191327,1.1323776330578523,0.9405335092386542,1.1323776330578523,1.1323776330578523,0.9465789349191327,0.9465789349191327,1.1193085428083283,0.9465789349191327,1.1193085428083283,1.1193085428083283,0.9465789349191327,1.1215472517127354,1.1305909967992318,0.03830234745825123,1.1193085428083283,1.1215472517127354,0.9405335092386542,0.9405335092386542,1.1305909967992318,0.6043999221390866,1.1323776330578523,1.1193085428083283,0.9465789349191327,0.9405335092386542,0.9714867164596841,1.1305909967992318,1.1215472517127354,1.1323776330578523,0.9405335092386542,1.1323776330578523,0.9465789349191327,0.9714867164596841,0.9405335092386542,0.5513230302491399,0.6148478851010728
1.1140366238639328,1.1329595593340378,0.14686664536267546,0.6286032959649615,1.1140366238639328,1.1140366238639328,1.1140366238639328,1.1259146033403589,0.9835961708500873,1.1329595593340378,0.9835961708500873,0.9835961708500873,1.1329595593340378,1.1329595593340378,0.931034823669277,1.1140366238639328,1.1140366238639328,1.1140366238639328,1.1329595593340378,0.9835961708500873,1.1329595593340378,0.9835961708500873,1.1259146033403589,0.931034823669277,0.9835961708500873,0.9835961708500873
1.2209248792673006,1.159715953323098,1.1779473069402684,0.09754941612654833,1.08101681222914,1.2209248792673006,1.2209248792673006,1.1779473069402684,1.0506691692529517,0.9520838938965456,1.159715953323098,1.0506691692529517,1.213437924630902,1.1779473069402684,1.08101681222914,1.1779473069402684,1.1779473069402684,1.1779473069402684,0.9109917984560492,1.08101681222914,1.1779473069402684,1.0506691692529517,1.213437924630902,1.08101681222914,1.2209248792673006,0.9109917984560492,1.0506691692529517,1.2209248792673006,1.2209248792673006,1.08101681222914,1.0506691692529517,0.6489491835708486,1.08101681222914,1.08101681222914,1.1779473069402684,1.0506691692529517,0.7050150591845072,1.2209248792673006,0.4793816345272556,1.1779473069402684,0.9109917984560492,1.1779473069402684,1.2209248792673006,1.2209248792673006,1.1779473069402684,1.159715953323098,1.1779473069402684,1.2209248792673006,0.9520838938965456,1.2209248792673006,1.213437924630902,1.1779473069402684,1.2209248792673006,1.2209248792673006
1.117386057858358,1.117386057858358,1.1107446760748647,1.2145762330362848,1.2141855235384256,0.2988027556941928,1.2141855235384256,1.2145762330362848,1.2145762330362848,1.1107446760748647,1.117386057858358,1.117386057858358,0.8418556613806658,1.0926977628615917,1.117386057858358,1.1334276102393805,1.2145762330362848,1.1334276102393805,0.2988027556941928,1.2141855235384256,1.2145762330362848,1.2145762330362848,0.3187105438874609,0.3187105438874609,1.2145762330362848,1.117386057858358
0.9898121953191601,0.9898121953191601,0.8665035501408397,-0.30128668607808284,0.9898121953191601,0.9764957431942108,0.9666966472685353,-0.2443275263744118,0.1892340829724538,0.8232286882160087,0.8232286882160087,0.9833421308006357,0.8665035501408397,0.8665035501408397,0.8874354563566668,0.8665035501408397,0.6339687186226813,0.9764957431942108,0.6339687186226813,0.9898121953191601,0.6339687186226813,0.9833421308006357,0.9833421308006357,0.8232286882160087,0.6339687186226813
0.9057917092072756,0.8786986005346054,1.0561803020192606,0.8786986005346054,0.6321909662451517,1.0475958109616665,0.16209391984298138,1.0475958109616665,1.0561803020192606,1.0475958109616665,1.0561803020192606,1.0475958109616665,1.0475958109616665,0.9066229612673221,1.0561803020192606,0.9057917092072756,1.0561803020192606,0.9066229612673221,0.5870110844420786,0.8786986005346054,0.5870110844420786,1.0475958109616665,1.0561803020192606,1.0478872103397263,0.6321909662451517,1.0475958109616665
0.9218021336801426,1.2211281805832641,1.2211281805832641,1.075215482801905,1.1835072709141086,1.2211281805832641,1.2211281805832641,1.1835072709141086,1.075215482801905,0.9623514623648048,1.0440717623870992,1.1835072709141086,1.2211281805832641,1.1658998835152001,1.1835072709141086,0.1557693554390467,0.9218021336801426,1.1658998835152001,1.2211281805832641,1.2211281805832641,1.1658998835152001,-0.56367492768653,1.1658998835152001,1.1835072709141086,1.1658998835152001,1.2211281805832641,1.2211281805832641,1.1658998835152001,1.1658998835152001,0.9218021336801426,0.42780916902245014,1.1835072709141086,1.2264625898066912,0.9218021336801426,0.9218021336801426,0.9218021336801426,0.7457707069056827,1.1835072709141086,1.2211281805832641,1.2211281805832641,1.2264625898066912,1.1658998835152001,1.2211281805832641,1.1658998835152001,1.1835072709141086,0.9218021336801426,1.1835072709141086,1.1658998835152001,1.075215482801905,1.075215482801905,1.1658998835152001,1.2211281805832641,0.9218021336801426,1.1658998835152001,1.1835072709141086,1.1658998835152001
0.9105706595758774,0.45614732411438796,0.06044954674118519,0.8420438959795258,0.7047231318609002,0.06044954674118519,0.3772970345912059,0.8420438959795258,0.72896847102571,0.9105706595758774,0.6779610354832928,0.006862380652880917,0.8562080616345431,0.3772970345912059,0.8683168157285888,0.8683168157285888,0.4167733466292731,0.8557267371341124,0.7047231318609002,0.9105706595758774,0.8562080616345431,0.7047231318609002,0.8683168157285888,-0.46068430088582035,0.9090252707663016
1.1944634227392879,1.1944634227392879,1.1944634227392879,0.6906304711747959,1.0516276888522167,1.1944634227392879,1.2246054306883556,1.0516276888522167,1.2330075315051432,1.2330075315051432,1.1944634227392879,1.1944634227392879,1.1944634227392879,0.9263594007035346,1.1944634227392879,1.2330075315051432,1.2330075315051432,0.4882741933492605,1.0516276888522167,1.0516276888522167,0.9263594007035346,1.1944634227392879,1.1944634227392879,1.2330075315051432,0.6906304711747959
0.39941807301103904,1.05637927287035,0.3700189095466997,1.1503077010184115,1.1503077010184115,1.05637927287035,1.0672074155054523,1.0672074155054523,0.806295059693328,1.1503077010184115,1.0672074155054523,0.8273145130019848,1.1496707527342054,1.05637927287035,1.0672074155054523,1.1496707527342054,1.0766153095313655,0.806295059693328,1.0672074155054523,1.045795397600878,1.1503077010184115,1.1496707527342054,1.1503077010184115,1.0672074155054523,1.1503077010184115,1.0672074155054523,1.05637927287035,1.1496707527342054,1.1496707527342054,1.1503077010184115,1.05637927287035,1.0672074155054523,1.1496707527342054,0.806295059693328,1.05637927287035,1.1503077010184115,1.0672074155054523,1.0766153095313655,1.1503077010184115,0.806295059693328
0.69397777927553,1.0862552086412707,0.9044802130347531,1.1190344787369249,0.9044802130347531,0.6480218990706075,0.9044802130347531,0.8712820796891443,1.0862552086412707,0.9778146283789888,0.9778146283789888,1.1190344787369249,0.9778146283789888,0.5218869663040757,0.69397777927553,0.5218869663040757,1.0985008223981303,1.1190344787369249,0.69397777927553,1.0862552086412707,-0.6238899823156263,1.0862552086412707,0.9778146283789888,1.0862552086412707,0.5218869663040757,0.6480218990706075,0.69397777927553,0.9044802130347531,1.0862552086412707,0.9778146283789888,0.6480218990706075,1.0862552086412707,1.1126556225024047,1.1190344787369249,0.5737095533286771,0.6480218990706075,0.69397777927553,1.0862552086412707,0.9778146283789888,0.9778146283789888
1.158936711481379,1.1297473106900147,0.9383870894918521,0.6825083466225357,1.158936711481379,0.9030644053980963,0.9383870894918521,0.9383870894918521,1.1297473106900147,0.9979305088567881,1.1297473106900147,0.6825083466225357,1.1511827718028336,0.9383870894918521,0.9979305088567881,0.5848556366836659,1.158936711481379,0.9030644053980963,1.1511827718028336,0.6316780278491669,-0.006713041865941793,0.9979305088567881,0.9979305088567881,1.1297473106900147,1.158936711481379,0.9979305088567881,1.1297473106900147,0.9979305088567881,1.1422646939425338,0.6825083466225357,0.5292615204305627,0.9383870894918521,0.9383870894918521,1.1511827718028336,1.1297473106900147,1.1422646939425338,0.9383870894918521,1.158936711481379,-0.006713041865941793,1.1422646939425338,1.1297473106900147,1.158936711481379,-0.7048596627706807,1.1297473106900147,0.20491674102504565,0.9979305088567881,0.5848556366836659,1.1511827718028336,0.5292615204305627,1.1511827718028336,1.1297473106900147
0.08593714677895692,0.6278662713873251,0.013012021886608993,0.08593714677895692,0.7623206846203661,0.4276220783572501,0.8108161876179067,0.6347296931081383,0.7623206846203661,0.7623206846203661,-0.8148856653020347,0.7623206846203661,0.7726786428427405,-0.3462691422376274,0.6347296931081383,0.417553375591345,0.7623206846203661,0.8108161876179067,0.6347296931081383,-0.27650380978232125,-0.751963221920265,0.7726786428427405,-0.8148856653020347,-0.2932792864977114,0.6278662713873251,0.8108161876179067
0.44171526715664067,0.5921621606719993,0.6147125731397736,-0.2533012248330817,0.021508279342793313,0.807520424986663,0.762164350313332,0.5921621606719993,0.44171526715664067,0.44171526715664067,0.807520424986663,0.7507247594508699,0.06481661613235268,0.6441110201850289,0.44171526715664067,0.8090319515804716,0.7847621197182304,0.6441110201850289,-2.0779851114917367,0.44171526715664067,0.7666134076635409,0.44171526715664067,0.4107990887739068,0.7763112612469061,0.7763112612469061,0.807520424986663,-1.3065644877386036,0.11857958805712543,0.7763112612469061,0.6441110201850289,0.7847621197182304,0.5921621606719993,0.6441110201850289,0.6441110201850289,0.11857958805712543,0.44171526715664067,0.6441110201850289,0.8090319515804716,0.44171526715664067,0.7763112612469061,0.6441110201850289,0.4107990887739068,0.7507247594508699,0.7507247594508699,0.06481661613235268,0.7380472729248657,0.44171526715664067,0.6441110201850289,0.4713836163859466,0.7666134076635409,0.8090319515804716,0.7507247594508699,0.4713836163859466,0.7763112612469061
1.0631361624620075,0.8038003138545458,1.1327859119352592,1.1327859119352592,1.06952708148082,0.41240924560643055,1.132359840273605,0.8420783828412095,0.4332813001793441,0.41240924560643055,1.0301612408934642,0.8178590127053891,0.4332813001793441,1.043784054248939,1.0510270453195747,1.1327859119352592,1.1327859119352592,0.8038003138545458,1.0510270453195747,1.132359840273605,1.0220661967026115,0.8038003138545458,1.132359840273605,0.7780670256571374,1.0631361624620075,1.0631361624620075,1.0510270453195747,0.7780670256571374,1.0510270453195747,1.0631361624620075,1.0510270453195747,1.043784054248939,1.043784054248939,1.043784054248939,1.1327859119352592,1.0510270453195747,1.0510270453195747,-0.26036142756907354,1.043784054248939,0.8038003138545458,1.1327859119352592,1.1327859119352592,1.1327859119352592,1.06952708148082,1.0510270453195747,1.132359840273605,1.0510270453195747,1.0510270453195747,0.8038003138545458,1.0510270453195747,1.1327859119352592,1.0631361624620075,1.043784054248939,1.06952708148082,1.132359840273605,1.0631361624620075
1.0164015829418616,0.7722578898119454,-2.534156478713863,0.9047246550703153,1.0122987452643648,0.6638273862449225,0.45808743141288777,1.0164015829418616,0.9047246550703153,0.08742435081901712,0.9047246550703153,0.2893008618978845,0.9749185003335087,1.0122987452643648,0.9749185003335087,0.9047246550703153,0.9749185003335087,1.0164015829418616,0.9047246550703153,0.9749185003335087,0.9047246550703153,0.7722578898119454,0.8027989463844087,0.6638273862449225,1.0164015829418616,0.9749185003335087,0.9749185003335087,0.6638273862449225,0.9749185003335087,0.9749185003335087,1.0164015829418616,0.9254525049634408,0.8027989463844087,0.9047246550703153,0.9749185003335087,0.2893008618978845,1.0122987452643648,1.0164015829418616,0.45808743141288777,1.0164015829418616,0.2893008618978845,0.9749185003335087,0.23308519274103534,0.9749185003335087,0.9749185003335087,0.9749185003335087,1.0122987452643648,0.9047246550703153,0.2893008618978845,0.9749185003335087,0.8027989463844087,1.0164015829418616,0.7722578898119454,0.2893008618978845,1.0164015829418616,0.9749185003335087,1.0164015829418616,0.503988999115659,-0.2917948309576759,-0.4955856368544831,0.2893008618978845,0.8027989463844087,0.7722578898119454,-0.9500427687159161,1.0164015829418616
0.5442467491308504,0.8523582088201124,0.3162636251080101,-0.3477593471768866,0.934403179162849,0.962338908654811,0.7938004047649994,0.9569297549762522,0.8523582088201124,0.9569297549762522,-0.1768827791105705,0.8713893724658138,0.7938004047649994,0.8713893724658138,0.5053924300951915,0.962338908654811,0.8713893724658138,0.7938004047649994,0.3162636251080101,0.944317430839352,0.8173342050298126,0.944317430839352,0.7938004047649994,0.7938004047649994,0.7938004047649994,0.7938004047649994,0.934403179162849,0.9569297549762522,0.9569297549762522,0.8523582088201124
1.014340082996827,0.5705774019551104,0.8702120348243922,1.0189246152447136,0.15531658609123933,0.6115492508335258,0.21226334611339515,1.014340082996827,1.0189246152447136,-0.34604963469072647,0.5987125865869767,1.0189246152447136,1.0118997068974125,0.8702120348243922,0.8622753107076584,1.0060054085281325,0.5705774019551104,0.8702120348243922,1.0060054085281325,0.8865803523036402,1.0118997068974125,1.0189246152447136,1.0060054085281325,1.0118997068974125,0.5705774019551104,0.8622753107076584,0.8865803523036402,1.0060054085281325,0.5571268506116891,1.014340082996827,1.0060054085281325,1.014340082996827,1.0060054085281325,0.8865803523036402,1.0060054085281325,0.15531658609123933,0.8702120348243922,0.5571268506116891,1.0118997068974125,0.8865803523036402,0.6115492508335258,0.8622753107076584,0.5987125865869767,0.9089653499266901,1.0029548139347553,1.0060054085281325,0.8939057293127992,0.8702120348243922,0.5987125865869767,0.8865803523036402,1.014340082996827,1.014340082996827,0.8622753107076584,1.0189246152447136,0.5571268506116891,1.0060054085281325
1.2517876998672819,1.2280694285679383,1.2280694285679383,1.0778989566306285,1.0778989566306285,0.9651871059936901,1.042268525310396,1.2280694285679383,0.9651871059936901,1.2280694285679383,1.2517876998672819,1.2517876998672819,1.2517876998672819,1.2112105101568345,1.0778989566306285,1.2517876998672819,1.2517876998672819,1.2517876998672819,1.2280694285679383,0.45221529588823506,1.2596295072668062,1.2517876998672819,1.2112105101568345,1.2112105101568345,-1.8657142651630585,1.2517876998672819,1.2280694285679383,1.042268525310396,0.6460697563523166,0.9651871059936901,0.9651871059936901,0.9651871059936901,1.0778989566306285,1.2596295072668062,0.9651871059936901
