1.7396363035148614,-3.042984298718689,-1.0503077963276595,1.7396363035148614,1.3183086192808058,1.7396363035148614,-1.5089916192509714,-1.1200092098325773,1.7396363035148614,-1.1114276168843906,-1.7823532031524592,-1.0503077963276595,-1.1200092098325773,-1.0736708061379217,1.7396363035148614,1.3183086192808058,-1.1200092098325773,1.7396363035148614,1.3183086192808058,-1.0503077963276595,1.7396363035148614,-1.0503077963276595,1.3183086192808058,-1.5089916192509714,-1.0503077963276595,-1.5089916192509714,-1.1200092098325773,1.7396363035148614,-3.291942971448835,-1.1200092098325773
-0.8382163605589805,-2.071670875372546,-1.0721394941137068,-0.7539471601614198,-1.5133525446694522,-0.7539471601614198,-0.8382163605589805,-2.071670875372546,-0.7539471601614198,-2.859217226297102,-0.7539330113393246,-1.072790595978927,-1.0721394941137068,-0.8383038231099431,-1.4579773285988575,-1.5133525446694522,-1.5167295760159356,-1.4550321355260696,-0.7539330113393246,-1.5167295760159356,-2.071670875372546,-2.0634069564428525,-0.7539471601614198,-1.1126962688391924,-0.7539330113393246
-0.15861884332222953,-0.37326459354782715,-0.6786115634387269,-0.37326459354782715,-0.590313511921722,-1.3717987296038934,-0.590313511921722,-1.1876578731470318,-0.14783294964804639,-0.590313511921722,-1.1876578731470318,-2.1851312683974435,-0.37326459354782715,-0.17993744528411137,-0.15861884332222953,-0.37326459354782715,-0.6786115634387269,-0.37326459354782715,-3.2775429937063523,-0.6786115634387269,-0.15861884332222953,-0.15861884332222953,-1.3717987296038934,-0.15861884332222953,-2.2707525527338897,-0.15861884332222953,-1.4699927596105948,-0.590313511921722,-1.4699927596105948,-0.6786115634387269,-0.15861884332222953,-0.17993744528411137,-0.14783294964804639,-0.17993744528411137,-0.6786115634387269,-0.6786115634387269,-1.4699927596105948,-0.6786115634387269,-0.6786115634387269,-1.1876578731470318,-1.1876578731470318,-0.6786115634387269,-2.2707525527338897,-0.6786115634387269,-0.6786115634387269,-0.14783294964804639,-0.590313511921722,-0.6786115634387269,-0.37326459354782715,-1.5660154490179747,-1.5660154490179747,-0.15861884332222953,-0.37326459354782715,-0.14783294964804639,-0.37326459354782715,-0.17993744528411137,-0.590313511921722
-1.4919524327532128,-0.6607540489008448,-0.8690560917817256,-0.7253739255809868,-1.9262668153287197,-1.4919524327532128,-0.7253739255809868,-0.8690560917817256,-1.4919524327532128,-4.011472539969442,-1.4919524327532128,-0.8690560917817256,-0.7253739255809868,-1.9262668153287197,-1.2830069939240736,-1.2830069939240736,-2.145547931561694,-0.8690560917817256,-0.7253739255809868,-0.8690560917817256,-0.7045080360254414,-1.2830069939240736,-0.7253739255809868,-2.145547931561694,-1.5609858898100966,-0.8690560917817256,-1.0156676774802773,-0.6693055398438865,-0.6607540489008448,-0.7253739255809868,-1.0156676774802773,-1.0156676774802773,-0.6607540489008448,-1.0156676774802773,-1.0662575772448888,-0.8690560917817256,-1.4919524327532128,-0.7253739255809868,-1.0156676774802773,-1.5609858898100966,-2.145547931561694,-0.8690560917817256,-0.6693055398438865,-1.0156676774802773,-0.7045080360254414,-1.4919524327532128,-1.0156676774802773,-0.6693055398438865,-2.7022675579793605,-1.4919524327532128,-0.6693055398438865,-0.6693055398438865,-0.7253739255809868,-0.7045080360254414,-0.8690560917817256,-0.7253739255809868,-0.6693055398438865
-0.8572441397312849,-0.8220703743462767,-2.5531028596520358,-0.6618104209629396,-0.6774180979158362,-0.9131692144665271,-0.6463255531434728,-0.6618104209629396,-1.416401975731196,-0.6377066129864586,-1.3479684180109819,-0.8220703743462767,-0.6774180979158362,-0.7898088207626439,-0.6774180979158362,-1.9831962651459458,-0.8220703743462767,-1.2423606870499533,-1.416401975731196,-1.8088117522984513,-0.6377066129864586,-0.8220703743462767,-0.6618104209629396,-0.6774180979158362,-0.6463255531434728,-0.9131692144665271,-0.6618104209629396,-0.8728621067036779,-0.6463255531434728,-0.6463255531434728,-0.6774180979158362,-0.6774180979158362,-0.6463255531434728,-1.2423606870499533,-0.8220703743462767,-0.9131692144665271,-0.6774180979158362,-0.8220703743462767,-1.3479684180109819,-0.9131692144665271,-1.184220099022055,-0.6463255531434728,-0.6463255531434728,-0.8220703743462767,-0.8572441397312849,-0.6774180979158362,-0.6463255531434728,-0.9131692144665271,-3.0583040141059707,-1.3479684180109819,-0.9131692144665271
-0.30693025333120394,-0.22744175807998612,-0.22744175807998612,-0.30693025333120394,-0.22744175807998612,-0.8529396805938236,-0.3587810243210563,-0.22744175807998612,-0.3496046574554823,-2.7704197819237812,-0.22744175807998612,-1.5259014166874654,-0.8529396805938236,-0.9538184276432107,-0.30693025333120394,-0.30693025333120394,-0.5999886831675094,-0.22744175807998612,-0.22744175807998612,-1.5259014166874654,-0.5999886831675094,-0.30693025333120394,-0.22744175807998612,-0.6770332181987406,-1.5259014166874654,-0.3496046574554823,-0.6770332181987406,-0.5999886831675094,-0.22744175807998612,-0.30693025333120394,-0.22744175807998612,-0.9538184276432107
0.13101461401274084,-0.5494799664602028,-0.5494799664602028,-0.3311717485408514,0.13101461401274084,-1.598836883530399,-0.22787570083947273,-1.8915566911244093,0.13101461401274084,0.13101461401274084,-1.598836883530399,-0.4147095452906515,-0.4147095452906515,-0.4147095452906515,-0.22787570083947273,0.13101461401274084,0.13101461401274084,-0.22787570083947273,-0.3311717485408514,-0.4147095452906515,-0.22787570083947273,-0.22787570083947273,-0.3311717485408514,-0.22787570083947273,-0.4147095452906515,0.13101461401274084,0.13101461401274084,0.13101461401274084,0.13101461401274084,0.13362649689454575,-0.3311717485408514,0.13101461401274084,0.13101461401274084,0.13362649689454575,-1.598836883530399,-1.8915566911244093,0.13362649689454575,-3.6481483100108445,-0.4147095452906515,-0.4147095452906515,0.13362649689454575,-1.3977500074069251,-2.137697061819983,-0.22787570083947273,0.13101461401274084,0.13101461401274084,-0.5494799664602028,0.13101461401274084,0.13101461401274084,-0.4147095452906515,-0.22787570083947273,0.13101461401274084
-0.48639864102707087,-1.0180109154154957,-0.1188278706553576,-0.1188278706553576,-0.2815842734363785,-0.574434996419412,-0.2815842734363785,-1.5991325620142898,-0.2815842734363785,-0.2815842734363785,-1.0180109154154957,-0.574434996419412,-0.6713694646676625,-2.499265235605969,-0.1188278706553576,-0.2815842734363785,-1.1487128592171412,-0.2815842734363785,-1.5991325620142898,-0.574434996419412,-0.2815842734363785,-0.574434996419412,-0.2815842734363785,-3.4309196995380216,-0.10174557345811186,-3.4309196995380216,-0.1188278706553576,-0.574434996419412,-0.2815842734363785,-0.574434996419412,-0.10174557345811186,-0.2815842734363785,-1.1487128592171412,-2.499265235605969,-0.574434996419412,-0.574434996419412,-3.4309196995380216,-0.2815842734363785,-1.5991325620142898,-0.1188278706553576,-1.5991325620142898,-1.0180109154154957,-0.574434996419412,-0.2815842734363785,-0.10174557345811186,-0.10174557345811186,-0.2815842734363785,-0.2815842734363785,-0.10174557345811186,-0.2815842734363785,-0.1188278706553576,-0.2815842734363785,-0.1188278706553576,-1.0180109154154957,-1.0180109154154957,-1.1487128592171412,-1.5991325620142898,-1.0180109154154957,-1.5991325620142898,-0.574434996419412,-3.19208517790703,-0.1188278706553576,-0.574434996419412
-0.2671625748879545,-0.6927652243484876,-0.7325859196445568,-0.2671625748879545,-0.6927652243484876,-0.7325859196445568,-0.2671625748879545,-1.8491482020335064,-1.8491482020335064,-0.2373694318074404,-0.2373694318074404,-0.7912464876205147,-0.2373694318074404,-0.8279152186383452,-0.8279152186383452,-0.6927652243484876,-0.8981688095798237,-2.056245514664586,-0.20002478617727082,-0.2373694318074404,-0.2298734019085087,-0.2671625748879545,-3.98204215916843,-0.2373694318074404,-0.8279152186383452,-2.056245514664586,-0.2671625748879545,-0.2051602651918749,-0.2373694318074404,-0.2298734019085087,-0.8279152186383452,-0.8279152186383452,-0.8279152186383452,-0.6927652243484876,-0.2373694318074404,-0.8981688095798237,-0.2373694318074404,-2.056245514664586,-0.2051602651918749,-0.20002478617727082,-0.8279152186383452,-0.7912464876205147,-0.2373694318074404,-0.7325859196445568,-3.98204215916843,-0.2051602651918749,-0.8279152186383452,-0.8981688095798237
-0.4291528520914629,-0.5475591300320835,-0.24801975347542005,-1.0183560215478276,-0.24801975347542005,-0.24801975347542005,-0.5475591300320835,-0.5475591300320835,-2.626722932622289,-0.24801975347542005,-0.6160329908936819,-3.1629346258223485,-1.4098947272626092,-0.24801975347542005,-0.6160329908936819,-0.24801975347542005,-1.0183560215478276,-0.9244384366449487,-1.0183560215478276,-0.4291528520914629,-0.6160329908936819,-0.38285866551413417,-0.24801975347542005,-0.24801975347542005,-0.9244384366449487,-0.24801975347542005,-2.626722932622289,-0.24801975347542005,-0.4291528520914629,-1.0183560215478276,-3.1629346258223485,-0.24801975347542005,-0.24801975347542005,-0.24801975347542005,-0.38285866551413417,-0.24801975347542005,-1.0183560215478276,-0.6160329908936819,-0.38285866551413417,-0.6160329908936819,-0.24801975347542005,-0.24801975347542005
0.1053274535346147,0.04094965582183119,-0.9966784243303102,-0.3052485711450219,-0.47019775210394377,-1.3851424398336876,-2.7237534005472273,-1.511806801826146,-0.47019775210394377,0.1053274535346147,-1.8244414099289779,0.04094965582183119,-0.049338113083263746,-1.4377072861161306,-0.3052485711450219,-1.1308715058855299,0.04094965582183119,-1.1308715058855299,-0.3052485711450219,0.1053274535346147,0.04094965582183119,-0.049338113083263746,-0.47019775210394377,-1.1308715058855299,0.1053274535346147,-0.049338113083263746,0.1053274535346147,-1.511806801826146,0.1053274535346147,-2.7237534005472273,-1.4191777575562898,-1.4914644443398255,-0.9966784243303102,-2.187453301227345,-0.049338113083263746,-0.3052485711450219,-2.583520297088284,-4.191438330734937,-1.4377072861161306,-0.049338113083263746,-0.15905235437091148,-0.049338113083263746,-1.511806801826146,-1.4191777575562898,-0.47019775210394377,-1.4191777575562898,-2.3790100179495832,-1.8958079645748158,-0.3052485711450219,-0.049338113083263746,-1.3851424398336876,-0.3052485711450219,-1.4191777575562898,-0.049338113083263746,0.1053274535346147,-0.049338113083263746,0.1053274535346147,-0.049338113083263746,0.04094965582183119
-1.0420333230396177,-1.659104173637744,-0.8455394308495747,-1.988152643326824,-0.8455394308495747,-0.7789773288570245,-0.7211694872017822,-0.7789773288570245,-0.717294055239682,-1.659104173637744,-0.7211694872017822,-3.47864523063572,-1.0028895947265126,-2.2952709284898054,-1.4415642878951735,-0.7789773288570245,-1.0028895947265126,-0.8455394308495747,-2.385881342473761,-0.8455394308495747,-0.8455394308495747,-0.717294055239682,-0.7211694872017822,-0.7211694872017822,-0.8455394308495747,-1.0028895947265126,-0.7623082368188121,-0.7789773288570245,-1.1359093242471643,-1.4415642878951735,-0.8455394308495747,-1.1359093242471643,-0.717294055239682,-0.8455394308495747,-0.717294055239682,-0.7211694872017822,-0.8455394308495747,-0.7211694872017822,-0.8455394308495747,-0.7623082368188121,-0.7789773288570245,-0.7211694872017822,-0.7789773288570245,-1.0028895947265126,-1.0028895947265126,-0.8455394308495747,-0.7789773288570245,-0.8455394308495747,-0.7789773288570245,-0.7211694872017822,-0.7211694872017822,-0.7211694872017822,-0.8455394308495747,-0.7211694872017822,-1.988152643326824,-1.1359093242471643,-0.7623082368188121,-0.717294055239682,-0.8455394308495747,-1.183823752644336,-0.7789773288570245,-0.717294055239682,-0.7789773288570245,-3.1973080040386623,-1.183823752644336,-1.0028895947265126,-0.7211694872017822,-1.1359093242471643,-0.717294055239682,-0.8455394308495747,-0.8455394308495747,-1.0028895947265126,-0.8455394308495747
-0.3865370672536619,-0.6492907871583511,-0.6492907871583511,-0.6492907871583511,-0.6492907871583511,-1.6262960375523055,-1.3400960669317983,-0.3865370672536619,-0.3865370672536619,-2.3073279872793453,-0.6492907871583511,-0.8976118381486935,-0.8976118381486935,-1.6262960375523055,-0.3865370672536619,-1.6262960375523055,-0.7052930491037221,-0.3865370672536619,-0.8976118381486935,-0.44865329146645916,-2.3073279872793453,-0.4014723561615918,-0.8282075949318313,-2.3073279872793453,-1.3400960669317983,-0.7052930491037221,-0.6492907871583511,-1.3400960669317983,-1.3400960669317983,-0.4014723561615918,-0.6492907871583511,-0.6492907871583511,-0.3865370672536619,-1.2425540213895103,-0.3865370672536619,-0.478892729727316,-0.6492907871583511,-0.6492907871583511,-0.478892729727316,-0.7052930491037221,-1.6262960375523055,-2.3073279872793453,-0.3865370672536619,-1.3400960669317983,-2.3073279872793453,-2.661014775669734,-0.6492907871583511,-0.6492907871583511,-0.3865370672536619,-0.7052930491037221,-0.6492907871583511,-0.44865329146645916,-0.8282075949318313,-0.6492907871583511,-1.6262960375523055,-0.6492907871583511,-2.3073279872793453,-0.7052930491037221,-0.6492907871583511,-0.7052930491037221,-0.7052930491037221,-0.3865370672536619,-0.3865370672536619
-0.8705361394021565,-0.8705361394021565,-0.8884529877042049,-0.13859858156332328,-0.16601814703838524,-2.2446743883313274,-0.1802880678443799,-0.13859858156332328,-0.1802880678443799,-3.23694792874083,-0.16601814703838524,-0.13859858156332328,-0.16601814703838524,-0.16601814703838524,-0.1802880678443799,-0.16601814703838524,-0.8705361394021565,-0.8705361394021565,-0.7635608325884242,-0.7636188187959931,-0.16601814703838524,-0.13859858156332328,-0.13859858156332328,-0.16601814703838524,-0.13859858156332328,-0.16601814703838524,-0.8884529877042049,-0.16601814703838524,-0.13859858156332328,-0.1802880678443799,-0.1802880678443799,-0.16601814703838524,-0.16601814703838524,-0.13859858156332328,-0.1802880678443799,-0.8884529877042049,-0.1802880678443799,-0.8884529877042049,-0.1802880678443799,-0.16601814703838524,-0.16601814703838524,-0.13859858156332328,-0.8884529877042049,-0.16601814703838524,-0.16601814703838524,-0.7636188187959931,-0.1802880678443799
-0.6490926275254902,-0.7879025005324496,-0.3415178754197101,-0.3415178754197101,-0.7879025005324496,-0.3186777702933603,-1.7674508698943456,-0.7879025005324496,-0.3186777702933603,-0.2962301019577991,-0.7208538148478789,-0.8718703932733765,-1.5117557961853831,-0.3415178754197101,-0.7208538148478789,-0.2962301019577991,-0.3415178754197101,-2.677288064013802,-0.2962301019577991,-1.7674508698943456,-6.3105684500752774,-0.7208538148478789,-0.3186777702933603,-0.3415178754197101,-0.6490926275254902,-0.3415178754197101,-1.5117557961853831,-0.3415178754197101,-0.3186777702933603,-0.6490926275254902,-0.3186777702933603,-0.2962301019577991,-0.37537208866852545,-1.5117557961853831,-0.7208538148478789,-0.3415178754197101,-0.7208538148478789,-0.37537208866852545,-0.3415178754197101,-1.5117557961853831,-0.2962301019577991,-0.7208538148478789,-1.7674508698943456,-0.7879025005324496,-1.5117557961853831,-0.3186777702933603,-1.7674508698943456,-0.3415178754197101,-0.3415178754197101,-0.3415178754197101,-0.3186777702933603,-0.3415178754197101,-0.3415178754197101,-0.8718703932733765,-1.5117557961853831,-0.3415178754197101,-0.7208538148478789,-1.5117557961853831,-1.6338440421001308,-0.3415178754197101,-0.2962301019577991,-0.3186777702933603,-0.3415178754197101,-0.3186777702933603,-0.7208538148478789,-0.7208538148478789,-0.3415178754197101,-0.7879025005324496,-0.3415178754197101,-0.3415178754197101,-0.2962301019577991,-0.7879025005324496,-1.5117557961853831,-0.3415178754197101,-0.7208538148478789,-0.2962301019577991,-0.7208538148478789,-1.5117557961853831
-0.3295707714611571,-0.3627748711344977,-0.8093269874922393,-0.925742036005365,-1.8078454875516925,-0.925742036005365,-0.8093269874922393,-0.3295707714611571,-1.0603367446227239,-1.5677271221426934,-2.4014394821539646,-0.3627748711344977,-3.9648041922256585,-1.0984781468106888,-0.7129966935441292,-1.0984781468106888,-2.4014394821539646,-1.0603367446227239,-1.0984781468106888,-0.7129966935441292,-1.0603367446227239,-0.7129966935441292,-0.7129966935441292,-0.8093269874922393,-0.7129966935441292,-1.0603367446227239,-1.5677271221426934,-0.7129966935441292,-1.5677271221426934,-0.8093269874922393,-1.0603367446227239,-0.7129966935441292,-0.3295707714611571,-0.925742036005365,-1.0603367446227239,-1.0603367446227239,-1.0603367446227239,-3.268347665005387,-0.8093269874922393,-3.694630782784132,-0.8093269874922393,-1.8078454875516925,-0.7129966935441292,-1.589644806717578,-0.925742036005365,-0.7129966935441292,-3.268347665005387,-10.609405227528082,-0.3627748711344977,-0.7129966935441292,-1.0383048090215308,-0.925742036005365,-7.113248071533363,-0.925742036005365,-0.925742036005365,-0.3627748711344977,-1.589644806717578,-1.0603367446227239,-0.9254607991544523,-0.7129966935441292,-0.3295707714611571,-0.925742036005365,-1.0603367446227239,-3.6993781258337894,-0.8093269874922393,-1.0984781468106888,-1.0603367446227239,-1.0603367446227239,-0.3627748711344977,-1.0603367446227239,-0.7129966935441292
-3.0489034482252855,-2.246247022194284,-0.6675727516513217,-1.573878480020772,-0.5723410845575061,-0.9541758921989754,-0.4371935468655934,-0.9541758921989754,-1.2495191409106337,-0.4415743672724728,-1.3474806637308874,-0.7205979347797917,-0.4415743672724728,-2.3237320768812486,-0.6675727516513217,-1.3474806637308874,-0.9541758921989754,-0.5723410845575061,-0.5723410845575061,-0.4415743672724728,-0.4371935468655934,-0.5723410845575061,-0.5401950295801301,-1.3474806637308874,-0.5401950295801301,-2.3237320768812486,-0.9541758921989754,-10.395015472749417,-0.9541758921989754,-1.2495191409106337,-0.6675727516513217,-0.4415743672724728,-2.338755158585978,-0.6675727516513217,-0.6675727516513217,-4.282510651255505,-3.160086296001045,-0.4415743672724728,-0.9541758921989754,-0.5723410845575061,-1.2495191409106337,-0.6675727516513217,-2.3237320768812486,-0.4415743672724728,-1.3474806637308874,-4.14659942410262,-2.338755158585978,-1.573878480020772,-0.6675727516513217,-0.5723410845575061,-0.6675727516513217,-0.6675727516513217,-0.6675727516513217,-1.4976415315597449,-0.5723410845575061,-0.5723410845575061,-0.9541758921989754,-2.3237320768812486
-0.9086087988092162,-2.5709928550023213,-0.9086087988092162,-1.0018287714338125,-0.29174409834017245,-0.29174409834017245,-0.2776444057002325,-0.3907003467301844,-1.0018287714338125,-0.3907003467301844,-2.122924849828032,-0.6258394071635478,-2.413009539197155,-0.6258394071635478,-0.3907003467301844,-0.2776444057002325,-0.9086087988092162,-0.6947836128074463,-0.3907003467301844,-0.29174409834017245,-0.29174409834017245,-1.0018287714338125,-0.3907003467301844,-0.6258394071635478,-0.29174409834017245,-1.973470776601939,-0.433254178181814,-1.4555487831663745,-0.6258394071635478,-1.4555487831663745,-0.6258394071635478,-1.973470776601939,-3.340263798628646,-1.4555487831663745,-0.433254178181814,-0.6258394071635478,-0.6258394071635478,-1.973470776601939,-0.2776444057002325,-1.0018287714338125,-0.3907003467301844,-0.3907003467301844,-0.2776444057002325,-1.973470776601939,-0.29174409834017245,-1.4555487831663745
-0.25680188329504317,-2.1348661215455063,0.11730977325766245,-0.49117051360554953,0.11730977325766245,-1.7254452158853608,0.11730977325766245,0.1027666795461446,-0.25680188329504317,-1.9030067683366485,-0.25680188329504317,-0.49117051360554953,0.11730977325766245,-0.37127496562926376,0.11730977325766245,-1.7254452158853608,0.11730977325766245,-0.25680188329504317,-0.25680188329504317,0.11730977325766245,-0.25680188329504317,-0.37127496562926376,-0.25680188329504317,-1.9030067683366485,-0.25680188329504317,-0.49117051360554953,0.11730977325766245,-0.25680188329504317,-0.25680188329504317,-1.7254452158853608,-1.9030067683366485,-0.37127496562926376,-0.25680188329504317,-0.36533035487595944,-0.49117051360554953,0.1027666795461446,-0.37127496562926376
-0.36581672718307745,-1.0330313376077196,-0.08636422423655166,-0.2884564391993527,-1.518917939804787,-2.378856070100352,1.4586442947743468,-1.0330313376077196,1.4586442947743468,-0.08636422423655166,-0.08636422423655166,-0.08636422423655166,-0.36581672718307745,-0.36581672718307745,1.4586442947743468,1.4586442947743468,-1.0330313376077196,-0.08636422423655166,-1.518917939804787,-0.041946973693595735,-1.1357753187802497,-0.2884564391993527,-1.0330313376077196,-1.0330313376077196,-0.36581672718307745,-0.08636422423655166,1.4586442947743468
-0.09813051011162965,-0.8996983811117563,-0.8996983811117563,-0.13725495515891195,-0.09813051011162965,-0.09813051011162965,-2.3036951790115205,-0.8996983811117563,-0.14668687067055552,-0.08993027588581803,-0.13725495515891195,-2.229356038563294,-0.08993027588581803,-0.09813051011162965,-0.8938873610151368,-0.14668687067055552,-0.8996983811117563,-0.09813051011162965,-0.08993027588581803,-0.08993027588581803,-0.7678162801897068,-0.14668687067055552,-0.09813051011162965,-0.8938873610151368,-0.13725495515891195,-0.09813051011162965,-0.7668623845956208,-0.08993027588581803,-0.8938873610151368,-0.8996983811117563,-0.13725495515891195,-0.08993027588581803,-0.09813051011162965,-0.09813051011162965,-0.08993027588581803,-0.09813051011162965,-0.08993027588581803,-0.7668623845956208,-0.13725495515891195,-0.8938873610151368,-0.14668687067055552,-0.09813051011162965,-0.09813051011162965,-0.08993027588581803,-2.3036951790115205,-0.7678162801897068,-0.8938873610151368,-0.8938873610151368,-0.08993027588581803,-0.08993027588581803,-0.09813051011162965,-0.09813051011162965,-0.8938873610151368,-4.086858975555006,-0.08993027588581803,-0.08993027588581803
-0.8578630552559361,-0.8578630552559361,-0.09241580701508445,-0.051569216400997764,-0.06743984218531418,-0.09241580701508445,-2.202255028091195,-0.051569216400997764,-0.06743984218531418,-0.11270612776586564,-0.09241580701508445,-0.09241580701508445,-0.11270612776586564,-0.09241580701508445,-0.06743984218531418,-0.8578630552559361,-0.8065639598271916,-0.051569216400997764,-0.8065639598271916,-2.273212143262291,-0.8578630552559361,-2.273212143262291,-2.496485807550182,-0.8578630552559361,-0.11270612776586564,-11.269359868619425,-0.06743984218531418,-2.273212143262291,-4.648851460126421,-0.09241580701508445,-2.202255028091195,-0.09241580701508445,-0.06743984218531418,-0.8065639598271916,-0.051569216400997764,-0.09241580701508445,-0.8578630552559361,-0.9440181104062275,-0.09241580701508445,-0.09241580701508445,-0.051569216400997764,-0.8065639598271916,-0.09241580701508445,-2.273212143262291,-0.8065639598271916,-0.09241580701508445,-2.4239217303219047,-0.11270612776586564,-0.11270612776586564,-0.051569216400997764,-0.8578630552559361,-2.4239217303219047,-0.8065639598271916,-0.051569216400997764,-2.4239217303219047,-2.496485807550182,-0.8065639598271916
-2.195393135385896,0.46794612513204625,-4.6167756568508,1.8071962427493782,1.0457282788306637,1.8071962427493782,-1.40511449667658,1.1156868189357971,1.1156868189357971,1.8071962427493782,1.1156868189357971,0.6287543570565973,-1.4555270748918678,1.8071962427493782,1.0457282788306637,-4.630679181403063,1.8071962427493782,-1.2763024179269742,1.8071962427493782,-2.1152483653235823,-4.322003442249811,1.1156868189357971,1.1156868189357971,1.8071962427493782,1.0457282788306637,-3.951896934928179,-0.23068136362869554,1.8071962427493782,-2.544076657334376,-2.195393135385896,1.1156868189357971,-2.195393135385896,-1.40511449667658,-1.5992950424716375,-4.179321059571437,1.8071962427493782,0.6287543570565973,-0.23068136362869554,1.1156868189357971,1.1156868189357971,-1.40511449667658,-3.8800813456758365,-3.951896934928179,1.8071962427493782,1.0457282788306637,1.0457282788306637,-2.479176346806793,1.1156868189357971,1.8071962427493782,1.8071962427493782,1.8071962427493782,-1.40511449667658,-2.195393135385896,-0.23068136362869554,0.46794612513204625,1.0457282788306637,1.8071962427493782,1.8071962427493782,-1.705570619878141,-1.2763024179269742,1.8071962427493782,1.8071962427493782,-1.4555270748918678,-1.705570619878141,-2.0490770030842036,1.0457282788306637
0.06244661375432248,-0.382488854298916,0.07153097374513018,-0.5431589221216997,0.06244661375432248,-0.382488854298916,0.07153097374513018,-0.5431589221216997,-1.5293569367857542,0.06244661375432248,-1.5293569367857542,-3.3302557013392438,-0.382488854298916,0.06244661375432248,0.07153097374513018,-0.382488854298916,-1.9073063794121057,0.07153097374513018,0.07153097374513018,-0.382488854298916,-1.4012899846842433,-0.5431589221216997,-0.41973761813497834,-2.304539827021984,-0.382488854298916,-0.382488854298916,0.06244661375432248,0.06244661375432248,0.06244661375432248,0.06244661375432248,0.07153097374513018,-0.5431589221216997,-1.4012899846842433,-3.913125257075901,0.07153097374513018,-2.4027738720211893,-0.382488854298916,-0.49384534785115664,-4.208778863188457,-0.5431589221216997,0.06244661375432248,0.07153097374513018,0.07153097374513018,0.06244661375432248,-0.382488854298916
-1.6193950101176091,11.063990521702348,10.7759144973802,-1.6193950101176091,11.063990521702348,10.369612317887814,1.734789484715615,-0.27119517280527705,-0.27119517280527705,-0.27119517280527705,1.734789484715615,-0.6652107535336315,11.063990521702348,-0.4595459306724663,1.734789484715615,-0.27119517280527705,9.665568015181098,10.7759144973802,1.734789484715615,9.677692492037908,1.734789484715615,-0.27119517280527705,-28.77167985097202,-110.99187571560124,-30.942673591256728,-30.942673591256728,10.7759144973802,-48.360189850455804,-30.942673591256728,9.677692492037908,1.734789484715615,11.063990521702348,-28.77167985097202,1.734789484715615,-0.6652107535336315,9.677692492037908,11.063990521702348,11.063990521702348,1.734789484715615,-30.942673591256728,9.677692492037908,11.063990521702348,1.734789484715615,1.734789484715615,10.7759144973802,10.7759144973802,11.063990521702348,-30.942673591256728,9.677692492037908,9.677692492037908,-110.99187571560124,10.369612317887814,11.063990521702348,10.7759144973802,1.734789484715615,1.734789484715615
-1.3793355830723724,-0.5975037966159156,-0.5975037966159156,-0.3791403662852677,-0.17688391531182956,-1.3793355830723724,-0.17688391531182956,-0.44840996969047153,-1.3793355830723724,-3.30639432300663,-0.17688391531182956,-0.5975037966159156,-0.5975037966159156,-1.3456812011453223,-0.44840996969047153,-0.3791403662852677,-0.5975037966159156,-1.3456812011453223,-2.202624643766901,-0.17688391531182956,-0.5975037966159156,-0.5231479946933351,-2.75677670311877,-1.2431045727066385,-0.17688391531182956,-0.17688391531182956,-0.1696009879138316,-0.1696009879138316,-0.5231479946933351,-0.45481452203619543,-0.5231479946933351,-1.5437619231621111,-2.0334450190798323,-1.2431045727066385,-0.44840996969047153,-5.947554703085094,-0.17688391531182956,-0.5279375792114449,-1.3793355830723724,-0.44840996969047153,-0.5231479946933351,-0.17688391531182956,-0.1696009879138316,-0.45481452203619543,-0.44840996969047153,-0.44840996969047153,-0.44840996969047153,-1.5437619231621111,-0.1696009879138316,-0.1696009879138316,-1.5437619231621111,-0.44840996969047153
-2.1157070447385338,-2.4106170196450534,-0.06826164855132033,-0.3293145867488527,-0.06826164855132033,-1.3967604833143523,-0.2481657520321665,-0.06826164855132033,-0.3293145867488527,-0.3293145867488527,-2.1157070447385338,-0.8081295979202754,-0.06826164855132033,-0.06826164855132033,-0.4058370184300024,-0.8674985879070989,-1.4900446264081881,-0.06826164855132033,-0.3293145867488527,-1.4900446264081881,-2.548305542669852,-1.2006348527639212,-0.8081295979202754,-0.06826164855132033,-3.702327819521888,-0.8081295979202754,-0.2481657520321665,-0.8081295979202754,-1.3967604833143523,-1.0873327849938597,-0.06826164855132033,-0.06826164855132033,-0.4058370184300024,-1.2006348527639212,-0.8674985879070989,-1.0873327849938597,-2.4106170196450534,-0.8674985879070989,-1.0873327849938597,-0.06826164855132033,-0.3293145867488527,-0.14617884823754967,-0.8081295979202754,-0.06826164855132033,-1.0873327849938597,-3.838140153344817,-5.699321956454854,-2.269208385674205,-0.3293145867488527,-0.8081295979202754,-0.8674985879070989,-1.0873327849938597,-1.0873327849938597,-0.3293145867488527,-1.4900446264081881,-0.3293145867488527,-0.06826164855132033,-1.4900446264081881
-0.7506163763849865,-2.4505292657491484,-0.802061424535427,-0.802061424535427,-1.514513073680288,-0.802061424535427,-0.4385210272818818,-0.4385210272818818,-0.4385210272818818,-1.514513073680288,-1.3449571635685587,-0.802061424535427,-0.45467717660918305,-0.4746009718575066,-0.6973606113158173,-1.3449571635685587,-1.2542618223411608,-0.4385210272818818,-0.8633069202439252,-1.2542618223411608,-0.7506163763849865,-0.802061424535427,-2.239834303672339,-0.8633069202439252,-0.7506163763849865,-0.4385210272818818,-0.4746009718575066,-2.4505292657491484,-1.514513073680288,-0.8633069202439252,-0.4746009718575066,-1.514513073680288,-0.6973606113158173,-0.4385210272818818,-0.4385210272818818,-11.987243471720781,-0.8633069202439252,-0.802061424535427,-3.8415901847862566,-1.514513073680288,-0.4385210272818818,-0.4385210272818818,-0.4746009718575066,-0.802061424535427,-2.4505292657491484,-1.440349999421414,-0.8633069202439252,-0.7506163763849865,-0.8633069202439252,-5.37732761207391,-0.802061424535427,-0.4746009718575066,-0.4746009718575066,-0.7506163763849865,-0.4746009718575066,-1.514513073680288,-0.4746009718575066,-0.7506163763849865,-0.4385210272818818,-2.239834303672339,-0.802061424535427,-0.802061424535427,-0.6973606113158173,-1.514513073680288,-0.6973606113158173,-0.4746009718575066,-0.4385210272818818,-3.8415901847862566,-0.8633069202439252,-0.4746009718575066,-0.4746009718575066,-0.7506163763849865,-0.7506163763849865,-1.3449571635685587,-1.3449571635685587,-2.3728849889769084,-0.7506163763849865,-1.514513073680288,-3.6068759046225187,-1.514513073680288,-0.6973606113158173,-0.802061424535427,-0.4746009718575066,-0.4746009718575066,-0.49967195275681764,-0.8633069202439252,-0.4746009718575066,-0.4746009718575066,-2.5874508426739213,-0.49967195275681764,-0.6973606113158173,-0.7506163763849865,-2.4505292657491484,-5.37732761207391
-0.6470329906085202,0.21404679138810478,0.21404679138810478,-0.6470329906085202,0.21404679138810478,-0.16784911827239357,-0.6470329906085202,-0.05750925439902854,0.21404679138810478,-1.6424822646432866,-0.16784911827239357,0.21404679138810478,-0.16784911827239357,0.21404679138810478,-0.05750925439902854,0.21404679138810478,0.21404679138810478,-0.16784911827239357,-1.6424822646432866,-0.6470329906085202,-0.6470329906085202,-1.6424822646432866,-1.6424822646432866,-0.6470329906085202,0.21404679138810478,-12.99062360780336,-0.16784911827239357,-0.6470329906085202,-0.05750925439902854,0.21404679138810478,0.21404679138810478,-4.1599829876633425,-0.05750925439902854,-1.6424822646432866,-0.05750925439902854,-0.6470329906085202,-0.836855288988839,-1.6424822646432866
-0.3463692791607236,-1.1164286643945598,-0.34817364911733906,-0.5220114840456453,-1.0299782560780106,-0.5552417646560235,-1.1076433128949343,-1.988562370999449,-1.988562370999449,-0.5552417646560235,-1.0299782560780106,-0.34817364911733906,-0.34817364911733906,-0.3463692791607236,-1.1076433128949343,-2.2855343764786884,-0.5552417646560235,-0.34817364911733906,-1.2010800262572423,-0.5552417646560235,-1.0299782560780106,-0.5552417646560235,-0.34817364911733906,-0.5552417646560235,-3.6151905299331526,-0.34817364911733906,-1.8621209651684314,-3.4303037733854027,-1.8621209651684314,-0.5552417646560235,-0.34817364911733906,-2.1434455572268227,-0.5552417646560235,-0.3463692791607236,-1.988562370999449,-0.34817364911733906,-0.6053451127809022,-0.5220114840456453,-0.3463692791607236,-1.988562370999449,-1.0299782560780106,-0.5220114840456453,-0.3463692791607236,-2.2855343764786884,-0.6053451127809022,-1.2010800262572423,-1.2010800262572423,-0.34817364911733906,-0.5220114840456453,-0.5220114840456453,-0.4817143021600363,-0.5220114840456453,-1.1164286643945598,-0.34817364911733906,-0.5552417646560235,-1.1076433128949343
0.011227712230027942,0.09743526116891443,-0.14493595231496048,-0.9068230880428014,0.011227712230027942,-1.7462732882877476,-2.7307061122507257,-0.14493595231496048,-0.14493595231496048,-2.1383129830648517,0.09743526116891443
-1.370546646379756,-0.809652681387063,-2.20148498706225,-0.49317102093394816,-0.779002720385356,-0.7310326898220305,-2.20148498706225,-0.809652681387063,-0.5180541744451612,-0.49317102093394816,-0.5180541744451612,-1.3904109630212098,-0.8650018080135262,-1.370546646379756,-0.508628566102193,-2.201669729949328,-0.508628566102193,-0.779002720385356,-0.500427400572975,-0.49317102093394816,-1.3066243721867516,-0.508628566102193,-1.3066243721867516,-0.5180541744451612,-0.508628566102193,-2.3245409517420494,-0.809652681387063,-0.809652681387063,-1.3904109630212098,-0.779002720385356,-0.5180541744451612,-3.4586975471141344,-0.49317102093394816,-0.49317102093394816,-0.5180541744451612,-0.809652681387063,-1.370546646379756,-0.508628566102193,-1.370546646379756,-0.508628566102193,-0.809652681387063,-0.500427400572975,-0.779002720385356,-3.3022729266302164,-0.5180541744451612,-0.779002720385356,-0.779002720385356,-2.3245409517420494,-2.0864916958408215,-0.809652681387063,-1.370546646379756,-0.779002720385356,-0.49317102093394816,-0.5180541744451612,-1.3066243721867516,-0.49317102093394816,-0.508628566102193,-6.7502477410354,-0.8650018080135262,-0.779002720385356,-0.779002720385356,-0.508628566102193,-1.370546646379756,-0.49317102093394816,-0.779002720385356,-0.508628566102193,-0.5180541744451612,-0.508628566102193,-1.4596583410561563,-1.3904109630212098,-1.370546646379756,-0.779002720385356,-0.809652681387063,-0.7310326898220305,-2.0864916958408215,-1.3066243721867516,-0.809652681387063,-0.5180541744451612,-1.370546646379756,-0.779002720385356
-0.04878442961515628,-0.04878442961515628,-0.04878442961515628,-1.617343449983748,-0.04878442961515628,-0.04878442961515628,-0.3685706914837663,-0.29512789292393427,-0.04878442961515628,-2.744606285375259,-1.617343449983748,-1.28161506249644,-0.4287305218112891,-0.04878442961515628,-0.4287305218112891,-1.28161506249644,-0.3685706914837663,-0.04878442961515628,-0.5210557216196583,-0.04878442961515628,-1.28161506249644,-4.727396129440553,-0.3685706914837663,-7.566433604333612,-0.29512789292393427
12.075430504454784,12.075430504454784,-1.2027322894104204,12.075430504454784,-0.8033099185484451,-0.6574383748949262,12.075430504454784,-1.2027322894104204,-0.7509073148948129,12.075430504454784,-0.7509073148948129,12.075430504454784,-1.2027322894104204,12.075430504454784,12.075430504454784,-1.730754728416134,12.075430504454784,-0.8033099185484451,-2.447960276921414,-1.2027322894104204,12.075430504454784,-1.5868219170745272,-1.2027322894104204,-1.2027322894104204,-0.6574383748949262,-0.8033099185484451,-0.8033099185484451,-1.2027322894104204,-0.8033099185484451,-0.7509073148948129,-0.8033099185484451,12.075430504454784
-0.8213428607174875,-0.22396697377039798,-0.22396697377039798,-0.8213428607174875,-0.8280711820365085,-0.22312734559649527,-0.18547899597945383,-1.9363191722436284,-0.8280711820365085,-0.18632605744491837,-0.8280711820365085,-0.22312734559649527,-0.22396697377039798,-0.18632605744491837,-2.1113950994689312,-0.7180891903468356,-0.8280711820365085,-0.18547899597945383,-0.18632605744491837,-0.8280711820365085,-0.22312734559649527,-0.18547899597945383,-0.22396697377039798,-0.18547899597945383,-0.18547899597945383,-0.8280711820365085,-0.8213428607174875,-0.18632605744491837,-0.18632605744491837,-0.22312734559649527,-0.18632605744491837,-0.22396697377039798,-0.18547899597945383,-0.18632605744491837,-0.18547899597945383,-0.18632605744491837,-0.18547899597945383,-0.18547899597945383,-0.7180891903468356,-0.8213428607174875,-0.22396697377039798,-0.7180891903468356,-0.722897967295113,-0.18547899597945383,-0.18632605744491837,-0.722897967295113,-0.8280711820365085,-0.18632605744491837,-0.18632605744491837,-0.8280711820365085,-0.18547899597945383,-0.18547899597945383,-0.18547899597945383,-0.18632605744491837,-0.18547899597945383,-0.18632605744491837,-0.7180891903468356,-1.9363191722436284,-0.18632605744491837,-0.8213428607174875,-0.18632605744491837,-0.22312734559649527,-0.22312734559649527
-0.9529649935076283,-2.0920764705157593,-0.4572110880598308,-0.7868095264148194,-0.4572110880598308,-2.0920764705157593,-0.7868095264148194,-0.4572110880598308,-0.7127642049680261,-0.3724475465146331,-0.8835678587819991,-0.4254078957957761,-0.4572110880598308,-0.4254078957957761,-0.4572110880598308,-3.294452853440264,-0.3908349956140047,-1.6320225185735886,-0.7127642049680261,-0.4572110880598308,-0.3724475465146331,-0.3908349956140047,-0.8679165317928703,-0.3908349956140047,-0.4572110880598308,-0.4572110880598308,-0.7868095264148194,-0.8835678587819991,-0.4572110880598308,-0.4572110880598308,-0.8835678587819991,-0.4572110880598308,-0.3908349956140047,-1.5457491873458435,-0.4572110880598308,-1.4720231636889995,-1.6320225185735886,-0.8835678587819991,-1.6320225185735886,-0.7868095264148194,-0.3724475465146331,-0.3724475465146331,-1.6320225185735886,-2.0920764705157593,-0.4254078957957761,-2.0920764705157593,-0.4572110880598308,-0.4254078957957761,-0.3724475465146331,-2.907749014936009,-1.6320225185735886,-0.3908349956140047,-0.8835678587819991,-0.3724475465146331,-0.7868095264148194,-0.3724475465146331,-0.4572110880598308,-0.8835678587819991,-2.6106254327162066
-0.5166771105650023,11.874895798658754,-0.28376673295317567,-0.6374913766109542,-0.33137549487450135,9.671956115183573,-0.33137549487450135,11.874895798658754,-1.6223020447896732,-0.33137549487450135,11.874895798658754,11.874895798658754,-1.6223020447896732,-0.33137549487450135,11.874895798658754,9.676587155727226,11.874895798658754,-0.6374913766109542,11.874895798658754,11.874895798658754,9.676587155727226,9.676587155727226,-0.28376673295317567,9.676587155727226,-0.28376673295317567,-0.28376673295317567,9.676587155727226,-1.6223020447896732,-0.33137549487450135,-6.170136330688322,-0.28376673295317567,-1.6223020447896732,-0.6374913766109542,-0.6374913766109542,-0.33137549487450135,-2.435506244061047,11.874895798658754,-0.28376673295317567,9.676587155727226,-0.6374913766109542,-0.5166771105650023,-0.33137549487450135,-1.6223020447896732,11.874895798658754,-0.6374913766109542,11.874895798658754,9.676587155727226,-0.5166771105650023,-0.6374913766109542,-2.7633743571888862,-8.624156735084055
-0.2500486148758494,-0.15459921921898223,-2.8112314924057524,-1.7920811992333305,-0.2500486148758494,-0.2500486148758494,-0.2500486148758494,-0.18392471885124118,-0.8400792913300408,-0.15459921921898223,-0.8400792913300408,-0.8400792913300408,-0.15459921921898223,-0.15459921921898223,-1.047905412001981,-0.2500486148758494,-0.2500486148758494,-0.2500486148758494,-0.15459921921898223,-0.8400792913300408,-0.15459921921898223,-0.8400792913300408,-0.18392471885124118,-1.047905412001981,-0.8400792913300408,-0.8400792913300408
0.020632592200534372,-0.08180870955437824,-0.006777572397287823,-3.165081332632835,-0.8154775775726681,0.020632592200534372,0.020632592200534372,-0.006777572397287823,-0.9616174356388183,-1.0834623840142286,-0.08180870955437824,-0.9616174356388183,-0.04252558630744829,-0.006777572397287823,-0.8154775775726681,-0.006777572397287823,-0.006777572397287823,-0.006777572397287823,-1.2957376117992583,-0.8154775775726681,-0.006777572397287823,-0.9616174356388183,-0.04252558630744829,-0.8154775775726681,0.020632592200534372,-1.2957376117992583,-0.9616174356388183,0.020632592200534372,0.020632592200534372,-0.8154775775726681,-0.9616174356388183,-2.2844344860654493,-0.8154775775726681,-0.8154775775726681,-0.006777572397287823,-0.9616174356388183,-2.1553431132494083,0.020632592200534372,-3.608863712799314,-0.006777572397287823,-1.2957376117992583,-0.006777572397287823,0.020632592200534372,0.020632592200534372,-0.006777572397287823,-0.08180870955437824,-0.006777572397287823,0.020632592200534372,-1.0834623840142286,0.020632592200534372,-0.04252558630744829,-0.006777572397287823,0.020632592200534372,0.020632592200534372
11.75713774132419,11.75713774132419,1.0454950410847212,1.5607671962122704,1.027322460977286,10.370624160228237,1.027322460977286,1.5607671962122704,1.5607671962122704,1.0454950410847212,11.75713774132419,11.75713774132419,-2.0044147691745287,-2.002289220869758,11.75713774132419,0.6286645848257848,1.5607671962122704,0.6286645848257848,10.370624160228237,1.027322460977286,1.5607671962122704,1.5607671962122704,-7.863668237805548,-7.863668237805548,1.5607671962122704,11.75713774132419
-0.5743451085325781,-0.5743451085325781,-0.8039035859251662,-2.9705717721565112,-0.5743451085325781,-0.6103633908813157,-0.630549427759135,-2.9223980702949177,-2.0990919089560762,-0.9145321750686457,-0.9145321750686457,-0.5856716034722216,-0.8039035859251662,-0.8039035859251662,-0.7642107542269372,-0.8039035859251662,-1.2484488705865422,-0.6103633908813157,-1.2484488705865422,-0.5743451085325781,-1.2484488705865422,-0.5856716034722216,-0.5856716034722216,-0.9145321750686457,-1.2484488705865422
-0.6690706231382952,-0.7583168438321415,-0.3568370791275608,-0.7583168438321415,-1.8603924414145074,-0.2414236992781631,-2.88145680465128,-0.2414236992781631,-0.3568370791275608,-0.2414236992781631,-0.3568370791275608,-0.2414236992781631,-0.2414236992781631,-1.0459720643007366,-0.3568370791275608,-0.6690706231382952,-0.3568370791275608,-1.0459720643007366,-1.6990109431426148,-0.7583168438321415,-1.6990109431426148,-0.2414236992781631,-0.3568370791275608,-0.4080094159795573,-1.8603924414145074,-0.2414236992781631
-1.2395626849285257,0.01180370809729725,0.01180370809729725,-0.7843724717949214,-0.03666768369053419,0.01180370809729725,0.01180370809729725,-0.03666768369053419,-0.7843724717949214,-1.047673271289686,-0.9239610977818733,-0.03666768369053419,0.01180370809729725,-0.11042919501652859,-0.03666768369053419,-3.200938210319655,-1.2395626849285257,-0.11042919501652859,0.01180370809729725,0.01180370809729725,-0.11042919501652859,-4.524895239175548,-0.11042919501652859,-0.03666768369053419,-0.11042919501652859,0.01180370809729725,0.01180370809729725,-0.11042919501652859,-0.11042919501652859,-1.2395626849285257,-3.4969122181310945,-0.03666768369053419,0.05691657474930922,-1.2395626849285257,-1.2395626849285257,-1.2395626849285257,-1.9485942408623211,-0.03666768369053419,0.01180370809729725,0.01180370809729725,0.05691657474930922,-0.11042919501652859,0.01180370809729725,-0.11042919501652859,-0.03666768369053419,-1.2395626849285257,-0.03666768369053419,-0.11042919501652859,-0.7843724717949214,-0.7843724717949214,-0.11042919501652859,0.01180370809729725,-1.2395626849285257,-0.11042919501652859,-0.03666768369053419,-0.11042919501652859
-0.7248584398858537,-1.4682603365752418,-2.115532092731448,-0.837113812212694,-1.0615613980930805,-2.115532092731448,-1.5975043185216657,-0.837113812212694,-1.021892087139678,-0.7248584398858537,-1.1056643668776394,-2.2031736117936367,-0.8137221165001498,-1.5975043185216657,-0.793915529614158,-0.793915529614158,-1.5329411857251882,-0.8147113918093347,-1.0615613980930805,-0.7248584398858537,-0.8137221165001498,-1.0615613980930805,-0.793915529614158,-2.967231631521309,-0.7274004606073352
-0.13529204557711383,-0.13529204557711383,-0.13529204557711383,-2.2033516957887826,-0.7208515569783751,-0.13529204557711383,0.009969354729340907,-0.7208515569783751,0.044685264908282285,0.044685264908282285,-0.13529204557711383,-0.13529204557711383,-0.13529204557711383,-1.254022593803838,-0.13529204557711383,0.044685264908282285,0.044685264908282285,-2.920466386925494,-0.7208515569783751,-0.7208515569783751,-1.254022593803838,-0.13529204557711383,-0.13529204557711383,0.044685264908282285,-2.2033516957887826
-2.255895072372704,-0.4874849579920064,-2.328838180517627,-0.2371538591024951,-0.2371538591024951,-0.4874849579920064,-0.46278788950705385,-0.46278788950705385,-1.1598472382518135,-0.2371538591024951,-0.46278788950705385,-1.1074239939866508,-0.23855723823748143,-0.4874849579920064,-0.46278788950705385,-0.23855723823748143,-0.4332310969036217,-1.1598472382518135,-0.46278788950705385,-0.5205200995013386,-0.2371538591024951,-0.23855723823748143,-0.2371538591024951,-0.46278788950705385,-0.2371538591024951,-0.46278788950705385,-0.4874849579920064,-0.23855723823748143,-0.23855723823748143,-0.2371538591024951,-0.4874849579920064,-0.46278788950705385,-0.23855723823748143,-1.1598472382518135,-0.4874849579920064,-0.2371538591024951,-0.46278788950705385,-0.4332310969036217,-0.2371538591024951,-1.1598472382518135
-1.3706304482834466,-0.3979118172626164,-0.8470882153678083,-0.3183505156437776,-0.8470882153678083,-1.4841065157969364,-0.8470882153678083,-0.92929222156911,-0.3979118172626164,-0.6689676815499461,-0.6689676815499461,-0.3183505156437776,-0.6689676815499461,-1.7958581664051776,-1.3706304482834466,-1.7958581664051776,-0.36778204821436367,-0.3183505156437776,-1.3706304482834466,-0.3979118172626164,-4.645445195074882,-0.3979118172626164,-0.6689676815499461,-0.3979118172626164,-1.7958581664051776,-1.4841065157969364,-1.3706304482834466,-0.8470882153678083,-0.3979118172626164,-0.6689676815499461,-1.4841065157969364,-0.3979118172626164,-0.33432473563571374,-0.3183505156437776,-1.667206136324901,-1.4841065157969364,-1.3706304482834466,-0.3979118172626164,-0.6689676815499461,-0.6689676815499461
-0.2159359679056716,-0.2953750204954706,-0.8389967773398503,-1.5714049334628242,-0.2159359679056716,-0.9397677419140966,-0.8389967773398503,-0.8389967773398503,-0.2953750204954706,-0.676708291201011,-0.2953750204954706,-1.5714049334628242,-0.23845502887476888,-0.8389967773398503,-0.676708291201011,-1.8502760068740018,-0.2159359679056716,-0.9397677419140966,-0.23845502887476888,-1.7151848403778183,-3.550147987707239,-0.676708291201011,-0.676708291201011,-0.2953750204954706,-0.2159359679056716,-0.676708291201011,-0.2953750204954706,-0.676708291201011,-0.26013713891577694,-1.5714049334628242,-2.009710573698225,-0.8389967773398503,-0.8389967773398503,-0.23845502887476888,-0.2953750204954706,-0.26013713891577694,-0.8389967773398503,-0.2159359679056716,-3.550147987707239,-0.26013713891577694,-0.2953750204954706,-0.2159359679056716,-5.562149637534569,-0.2953750204954706,-2.919673694901972,-0.676708291201011,-1.8502760068740018,-0.23845502887476888,-2.009710573698225,-0.23845502887476888,-0.2953750204954706
10.36935534296135,10.776147528004504,-1.84991879070038,10.36935534296135,-0.0713922685393718,-2.2029304189914263,-1.603392827591247,-0.6898871678602149,-0.0713922685393718,-0.0713922685393718,-2.1391936137315484,-0.0713922685393718,-0.10726822542419831,-2.0480448305755985,-0.6898871678602149,9.676022226668707,-0.0713922685393718,-1.603392827591247,-0.6898871678602149,-1.8495656978655308,-1.9281034837429163,-0.10726822542419831,-2.1391936137315484,-2.353291561144739,10.776147528004504,-1.603392827591247
-1.2858117333093693,-1.475688890813935,-1.4231593655677366,-2.8212341529289375,-2.386748726691361,-0.8001016674511869,-1.0100915629401435,-1.475688890813935,-1.2858117333093693,-1.2858117333093693,-0.8001016674511869,-1.0491649353409098,-2.337068837963057,-0.9009745858987284,-1.2858117333093693,-0.7801892479521948,-0.7207254375337993,-0.9009745858987284,-3.9073962637111412,-1.2858117333093693,-0.7309361636936909,-1.2858117333093693,-1.3492946357012225,-0.7242623891674187,-0.7242623891674187,-0.8001016674511869,-5.183424694755064,-1.9796794436399683,-0.7242623891674187,-0.9009745858987284,-0.7207254375337993,-1.475688890813935,-0.9009745858987284,-0.9009745858987284,-1.9796794436399683,-1.2858117333093693,-0.9009745858987284,-0.7801892479521948,-1.2858117333093693,-0.7242623891674187,-0.9009745858987284,-1.3492946357012225,-1.0491649353409098,-1.0491649353409098,-2.337068837963057,-1.0902171258205664,-1.2858117333093693,-0.9009745858987284,-1.2257532375235325,-0.7309361636936909,-0.7801892479521948,-1.0491649353409098,-1.2257532375235325,-0.7242623891674187
-0.4668191988611894,-1.1294477115136958,-0.28055474357614507,-0.28055474357614507,-0.4357120379532402,-2.1086991486379913,-0.28275945770649225,-1.0325820411146953,-2.0674036691829345,-2.1086991486379913,-0.5351849874225287,-1.0774419772638364,-2.0674036691829345,-0.5169951981505494,-0.4823739555177351,-0.28055474357614507,-0.28055474357614507,-1.1294477115136958,-0.4823739555177351,-0.28275945770649225,-0.5730841042389083,-1.1294477115136958,-0.28275945770649225,-1.179594009799077,-0.4668191988611894,-0.4668191988611894,-0.4823739555177351,-1.179594009799077,-0.4823739555177351,-0.4668191988611894,-0.4823739555177351,-0.5169951981505494,-0.5169951981505494,-0.5169951981505494,-0.28055474357614507,-0.4823739555177351,-0.4823739555177351,-3.857742746483937,-0.5169951981505494,-1.1294477115136958,-0.28055474357614507,-0.28055474357614507,-0.28055474357614507,-0.4357120379532402,-0.4823739555177351,-0.28275945770649225,-0.4823739555177351,-0.4823739555177351,-1.1294477115136958,-0.4823739555177351,-0.28055474357614507,-0.4668191988611894,-0.5169951981505494,-0.4357120379532402,-0.28275945770649225,-0.4668191988611894
-0.08125722358770515,-2.1135232549912315,9.673715286805493,-0.5335420085757148,-0.07775352180224937,-1.307898318571513,-2.0589358058402034,-0.08125722358770515,-0.5335420085757148,-1.9560107080447322,-0.5335420085757148,-2.4837431419732967,-0.8302824403877211,-0.07775352180224937,-0.8302824403877211,-0.5335420085757148,-0.8302824403877211,-0.08125722358770515,-0.5335420085757148,-0.8302824403877211,-0.5335420085757148,-2.1135232549912315,-2.0450580388714688,-1.307898318571513,-0.08125722358770515,-0.8302824403877211,-0.8302824403877211,-1.307898318571513,-0.8302824403877211,-0.8302824403877211,-0.08125722358770515,-0.4492582243145271,-2.0450580388714688,-0.5335420085757148,-0.8302824403877211,-2.4837431419732967,-0.07775352180224937,-0.08125722358770515,-2.0589358058402034,-0.08125722358770515,-2.4837431419732967,-0.8302824403877211,-2.6727993446960308,-0.8302824403877211,-0.8302824403877211,-0.8302824403877211,-0.07775352180224937,-0.5335420085757148,-2.4837431419732967,-0.8302824403877211,-2.0450580388714688,-0.08125722358770515,-2.1135232549912315,-2.4837431419732967,-0.08125722358770515,-0.8302824403877211,-0.08125722358770515,-2.0919879446722516,-4.553706824348762,-2.564232955148757,-2.4837431419732967,-2.0450580388714688,-2.1135232549912315,-7.058545465275597,-0.08125722358770515
-1.37851265199401,-0.833409108915645,-1.784617072787256,-2.9626276970198093,-0.6857915476632588,-0.6370909058409642,-0.9351678713246496,-0.6468172645297714,-0.833409108915645,-0.6468172645297714,-2.6565368736000696,-0.7995203981512864,-0.9351678713246496,-0.7995203981512864,-1.4475552592319558,-0.6370909058409642,-0.7995203981512864,-0.9351678713246496,-1.784617072787256,-0.6682619339917713,-0.893384722122009,-0.6682619339917713,-0.9351678713246496,-0.9351678713246496,-0.9351678713246496,-0.9351678713246496,-0.6857915476632588,-0.6468172645297714,-0.6468172645297714,-0.833409108915645
-0.5384494053041236,-1.4289010288045447,-0.8315674359376302,-0.5261660765103682,-2.244817143399673,-1.3478637379238418,-2.132379175840239,-0.5384494053041236,-0.5261660765103682,-3.203362956852176,-1.3653778358789221,-0.5261660765103682,-0.5399494136078649,-0.8315674359376302,-0.8386227858703665,-0.5556963350305271,-1.4289010288045447,-0.8315674359376302,-0.5556963350305271,-0.7899695612660018,-0.5399494136078649,-0.5261660765103682,-0.5556963350305271,-0.5399494136078649,-1.4289010288045447,-0.8386227858703665,-0.7899695612660018,-0.5556963350305271,-1.4482470601388848,-0.5384494053041236,-0.5556963350305271,-0.5384494053041236,-0.5556963350305271,-0.7899695612660018,-0.5556963350305271,-2.244817143399673,-0.8315674359376302,-1.4482470601388848,-0.5399494136078649,-0.7899695612660018,-1.3478637379238418,-0.8386227858703665,-1.3653778358789221,-0.7451683455848186,-0.5576211092791881,-0.5556963350305271,-0.7837832916420036,-0.8315674359376302,-1.3653778358789221,-0.7899695612660018,-0.5384494053041236,-0.5384494053041236,-0.8386227858703665,-0.5261660765103682,-1.4482470601388848,-0.5556963350305271
0.3972704177405435,-0.36649493401979605,-0.36649493401979605,-0.8046011370605286,-0.8046011370605286,-1.3816968115300692,-1.1106189244834637,-0.36649493401979605,-1.3816968115300692,-0.36649493401979605,0.3972704177405435,0.3972704177405435,0.3972704177405435,-0.5034584885826534,-0.8046011370605286,0.3972704177405435,0.3972704177405435,0.3972704177405435,-0.36649493401979605,-2.608084445335074,0.3828781424672205,0.3972704177405435,-0.5034584885826534,-0.5034584885826534,-16.17125713701546,0.3972704177405435,-0.36649493401979605,-1.1106189244834637,-4.352434514135124,-1.3816968115300692,-1.3816968115300692,-1.3816968115300692,-0.8046011370605286,0.3828781424672205,-1.3816968115300692
