Th,FAR,FRR
-3271,0.406045752,0.030998852
-3270,0.40577342,0.030998852
-3269,0.40577342,0.030998852
-3268,0.405501089,0.030998852
-3267,0.404956427,0.030998852
-3266,0.404956427,0.031572905
-3265,0.404956427,0.031572905
-3264,0.404956427,0.031572905
-3263,0.404684096,0.031572905
-3262,0.404684096,0.031572905
-3261,0.404411765,0.031572905
-3260,0.404411765,0.031572905
-3259,0.404411765,0.031572905
-3258,0.404411765,0.031572905
-3257,0.404411765,0.031572905
-3256,0.404411765,0.031572905
-3255,0.404411765,0.031572905
-3254,0.404411765,0.031572905
-3253,0.404139434,0.031572905
-3252,0.404139434,0.031572905
-3251,0.404139434,0.031572905
-3250,0.403867102,0.031572905
-3249,0.403867102,0.031572905
-3248,0.403594771,0.031572905
-3247,0.40332244,0.031572905
-3246,0.402777778,0.031572905
-3245,0.402777778,0.031572905
-3244,0.402777778,0.031572905
-3243,0.402777778,0.031572905
-3242,0.402777778,0.031572905
-3241,0.402505447,0.031572905
-3240,0.402233115,0.031572905
-3239,0.402233115,0.031572905
-3238,0.401960784,0.031572905
-3237,0.401960784,0.031572905
-3236,0.401960784,0.031572905
-3235,0.401688453,0.031572905
-3234,0.401416122,0.031572905
-3233,0.401416122,0.031572905
-3232,0.401143791,0.031572905
-3231,0.401143791,0.031572905
-3230,0.401143791,0.031572905
-3229,0.40087146,0.031572905
-3228,0.40087146,0.031572905
-3227,0.400599129,0.031572905
-3226,0.400599129,0.031572905
-3225,0.400599129,0.031572905
-3224,0.400326797,0.031572905
-3223,0.400326797,0.031572905
-3222,0.400054466,0.031572905
-3221,0.399509804,0.031572905
-3220,0.399237473,0.031572905
-3219,0.398965142,0.031572905
-3218,0.398420479,0.031572905
-3217,0.398420479,0.031572905
-3216,0.398420479,0.031572905
-3215,0.398420479,0.031572905
-3214,0.397875817,0.031572905
-3213,0.397331155,0.031572905
-3212,0.397331155,0.031572905
-3211,0.397058824,0.031572905
-3210,0.396514161,0.031572905
-3209,0.396514161,0.031572905
-3208,0.396514161,0.031572905
-3207,0.396514161,0.031572905
-3206,0.396514161,0.031572905
-3205,0.396514161,0.031572905
-3204,0.396514161,0.031572905
-3203,0.39624183,0.031572905
-3202,0.39624183,0.031572905
-3201,0.39624183,0.031572905
-3200,0.395424837,0.031572905
-3199,0.394880174,0.031572905
-3198,0.394335512,0.031572905
-3197,0.394335512,0.031572905
-3196,0.394335512,0.031572905
-3195,0.394335512,0.031572905
-3194,0.394063181,0.031572905
-3193,0.394063181,0.031572905
-3192,0.39379085,0.031572905
-3191,0.393518519,0.031572905
-3190,0.393518519,0.031572905
-3189,0.393246187,0.031572905
-3188,0.392701525,0.031572905
-3187,0.392429194,0.031572905
-3186,0.391884532,0.031572905
-3185,0.391884532,0.031572905
-3184,0.3916122,0.031572905
-3183,0.3916122,0.031572905
-3182,0.391339869,0.031572905
-3181,0.391339869,0.031572905
-3180,0.391339869,0.031572905
-3179,0.391339869,0.031572905
-3178,0.391339869,0.031572905
-3177,0.391339869,0.031572905
-3176,0.391339869,0.031572905
-3175,0.391339869,0.031572905
-3174,0.391339869,0.031572905
-3173,0.391339869,0.031572905
-3172,0.391339869,0.031572905
-3171,0.391067538,0.031572905
-3170,0.391067538,0.031572905
-3169,0.391067538,0.031572905
-3168,0.391067538,0.031572905
-3167,0.391067538,0.031572905
-3166,0.391067538,0.031572905
-3165,0.391067538,0.031572905
-3164,0.391067538,0.031572905
-3163,0.391067538,0.031572905
-3162,0.390795207,0.031572905
-3161,0.390250545,0.031572905
-3160,0.390250545,0.031572905
-3159,0.390250545,0.031572905
-3158,0.390250545,0.031572905
-3157,0.390250545,0.031572905
-3156,0.390250545,0.031572905
-3155,0.390250545,0.031572905
-3154,0.389978214,0.031572905
-3153,0.389705882,0.031572905
-3152,0.389433551,0.031572905
-3151,0.38916122,0.031572905
-3150,0.388616558,0.031572905
-3149,0.388616558,0.031572905
-3148,0.388344227,0.031572905
-3147,0.388344227,0.031572905
-3146,0.388071895,0.031572905
-3145,0.388071895,0.031572905
-3144,0.387254902,0.031572905
-3143,0.387254902,0.031572905
-3142,0.386982571,0.031572905
-3141,0.386982571,0.031572905
-3140,0.386982571,0.031572905
-3139,0.38671024,0.031572905
-3138,0.38671024,0.031572905
-3137,0.386437908,0.031572905
-3136,0.386437908,0.031572905
-3135,0.386437908,0.031572905
-3134,0.385893246,0.031572905
-3133,0.385620915,0.031572905
-3132,0.385348584,0.031572905
-3131,0.385348584,0.031572905
-3130,0.385348584,0.031572905
-3129,0.385348584,0.031572905
-3128,0.385348584,0.031572905
-3127,0.385348584,0.031572905
-3126,0.385076253,0.031572905
-3125,0.385076253,0.031572905
-3124,0.384803922,0.031572905
-3123,0.384803922,0.031572905
-3122,0.384803922,0.031572905
-3121,0.384803922,0.031572905
-3120,0.38453159,0.031572905
-3119,0.38453159,0.031572905
-3118,0.38453159,0.031572905
-3117,0.38453159,0.031572905
-3116,0.383986928,0.031572905
-3115,0.383714597,0.031572905
-3114,0.383714597,0.031572905
-3113,0.383169935,0.031572905
-3112,0.383169935,0.031572905
-3111,0.383169935,0.031572905
-3110,0.382897603,0.031572905
-3109,0.382625272,0.031572905
-3108,0.382625272,0.031572905
-3107,0.382625272,0.031572905
-3106,0.382625272,0.031572905
-3105,0.382352941,0.031572905
-3104,0.38208061,0.031572905
-3103,0.381808279,0.031572905
-3102,0.381808279,0.031572905
-3101,0.381808279,0.031572905
-3100,0.381808279,0.031572905
-3099,0.381808279,0.031572905
-3098,0.381808279,0.031572905
-3097,0.381535948,0.031572905
-3096,0.381535948,0.031572905
-3095,0.380718954,0.031572905
-3094,0.380718954,0.031572905
-3093,0.380718954,0.031572905
-3092,0.380446623,0.031572905
-3091,0.380446623,0.031572905
-3090,0.380446623,0.031572905
-3089,0.380174292,0.031572905
-3088,0.379901961,0.031572905
-3087,0.379901961,0.031572905
-3086,0.379357298,0.031572905
-3085,0.379357298,0.031572905
-3084,0.379357298,0.031572905
-3083,0.379357298,0.031572905
-3082,0.379084967,0.031572905
-3081,0.379084967,0.031572905
-3080,0.379084967,0.031572905
-3079,0.379084967,0.031572905
-3078,0.378812636,0.031572905
-3077,0.378812636,0.031572905
-3076,0.378540305,0.031572905
-3075,0.378540305,0.031572905
-3074,0.378540305,0.031572905
-3073,0.378267974,0.031572905
-3072,0.378267974,0.031572905
-3071,0.377723312,0.032146958
-3070,0.377178649,0.032146958
-3069,0.377178649,0.032146958
-3068,0.376906318,0.032146958
-3067,0.376906318,0.032146958
-3066,0.376633987,0.032146958
-3065,0.376361656,0.032146958
-3064,0.375816993,0.032146958
-3063,0.375816993,0.032146958
-3062,0.375816993,0.032146958
-3061,0.375816993,0.032146958
-3060,0.375816993,0.032146958
-3059,0.375272331,0.032146958
-3058,0.375,0.032146958
-3057,0.374727669,0.032146958
-3056,0.374727669,0.032146958
-3055,0.374727669,0.032146958
-3054,0.374727669,0.032146958
-3053,0.374455338,0.032146958
-3052,0.374455338,0.032146958
-3051,0.374455338,0.032146958
-3050,0.374183007,0.032146958
-3049,0.374183007,0.032146958
-3048,0.373910675,0.032146958
-3047,0.373638344,0.032146958
-3046,0.373366013,0.032146958
-3045,0.373366013,0.032146958
-3044,0.373093682,0.032146958
-3043,0.372821351,0.032146958
-3042,0.37254902,0.032146958
-3041,0.37254902,0.032146958
-3040,0.37254902,0.032146958
-3039,0.372004357,0.032146958
-3038,0.372004357,0.032146958
-3037,0.372004357,0.032146958
-3036,0.372004357,0.032146958
-3035,0.372004357,0.032146958
-3034,0.372004357,0.032146958
-3033,0.372004357,0.032146958
-3032,0.372004357,0.032146958
-3031,0.372004357,0.032146958
-3030,0.372004357,0.032146958
-3029,0.372004357,0.032146958
-3028,0.372004357,0.032146958
-3027,0.372004357,0.032146958
-3026,0.371732026,0.032146958
-3025,0.371732026,0.032146958
-3024,0.371459695,0.032146958
-3023,0.371459695,0.032146958
-3022,0.370915033,0.032146958
-3021,0.370915033,0.032146958
-3020,0.370098039,0.032146958
-3019,0.369553377,0.032146958
-3018,0.369553377,0.032146958
-3017,0.369553377,0.032146958
-3016,0.369281046,0.032146958
-3015,0.369281046,0.032146958
-3014,0.369008715,0.032146958
-3013,0.368736383,0.032146958
-3012,0.368464052,0.032146958
-3011,0.368191721,0.032146958
-3010,0.367647059,0.032146958
-3009,0.367647059,0.032146958
-3008,0.367374728,0.032146958
-3007,0.366830065,0.032146958
-3006,0.366830065,0.032146958
-3005,0.366830065,0.032146958
-3004,0.366557734,0.032146958
-3003,0.366285403,0.032146958
-3002,0.366285403,0.032146958
-3001,0.366285403,0.032146958
-3000,0.366285403,0.032146958
-2999,0.366013072,0.032146958
-2998,0.366013072,0.032146958
-2997,0.366013072,0.032146958
-2996,0.366013072,0.032146958
-2995,0.366013072,0.032146958
-2994,0.365740741,0.032146958
-2993,0.365740741,0.032146958
-2992,0.36546841,0.032146958
-2991,0.36546841,0.032146958
-2990,0.36546841,0.032146958
-2989,0.36546841,0.032146958
-2988,0.365196078,0.032146958
-2987,0.364923747,0.032146958
-2986,0.364923747,0.032146958
-2985,0.364923747,0.032146958
-2984,0.364651416,0.032146958
-2983,0.364651416,0.032146958
-2982,0.364651416,0.032146958
-2981,0.364379085,0.032146958
-2980,0.364106754,0.032146958
-2979,0.363562092,0.032146958
-2978,0.363562092,0.032146958
-2977,0.363562092,0.032146958
-2976,0.363017429,0.032146958
-2975,0.362745098,0.032146958
-2974,0.362472767,0.032146958
-2973,0.361383442,0.032146958
-2972,0.361111111,0.03272101
-2971,0.361111111,0.03272101
-2970,0.361111111,0.03272101
-2969,0.361111111,0.03272101
-2968,0.36083878,0.03272101
-2967,0.360566449,0.03272101
-2966,0.360294118,0.03272101
-2965,0.359749455,0.03272101
-2964,0.359477124,0.03272101
-2963,0.358932462,0.03272101
-2962,0.358660131,0.03272101
-2961,0.3583878,0.03272101
-2960,0.3583878,0.03272101
-2959,0.357843137,0.03272101
-2958,0.357843137,0.03272101
-2957,0.357570806,0.03272101
-2956,0.357026144,0.03272101
-2955,0.357026144,0.03272101
-2954,0.356753813,0.03272101
-2953,0.356753813,0.03272101
-2952,0.356481481,0.03272101
-2951,0.356481481,0.03272101
-2950,0.355936819,0.03272101
-2949,0.355936819,0.03272101
-2948,0.355936819,0.03272101
-2947,0.355936819,0.03272101
-2946,0.355936819,0.03272101
-2945,0.355664488,0.03272101
-2944,0.355392157,0.03272101
-2943,0.355392157,0.03272101
-2942,0.355392157,0.03272101
-2941,0.355392157,0.03272101
-2940,0.355119826,0.03272101
-2939,0.355119826,0.03272101
-2938,0.355119826,0.03272101
-2937,0.355119826,0.03272101
-2936,0.354847495,0.03272101
-2935,0.354847495,0.03272101
-2934,0.354847495,0.03272101
-2933,0.354847495,0.03272101
-2932,0.354575163,0.03272101
-2931,0.354575163,0.03272101
-2930,0.354302832,0.03272101
-2929,0.354302832,0.03272101
-2928,0.354030501,0.03272101
-2927,0.354030501,0.03272101
-2926,0.354030501,0.03272101
-2925,0.354030501,0.03272101
-2924,0.35375817,0.03272101
-2923,0.35375817,0.03272101
-2922,0.35375817,0.03272101
-2921,0.35375817,0.03272101
-2920,0.353213508,0.03272101
-2919,0.352941176,0.03272101
-2918,0.352941176,0.03272101
-2917,0.352668845,0.03272101
-2916,0.352668845,0.03272101
-2915,0.352124183,0.03272101
-2914,0.352124183,0.03272101
-2913,0.352124183,0.03272101
-2912,0.351579521,0.03272101
-2911,0.351579521,0.03272101
-2910,0.351579521,0.03272101
-2909,0.35130719,0.03272101
-2908,0.351034858,0.03272101
-2907,0.351034858,0.03272101
-2906,0.351034858,0.03272101
-2905,0.351034858,0.03272101
-2904,0.351034858,0.03272101
-2903,0.351034858,0.03272101
-2902,0.351034858,0.03272101
-2901,0.350762527,0.03272101
-2900,0.350217865,0.03272101
-2899,0.349945534,0.03272101
-2898,0.349673203,0.03272101
-2897,0.349400871,0.03272101
-2896,0.34912854,0.03272101
-2895,0.34912854,0.03272101
-2894,0.34912854,0.03272101
-2893,0.34912854,0.03272101
-2892,0.348856209,0.03272101
-2891,0.348583878,0.03272101
-2890,0.348311547,0.03272101
-2889,0.348311547,0.03272101
-2888,0.348039216,0.03272101
-2887,0.348039216,0.03272101
-2886,0.347766885,0.03272101
-2885,0.347766885,0.03272101
-2884,0.347766885,0.03272101
-2883,0.347494553,0.03272101
-2882,0.347494553,0.03272101
-2881,0.347222222,0.03272101
-2880,0.347222222,0.03272101
-2879,0.347222222,0.03272101
-2878,0.346949891,0.03272101
-2877,0.346949891,0.03272101
-2876,0.346949891,0.03272101
-2875,0.34667756,0.03272101
-2874,0.346405229,0.03272101
-2873,0.346405229,0.03272101
-2872,0.346405229,0.03272101
-2871,0.346132898,0.03272101
-2870,0.346132898,0.03272101
-2869,0.345860566,0.03272101
-2868,0.345588235,0.03272101
-2867,0.345588235,0.03272101
-2866,0.345315904,0.03272101
-2865,0.345315904,0.03272101
-2864,0.345043573,0.03272101
-2863,0.345043573,0.03272101
-2862,0.344771242,0.03272101
-2861,0.344771242,0.03272101
-2860,0.344771242,0.03272101
-2859,0.344498911,0.03272101
-2858,0.34422658,0.03272101
-2857,0.343954248,0.03272101
-2856,0.343954248,0.03272101
-2855,0.343954248,0.03272101
-2854,0.343954248,0.03272101
-2853,0.343409586,0.03272101
-2852,0.343137255,0.03272101
-2851,0.342864924,0.03272101
-2850,0.342864924,0.03272101
-2849,0.342592593,0.03272101
-2848,0.342320261,0.03272101
-2847,0.34204793,0.03272101
-2846,0.341503268,0.03272101
-2845,0.341503268,0.03272101
-2844,0.341503268,0.03272101
-2843,0.341503268,0.03272101
-2842,0.341503268,0.03272101
-2841,0.341503268,0.03272101
-2840,0.341503268,0.03272101
-2839,0.341503268,0.03272101
-2838,0.341230937,0.03272101
-2837,0.340413943,0.03272101
-2836,0.340413943,0.03272101
-2835,0.340413943,0.03272101
-2834,0.340413943,0.03272101
-2833,0.340141612,0.03272101
-2832,0.340141612,0.03272101
-2831,0.339869281,0.03272101
-2830,0.33959695,0.03272101
-2829,0.339052288,0.03272101
-2828,0.339052288,0.03272101
-2827,0.339052288,0.03272101
-2826,0.338779956,0.03272101
-2825,0.338235294,0.03272101
-2824,0.338235294,0.03272101
-2823,0.338235294,0.03272101
-2822,0.337690632,0.03272101
-2821,0.337690632,0.03272101
-2820,0.337145969,0.03272101
-2819,0.337145969,0.03272101
-2818,0.336601307,0.03272101
-2817,0.336601307,0.03272101
-2816,0.336601307,0.03272101
-2815,0.336601307,0.03272101
-2814,0.336601307,0.03272101
-2813,0.336601307,0.03272101
-2812,0.336601307,0.03272101
-2811,0.336601307,0.03272101
-2810,0.336601307,0.03272101
-2809,0.336056645,0.03272101
-2808,0.336056645,0.03272101
-2807,0.336056645,0.03272101
-2806,0.336056645,0.03272101
-2805,0.336056645,0.03272101
-2804,0.336056645,0.03272101
-2803,0.336056645,0.03272101
-2802,0.335784314,0.03272101
-2801,0.334694989,0.03272101
-2800,0.334422658,0.03272101
-2799,0.334150327,0.03272101
-2798,0.333877996,0.03272101
-2797,0.333605664,0.03272101
-2796,0.333605664,0.03272101
-2795,0.333061002,0.03272101
-2794,0.333061002,0.03272101
-2793,0.333061002,0.03272101
-2792,0.332788671,0.03272101
-2791,0.332788671,0.03272101
-2790,0.332244009,0.03272101
-2789,0.332244009,0.03272101
-2788,0.332244009,0.03272101
-2787,0.332244009,0.03272101
-2786,0.332244009,0.03272101
-2785,0.332244009,0.03272101
-2784,0.331971678,0.03272101
-2783,0.331971678,0.03272101
-2782,0.331971678,0.03272101
-2781,0.331427015,0.03272101
-2780,0.331427015,0.03272101
-2779,0.331427015,0.03272101
-2778,0.330882353,0.03272101
-2777,0.330610022,0.03272101
-2776,0.330610022,0.03272101
-2775,0.330610022,0.03272101
-2774,0.330610022,0.03272101
-2773,0.330337691,0.03272101
-2772,0.330337691,0.03272101
-2771,0.330065359,0.03272101
-2770,0.330065359,0.03272101
-2769,0.329520697,0.03272101
-2768,0.329248366,0.03272101
-2767,0.329248366,0.03272101
-2766,0.328976035,0.03272101
-2765,0.328431373,0.03272101
-2764,0.328159041,0.03272101
-2763,0.328159041,0.03272101
-2762,0.32788671,0.03272101
-2761,0.32788671,0.03272101
-2760,0.327614379,0.03272101
-2759,0.327614379,0.03272101
-2758,0.327614379,0.03272101
-2757,0.327342048,0.03272101
-2756,0.327069717,0.03272101
-2755,0.327069717,0.03272101
-2754,0.327069717,0.03272101
-2753,0.326797386,0.03272101
-2752,0.326525054,0.03272101
-2751,0.325980392,0.03272101
-2750,0.325980392,0.03272101
-2749,0.325980392,0.03272101
-2748,0.32543573,0.03272101
-2747,0.325163399,0.03272101
-2746,0.324891068,0.03272101
-2745,0.324891068,0.03272101
-2744,0.324618736,0.03272101
-2743,0.324346405,0.03272101
-2742,0.324074074,0.03272101
-2741,0.323801743,0.03272101
-2740,0.323529412,0.03272101
-2739,0.322984749,0.03272101
-2738,0.322984749,0.03272101
-2737,0.322984749,0.03272101
-2736,0.322984749,0.03272101
-2735,0.322440087,0.03272101
-2734,0.322440087,0.03272101
-2733,0.321623094,0.03272101
-2732,0.321078431,0.03272101
-2731,0.321078431,0.03272101
-2730,0.321078431,0.03272101
-2729,0.3208061,0.03272101
-2728,0.3208061,0.03272101
-2727,0.320533769,0.03272101
-2726,0.319989107,0.03272101
-2725,0.319172113,0.03272101
-2724,0.319172113,0.03272101
-2723,0.319172113,0.03272101
-2722,0.319172113,0.03272101
-2721,0.318899782,0.03272101
-2720,0.318627451,0.03272101
-2719,0.31835512,0.03272101
-2718,0.318082789,0.03272101
-2717,0.318082789,0.03272101
-2716,0.318082789,0.03272101
-2715,0.318082789,0.03272101
-2714,0.318082789,0.03272101
-2713,0.318082789,0.03272101
-2712,0.318082789,0.03272101
-2711,0.317810458,0.03272101
-2710,0.317265795,0.03272101
-2709,0.317265795,0.03272101
-2708,0.317265795,0.03272101
-2707,0.316993464,0.03272101
-2706,0.316993464,0.03272101
-2705,0.316993464,0.03272101
-2704,0.316993464,0.03272101
-2703,0.316993464,0.03272101
-2702,0.316721133,0.03272101
-2701,0.315631808,0.03272101
-2700,0.315631808,0.03272101
-2699,0.315631808,0.03272101
-2698,0.315631808,0.03272101
-2697,0.315359477,0.03272101
-2696,0.315359477,0.03272101
-2695,0.315087146,0.03272101
-2694,0.315087146,0.03272101
-2693,0.315087146,0.03272101
-2692,0.315087146,0.03272101
-2691,0.314814815,0.03272101
-2690,0.314814815,0.03272101
-2689,0.314814815,0.03272101
-2688,0.314542484,0.03272101
-2687,0.314542484,0.03272101
-2686,0.313997821,0.03272101
-2685,0.31372549,0.03272101
-2684,0.313453159,0.03272101
-2683,0.312636166,0.03272101
-2682,0.312636166,0.03272101
-2681,0.312636166,0.03272101
-2680,0.312363834,0.03272101
-2679,0.312091503,0.03272101
-2678,0.312091503,0.03272101
-2677,0.311819172,0.03272101
-2676,0.311819172,0.03272101
-2675,0.311546841,0.03272101
-2674,0.31127451,0.03272101
-2673,0.31127451,0.03272101
-2672,0.31127451,0.03272101
-2671,0.310457516,0.03272101
-2670,0.310457516,0.03272101
-2669,0.309912854,0.03272101
-2668,0.309912854,0.03272101
-2667,0.309368192,0.03272101
-2666,0.309368192,0.03272101
-2665,0.309368192,0.03272101
-2664,0.309368192,0.03272101
-2663,0.309368192,0.03272101
-2662,0.309368192,0.03272101
-2661,0.309095861,0.03272101
-2660,0.309095861,0.03272101
-2659,0.309095861,0.03272101
-2658,0.308823529,0.03272101
-2657,0.308823529,0.03272101
-2656,0.308278867,0.03272101
-2655,0.308278867,0.03272101
-2654,0.308278867,0.03272101
-2653,0.308006536,0.03272101
-2652,0.307734205,0.03272101
-2651,0.307461874,0.03272101
-2650,0.307461874,0.03272101
-2649,0.307461874,0.033295063
-2648,0.307461874,0.033295063
-2647,0.307189542,0.033295063
-2646,0.306917211,0.033295063
-2645,0.306372549,0.033295063
-2644,0.306372549,0.033295063
-2643,0.306372549,0.033295063
-2642,0.306100218,0.033295063
-2641,0.305555556,0.033295063
-2640,0.305555556,0.033295063
-2639,0.305283224,0.033295063
-2638,0.305010893,0.033295063
-2637,0.304738562,0.033295063
-2636,0.304466231,0.033295063
-2635,0.304466231,0.033295063
-2634,0.304466231,0.033295063
-2633,0.303376906,0.033295063
-2632,0.303104575,0.033295063
-2631,0.303104575,0.033295063
-2630,0.302559913,0.033295063
-2629,0.302559913,0.033295063
-2628,0.302015251,0.033295063
-2627,0.301470588,0.033295063
-2626,0.301198257,0.033295063
-2625,0.301198257,0.033295063
-2624,0.301198257,0.033295063
-2623,0.301198257,0.033869116
-2622,0.300925926,0.033869116
-2621,0.300925926,0.033869116
-2620,0.300108932,0.033869116
-2619,0.300108932,0.033869116
-2618,0.300108932,0.033869116
-2617,0.299836601,0.033869116
-2616,0.299291939,0.033869116
-2615,0.299019608,0.033869116
-2614,0.299019608,0.033869116
-2613,0.299019608,0.033869116
-2612,0.298747277,0.033869116
-2611,0.298747277,0.033869116
-2610,0.298474946,0.033869116
-2609,0.298202614,0.033869116
-2608,0.297930283,0.033869116
-2607,0.297930283,0.033869116
-2606,0.297657952,0.033869116
-2605,0.297657952,0.033869116
-2604,0.297385621,0.033869116
-2603,0.297385621,0.033869116
-2602,0.29711329,0.033869116
-2601,0.296840959,0.033869116
-2600,0.296840959,0.033869116
-2599,0.296568627,0.033869116
-2598,0.295751634,0.033869116
-2597,0.295751634,0.033869116
-2596,0.295751634,0.033869116
-2595,0.295479303,0.033869116
-2594,0.295206972,0.033869116
-2593,0.294934641,0.033869116
-2592,0.294934641,0.033869116
-2591,0.294934641,0.033869116
-2590,0.294389978,0.033869116
-2589,0.294389978,0.033869116
-2588,0.294389978,0.033869116
-2587,0.294389978,0.033869116
-2586,0.294389978,0.033869116
-2585,0.294117647,0.033869116
-2584,0.294117647,0.033869116
-2583,0.293845316,0.033869116
-2582,0.293845316,0.033869116
-2581,0.293572985,0.033869116
-2580,0.293572985,0.033869116
-2579,0.293572985,0.033869116
-2578,0.293572985,0.033869116
-2577,0.293300654,0.033869116
-2576,0.293028322,0.033869116
-2575,0.293028322,0.033869116
-2574,0.292755991,0.033869116
-2573,0.292755991,0.033869116
-2572,0.29248366,0.033869116
-2571,0.292211329,0.033869116
-2570,0.291938998,0.033869116
-2569,0.291666667,0.033869116
-2568,0.291666667,0.033869116
-2567,0.291666667,0.033869116
-2566,0.291394336,0.033869116
-2565,0.291122004,0.033869116
-2564,0.291122004,0.033869116
-2563,0.290849673,0.033869116
-2562,0.290577342,0.033869116
-2561,0.290577342,0.033869116
-2560,0.290305011,0.033869116
-2559,0.29003268,0.033869116
-2558,0.29003268,0.033869116
-2557,0.289760349,0.033869116
-2556,0.289488017,0.033869116
-2555,0.289215686,0.033869116
-2554,0.288943355,0.033869116
-2553,0.288943355,0.033869116
-2552,0.288943355,0.033869116
-2551,0.288943355,0.033869116
-2550,0.288943355,0.033869116
-2549,0.288671024,0.033869116
-2548,0.288398693,0.033869116
-2547,0.288398693,0.033869116
-2546,0.288398693,0.033869116
-2545,0.288398693,0.033869116
-2544,0.288126362,0.033869116
-2543,0.288126362,0.033869116
-2542,0.288126362,0.033869116
-2541,0.288126362,0.033869116
-2540,0.288126362,0.033869116
-2539,0.288126362,0.033869116
-2538,0.287854031,0.033869116
-2537,0.287854031,0.033869116
-2536,0.287854031,0.033869116
-2535,0.287854031,0.033869116
-2534,0.287854031,0.033869116
-2533,0.287581699,0.033869116
-2532,0.287037037,0.033869116
-2531,0.286764706,0.033869116
-2530,0.286764706,0.033869116
-2529,0.286492375,0.033869116
-2528,0.286220044,0.033869116
-2527,0.285675381,0.033869116
-2526,0.285675381,0.033869116
-2525,0.28540305,0.033869116
-2524,0.285130719,0.033869116
-2523,0.284858388,0.033869116
-2522,0.284858388,0.033869116
-2521,0.284313725,0.033869116
-2520,0.284313725,0.033869116
-2519,0.284313725,0.033869116
-2518,0.283769063,0.033869116
-2517,0.283769063,0.033869116
-2516,0.283496732,0.033869116
-2515,0.283496732,0.033869116
-2514,0.283496732,0.033869116
-2513,0.283224401,0.033869116
-2512,0.28295207,0.033869116
-2511,0.282679739,0.033869116
-2510,0.281590414,0.033869116
-2509,0.281590414,0.033869116
-2508,0.281590414,0.033869116
-2507,0.281590414,0.033869116
-2506,0.281318083,0.033869116
-2505,0.281318083,0.033869116
-2504,0.281318083,0.033869116
-2503,0.281045752,0.033869116
-2502,0.280501089,0.033869116
-2501,0.279684096,0.033869116
-2500,0.279139434,0.033869116
-2499,0.278867102,0.033869116
-2498,0.278594771,0.033869116
-2497,0.27832244,0.033869116
-2496,0.278050109,0.033869116
-2495,0.277777778,0.034443169
-2494,0.277777778,0.034443169
-2493,0.277777778,0.034443169
-2492,0.277505447,0.034443169
-2491,0.277505447,0.034443169
-2490,0.277233115,0.034443169
-2489,0.277233115,0.034443169
-2488,0.276960784,0.034443169
-2487,0.276688453,0.034443169
-2486,0.276688453,0.034443169
-2485,0.276688453,0.034443169
-2484,0.276416122,0.034443169
-2483,0.276416122,0.034443169
-2482,0.276416122,0.034443169
-2481,0.276143791,0.034443169
-2480,0.27587146,0.034443169
-2479,0.275599129,0.034443169
-2478,0.274782135,0.034443169
-2477,0.274782135,0.034443169
-2476,0.274237473,0.034443169
-2475,0.274237473,0.034443169
-2474,0.273965142,0.034443169
-2473,0.273965142,0.034443169
-2472,0.273965142,0.034443169
-2471,0.273965142,0.034443169
-2470,0.273965142,0.034443169
-2469,0.273965142,0.034443169
-2468,0.27369281,0.034443169
-2467,0.27369281,0.034443169
-2466,0.27369281,0.034443169
-2465,0.27369281,0.034443169
-2464,0.273420479,0.034443169
-2463,0.273420479,0.034443169
-2462,0.272603486,0.034443169
-2461,0.272603486,0.034443169
-2460,0.272603486,0.034443169
-2459,0.271786492,0.034443169
-2458,0.27124183,0.034443169
-2457,0.27124183,0.034443169
-2456,0.270969499,0.034443169
-2455,0.270969499,0.034443169
-2454,0.270969499,0.034443169
-2453,0.270697168,0.034443169
-2452,0.270697168,0.034443169
-2451,0.270424837,0.034443169
-2450,0.270424837,0.034443169
-2449,0.270152505,0.034443169
-2448,0.269607843,0.034443169
-2447,0.269607843,0.034443169
-2446,0.269607843,0.034443169
-2445,0.269607843,0.034443169
-2444,0.269607843,0.034443169
-2443,0.269335512,0.035017222
-2442,0.269335512,0.035017222
-2441,0.269063181,0.035017222
-2440,0.269063181,0.035017222
-2439,0.26879085,0.035017222
-2438,0.268518519,0.035017222
-2437,0.267973856,0.035017222
-2436,0.267973856,0.035017222
-2435,0.266884532,0.035017222
-2434,0.266884532,0.035017222
-2433,0.2666122,0.035017222
-2432,0.2666122,0.035017222
-2431,0.2666122,0.035017222
-2430,0.2666122,0.035017222
-2429,0.266339869,0.035017222
-2428,0.266339869,0.035017222
-2427,0.266339869,0.035017222
-2426,0.266339869,0.035017222
-2425,0.266067538,0.035017222
-2424,0.266067538,0.035017222
-2423,0.266067538,0.035017222
-2422,0.266067538,0.035017222
-2421,0.266067538,0.035017222
-2420,0.265795207,0.035017222
-2419,0.265795207,0.035017222
-2418,0.265522876,0.035017222
-2417,0.265250545,0.035017222
-2416,0.264978214,0.035017222
-2415,0.264978214,0.035017222
-2414,0.264978214,0.035017222
-2413,0.264705882,0.035017222
-2412,0.264433551,0.035017222
-2411,0.264433551,0.035017222
-2410,0.263888889,0.035017222
-2409,0.263888889,0.035017222
-2408,0.263888889,0.035017222
-2407,0.263616558,0.035017222
-2406,0.262527233,0.035017222
-2405,0.261982571,0.035017222
-2404,0.261982571,0.035017222
-2403,0.26171024,0.035017222
-2402,0.26171024,0.035017222
-2401,0.26171024,0.035017222
-2400,0.26171024,0.035017222
-2399,0.261437908,0.035591274
-2398,0.261165577,0.035591274
-2397,0.261165577,0.035591274
-2396,0.260893246,0.035591274
-2395,0.260893246,0.035591274
-2394,0.260893246,0.035591274
-2393,0.260620915,0.035591274
-2392,0.260620915,0.035591274
-2391,0.260348584,0.035591274
-2390,0.260076253,0.035591274
-2389,0.260076253,0.035591274
-2388,0.260076253,0.035591274
-2387,0.260076253,0.035591274
-2386,0.260076253,0.035591274
-2385,0.260076253,0.035591274
-2384,0.259803922,0.035591274
-2383,0.259259259,0.035591274
-2382,0.258986928,0.035591274
-2381,0.258986928,0.035591274
-2380,0.258714597,0.035591274
-2379,0.258442266,0.035591274
-2378,0.257897603,0.035591274
-2377,0.257625272,0.035591274
-2376,0.257352941,0.035591274
-2375,0.257352941,0.035591274
-2374,0.25708061,0.035591274
-2373,0.25708061,0.035591274
-2372,0.256808279,0.035591274
-2371,0.256535948,0.035591274
-2370,0.256263617,0.035591274
-2369,0.255718954,0.035591274
-2368,0.255718954,0.035591274
-2367,0.255718954,0.035591274
-2366,0.255446623,0.035591274
-2365,0.255446623,0.035591274
-2364,0.255174292,0.035591274
-2363,0.254901961,0.035591274
-2362,0.254901961,0.035591274
-2361,0.25462963,0.035591274
-2360,0.25462963,0.035591274
-2359,0.25462963,0.035591274
-2358,0.25462963,0.035591274
-2357,0.254357298,0.035591274
-2356,0.254357298,0.035591274
-2355,0.254084967,0.035591274
-2354,0.253812636,0.035591274
-2353,0.253812636,0.035591274
-2352,0.253540305,0.035591274
-2351,0.253540305,0.035591274
-2350,0.253540305,0.035591274
-2349,0.253540305,0.035591274
-2348,0.253267974,0.035591274
-2347,0.253267974,0.035591274
-2346,0.253267974,0.035591274
-2345,0.252178649,0.035591274
-2344,0.252178649,0.035591274
-2343,0.252178649,0.035591274
-2342,0.252178649,0.035591274
-2341,0.252178649,0.035591274
-2340,0.252178649,0.035591274
-2339,0.252178649,0.035591274
-2338,0.251906318,0.035591274
-2337,0.251906318,0.035591274
-2336,0.251361656,0.035591274
-2335,0.251089325,0.035591274
-2334,0.250816993,0.035591274
-2333,0.250272331,0.035591274
-2332,0.250272331,0.035591274
-2331,0.250272331,0.035591274
-2330,0.25,0.035591274
-2329,0.25,0.035591274
-2328,0.25,0.035591274
-2327,0.25,0.035591274
-2326,0.249727669,0.035591274
-2325,0.248910675,0.035591274
-2324,0.248638344,0.035591274
-2323,0.248093682,0.035591274
-2322,0.248093682,0.035591274
-2321,0.24754902,0.035591274
-2320,0.247276688,0.035591274
-2319,0.246732026,0.035591274
-2318,0.246732026,0.035591274
-2317,0.246459695,0.035591274
-2316,0.245915033,0.035591274
-2315,0.245642702,0.035591274
-2314,0.245098039,0.035591274
-2313,0.245098039,0.035591274
-2312,0.244825708,0.035591274
-2311,0.244825708,0.035591274
-2310,0.244553377,0.035591274
-2309,0.244553377,0.035591274
-2308,0.244281046,0.035591274
-2307,0.244281046,0.035591274
-2306,0.244281046,0.035591274
-2305,0.243464052,0.035591274
-2304,0.243464052,0.035591274
-2303,0.243464052,0.035591274
-2302,0.243464052,0.035591274
-2301,0.243191721,0.035591274
-2300,0.243191721,0.035591274
-2299,0.243191721,0.035591274
-2298,0.243191721,0.035591274
-2297,0.243191721,0.035591274
-2296,0.243191721,0.035591274
-2295,0.243191721,0.035591274
-2294,0.243191721,0.035591274
-2293,0.243191721,0.035591274
-2292,0.24291939,0.035591274
-2291,0.24291939,0.035591274
-2290,0.24291939,0.035591274
-2289,0.24291939,0.035591274
-2288,0.242647059,0.035591274
-2287,0.242647059,0.035591274
-2286,0.242374728,0.035591274
-2285,0.242374728,0.035591274
-2284,0.242102397,0.035591274
-2283,0.241557734,0.035591274
-2282,0.241557734,0.035591274
-2281,0.241557734,0.035591274
-2280,0.241285403,0.035591274
-2279,0.241013072,0.035591274
-2278,0.241013072,0.035591274
-2277,0.240740741,0.035591274
-2276,0.240740741,0.035591274
-2275,0.240740741,0.035591274
-2274,0.24046841,0.035591274
-2273,0.24046841,0.035591274
-2272,0.240196078,0.035591274
-2271,0.240196078,0.035591274
-2270,0.240196078,0.035591274
-2269,0.240196078,0.035591274
-2268,0.240196078,0.035591274
-2267,0.239651416,0.035591274
-2266,0.239651416,0.035591274
-2265,0.239651416,0.035591274
-2264,0.239651416,0.035591274
-2263,0.239651416,0.035591274
-2262,0.239651416,0.035591274
-2261,0.239379085,0.035591274
-2260,0.239379085,0.035591274
-2259,0.239379085,0.035591274
-2258,0.239379085,0.035591274
-2257,0.239379085,0.035591274
-2256,0.239106754,0.035591274
-2255,0.239106754,0.035591274
-2254,0.238834423,0.035591274
-2253,0.238834423,0.035591274
-2252,0.23828976,0.035591274
-2251,0.23828976,0.035591274
-2250,0.23828976,0.035591274
-2249,0.237745098,0.035591274
-2248,0.237472767,0.035591274
-2247,0.237472767,0.035591274
-2246,0.236928105,0.035591274
-2245,0.236928105,0.035591274
-2244,0.236928105,0.035591274
-2243,0.236928105,0.035591274
-2242,0.236928105,0.035591274
-2241,0.236928105,0.035591274
-2240,0.236928105,0.035591274
-2239,0.236928105,0.035591274
-2238,0.236928105,0.035591274
-2237,0.236928105,0.035591274
-2236,0.236928105,0.035591274
-2235,0.236928105,0.035591274
-2234,0.236655773,0.035591274
-2233,0.236655773,0.035591274
-2232,0.236655773,0.035591274
-2231,0.236383442,0.035591274
-2230,0.236383442,0.035591274
-2229,0.236383442,0.035591274
-2228,0.236111111,0.035591274
-2227,0.236111111,0.035591274
-2226,0.236111111,0.035591274
-2225,0.236111111,0.035591274
-2224,0.236111111,0.035591274
-2223,0.236111111,0.035591274
-2222,0.23583878,0.035591274
-2221,0.23583878,0.035591274
-2220,0.235294118,0.035591274
-2219,0.235021786,0.035591274
-2218,0.234749455,0.035591274
-2217,0.234477124,0.035591274
-2216,0.234477124,0.035591274
-2215,0.234204793,0.035591274
-2214,0.233932462,0.035591274
-2213,0.233660131,0.035591274
-2212,0.233660131,0.035591274
-2211,0.232843137,0.035591274
-2210,0.232843137,0.035591274
-2209,0.232570806,0.035591274
-2208,0.232570806,0.035591274
-2207,0.232298475,0.035591274
-2206,0.232026144,0.035591274
-2205,0.232026144,0.035591274
-2204,0.232026144,0.035591274
-2203,0.232026144,0.035591274
-2202,0.231753813,0.035591274
-2201,0.231753813,0.035591274
-2200,0.231481481,0.035591274
-2199,0.231481481,0.035591274
-2198,0.230936819,0.035591274
-2197,0.230392157,0.036165327
-2196,0.230392157,0.036165327
-2195,0.230119826,0.036165327
-2194,0.229302832,0.036165327
-2193,0.229302832,0.036165327
-2192,0.229302832,0.036165327
-2191,0.229302832,0.036165327
-2190,0.229030501,0.036165327
-2189,0.22875817,0.036165327
-2188,0.22875817,0.036165327
-2187,0.228485839,0.036165327
-2186,0.228485839,0.036165327
-2185,0.228213508,0.036165327
-2184,0.228213508,0.036165327
-2183,0.227668845,0.036165327
-2182,0.227668845,0.036165327
-2181,0.227396514,0.036165327
-2180,0.227124183,0.036165327
-2179,0.226851852,0.03673938
-2178,0.226579521,0.037313433
-2177,0.22630719,0.037313433
-2176,0.22630719,0.037313433
-2175,0.22630719,0.037313433
-2174,0.225762527,0.037313433
-2173,0.225762527,0.037313433
-2172,0.225762527,0.037313433
-2171,0.225762527,0.037313433
-2170,0.225490196,0.037313433
-2169,0.225490196,0.037313433
-2168,0.225490196,0.037313433
-2167,0.225490196,0.037313433
-2166,0.224945534,0.037313433
-2165,0.224673203,0.037313433
-2164,0.224673203,0.037313433
-2163,0.224673203,0.037313433
-2162,0.22412854,0.037313433
-2161,0.223311547,0.037313433
-2160,0.223039216,0.037313433
-2159,0.223039216,0.037313433
-2158,0.222766885,0.037313433
-2157,0.222766885,0.037313433
-2156,0.222766885,0.037313433
-2155,0.222494553,0.037313433
-2154,0.222494553,0.037313433
-2153,0.222494553,0.037313433
-2152,0.222494553,0.037313433
-2151,0.222222222,0.037313433
-2150,0.222222222,0.037313433
-2149,0.221949891,0.037313433
-2148,0.221949891,0.037313433
-2147,0.221949891,0.037313433
-2146,0.22167756,0.037313433
-2145,0.221405229,0.037313433
-2144,0.221405229,0.037313433
-2143,0.221405229,0.037313433
-2142,0.221405229,0.037313433
-2141,0.221132898,0.037313433
-2140,0.220860566,0.037313433
-2139,0.220588235,0.037313433
-2138,0.220315904,0.037313433
-2137,0.219771242,0.037313433
-2136,0.219771242,0.037313433
-2135,0.219498911,0.037313433
-2134,0.219498911,0.037313433
-2133,0.218954248,0.037313433
-2132,0.218954248,0.037313433
-2131,0.218954248,0.037313433
-2130,0.218954248,0.037313433
-2129,0.218954248,0.037313433
-2128,0.218681917,0.037313433
-2127,0.218681917,0.037313433
-2126,0.218409586,0.037313433
-2125,0.218409586,0.037313433
-2124,0.218409586,0.037313433
-2123,0.218137255,0.037313433
-2122,0.218137255,0.037313433
-2121,0.218137255,0.037313433
-2120,0.218137255,0.037313433
-2119,0.218137255,0.037313433
-2118,0.217864924,0.037313433
-2117,0.217592593,0.037313433
-2116,0.217592593,0.037313433
-2115,0.217320261,0.037313433
-2114,0.217320261,0.037313433
-2113,0.216503268,0.037313433
-2112,0.216503268,0.037313433
-2111,0.216503268,0.037313433
-2110,0.215958606,0.037313433
-2109,0.215958606,0.037313433
-2108,0.215958606,0.037313433
-2107,0.215958606,0.037313433
-2106,0.215686275,0.037313433
-2105,0.215686275,0.037313433
-2104,0.215413943,0.037313433
-2103,0.21459695,0.037313433
-2102,0.214324619,0.037313433
-2101,0.213779956,0.037313433
-2100,0.213507625,0.037313433
-2099,0.213507625,0.037313433
-2098,0.212690632,0.037313433
-2097,0.212418301,0.037313433
-2096,0.212418301,0.037313433
-2095,0.212145969,0.037313433
-2094,0.211873638,0.037313433
-2093,0.211601307,0.037313433
-2092,0.211601307,0.037313433
-2091,0.211601307,0.037313433
-2090,0.211601307,0.037313433
-2089,0.211328976,0.037313433
-2088,0.211328976,0.037313433
-2087,0.211328976,0.037313433
-2086,0.211056645,0.037313433
-2085,0.210784314,0.037313433
-2084,0.210784314,0.037313433
-2083,0.210239651,0.037313433
-2082,0.20996732,0.037887486
-2081,0.20996732,0.037887486
-2080,0.20996732,0.037887486
-2079,0.209694989,0.037887486
-2078,0.209150327,0.037887486
-2077,0.209150327,0.037887486
-2076,0.209150327,0.037887486
-2075,0.208605664,0.037887486
-2074,0.208333333,0.037887486
-2073,0.208333333,0.037887486
-2072,0.208061002,0.037887486
-2071,0.207788671,0.037887486
-2070,0.20751634,0.037887486
-2069,0.20751634,0.038461538
-2068,0.20751634,0.038461538
-2067,0.20751634,0.038461538
-2066,0.206971678,0.038461538
-2065,0.206971678,0.038461538
-2064,0.206699346,0.038461538
-2063,0.206699346,0.038461538
-2062,0.206699346,0.038461538
-2061,0.206427015,0.038461538
-2060,0.206427015,0.038461538
-2059,0.206427015,0.038461538
-2058,0.206427015,0.038461538
-2057,0.206427015,0.038461538
-2056,0.205882353,0.038461538
-2055,0.205882353,0.038461538
-2054,0.205882353,0.038461538
-2053,0.205882353,0.038461538
-2052,0.205337691,0.038461538
-2051,0.205065359,0.038461538
-2050,0.205065359,0.038461538
-2049,0.205065359,0.038461538
-2048,0.205065359,0.038461538
-2047,0.205065359,0.038461538
-2046,0.204248366,0.038461538
-2045,0.203976035,0.038461538
-2044,0.203976035,0.038461538
-2043,0.203703704,0.038461538
-2042,0.203159041,0.038461538
-2041,0.203159041,0.038461538
-2040,0.202614379,0.038461538
-2039,0.202614379,0.038461538
-2038,0.202614379,0.038461538
-2037,0.202614379,0.038461538
-2036,0.202614379,0.038461538
-2035,0.202069717,0.038461538
-2034,0.202069717,0.038461538
-2033,0.201797386,0.038461538
-2032,0.201797386,0.038461538
-2031,0.201797386,0.038461538
-2030,0.201525054,0.038461538
-2029,0.201252723,0.038461538
-2028,0.201252723,0.038461538
-2027,0.200980392,0.038461538
-2026,0.200980392,0.038461538
-2025,0.200980392,0.038461538
-2024,0.20043573,0.038461538
-2023,0.20043573,0.038461538
-2022,0.200163399,0.038461538
-2021,0.199891068,0.038461538
-2020,0.199891068,0.039035591
-2019,0.199891068,0.039035591
-2018,0.199346405,0.039609644
-2017,0.199346405,0.039609644
-2016,0.199074074,0.039609644
-2015,0.199074074,0.039609644
-2014,0.199074074,0.039609644
-2013,0.198529412,0.039609644
-2012,0.198257081,0.039609644
-2011,0.198257081,0.039609644
-2010,0.197984749,0.039609644
-2009,0.197440087,0.039609644
-2008,0.197167756,0.039609644
-2007,0.196623094,0.039609644
-2006,0.196623094,0.039609644
-2005,0.196623094,0.039609644
-2004,0.196350763,0.039609644
-2003,0.1958061,0.039609644
-2002,0.1958061,0.039609644
-2001,0.195533769,0.039609644
-2000,0.195261438,0.039609644
-1999,0.194989107,0.039609644
-1998,0.194989107,0.039609644
-1997,0.194716776,0.040183697
-1996,0.194716776,0.040183697
-1995,0.193899782,0.040183697
-1994,0.193899782,0.040183697
-1993,0.193082789,0.040183697
-1992,0.192810458,0.040183697
-1991,0.192265795,0.040183697
-1990,0.192265795,0.040183697
-1989,0.192265795,0.040183697
-1988,0.192265795,0.040183697
-1987,0.192265795,0.040183697
-1986,0.192265795,0.040183697
-1985,0.192265795,0.040183697
-1984,0.192265795,0.040183697
-1983,0.192265795,0.040183697
-1982,0.192265795,0.040183697
-1981,0.192265795,0.040183697
-1980,0.192265795,0.040183697
-1979,0.191993464,0.040183697
-1978,0.191993464,0.040183697
-1977,0.191993464,0.040183697
-1976,0.191448802,0.040183697
-1975,0.191176471,0.040183697
-1974,0.190904139,0.040183697
-1973,0.190904139,0.040183697
-1972,0.190904139,0.040183697
-1971,0.190087146,0.040183697
-1970,0.190087146,0.040183697
-1969,0.190087146,0.040183697
-1968,0.189814815,0.040183697
-1967,0.189814815,0.040183697
-1966,0.189542484,0.040183697
-1965,0.189270153,0.04075775
-1964,0.18872549,0.04075775
-1963,0.188180828,0.04075775
-1962,0.187908497,0.04075775
-1961,0.187908497,0.04075775
-1960,0.187636166,0.04075775
-1959,0.187363834,0.04075775
-1958,0.187363834,0.04075775
-1957,0.187091503,0.04075775
-1956,0.187091503,0.04075775
-1955,0.186819172,0.04075775
-1954,0.186546841,0.04075775
-1953,0.186002179,0.04075775
-1952,0.185729847,0.04075775
-1951,0.185457516,0.04075775
-1950,0.184640523,0.041331803
-1949,0.184095861,0.041331803
-1948,0.184095861,0.041331803
-1947,0.184095861,0.041331803
-1946,0.184095861,0.041331803
-1945,0.183823529,0.041331803
-1944,0.183823529,0.041331803
-1943,0.183823529,0.041331803
-1942,0.183551198,0.041331803
-1941,0.183551198,0.041331803
-1940,0.183551198,0.041331803
-1939,0.183551198,0.041331803
-1938,0.183551198,0.041331803
-1937,0.183551198,0.041331803
-1936,0.183278867,0.041331803
-1935,0.182734205,0.041331803
-1934,0.182734205,0.041331803
-1933,0.182461874,0.041331803
-1932,0.182189542,0.041331803
-1931,0.18164488,0.041331803
-1930,0.181372549,0.041331803
-1929,0.181372549,0.041331803
-1928,0.181372549,0.041331803
-1927,0.181100218,0.041331803
-1926,0.181100218,0.041331803
-1925,0.181100218,0.041331803
-1924,0.181100218,0.041331803
-1923,0.180827887,0.041331803
-1922,0.180827887,0.041331803
-1921,0.180827887,0.041331803
-1920,0.180827887,0.041331803
-1919,0.180827887,0.041331803
-1918,0.180555556,0.041331803
-1917,0.180283224,0.041331803
-1916,0.180010893,0.041331803
-1915,0.180010893,0.041331803
-1914,0.180010893,0.041331803
-1913,0.179738562,0.041331803
-1912,0.179738562,0.041331803
-1911,0.179738562,0.041331803
-1910,0.179466231,0.041331803
-1909,0.179466231,0.041331803
-1908,0.1791939,0.041905855
-1907,0.1791939,0.041905855
-1906,0.178376906,0.041905855
-1905,0.178376906,0.041905855
-1904,0.178376906,0.041905855
-1903,0.178376906,0.041905855
-1902,0.178376906,0.041905855
-1901,0.178376906,0.041905855
-1900,0.177832244,0.041905855
-1899,0.177832244,0.041905855
-1898,0.177287582,0.041905855
-1897,0.177287582,0.042479908
-1896,0.177015251,0.042479908
-1895,0.177015251,0.042479908
-1894,0.176470588,0.042479908
-1893,0.176470588,0.042479908
-1892,0.176470588,0.042479908
-1891,0.176470588,0.042479908
-1890,0.176470588,0.042479908
-1889,0.176198257,0.042479908
-1888,0.176198257,0.042479908
-1887,0.175653595,0.042479908
-1886,0.175381264,0.042479908
-1885,0.175381264,0.042479908
-1884,0.175108932,0.042479908
-1883,0.174836601,0.042479908
-1882,0.17456427,0.042479908
-1881,0.174291939,0.042479908
-1880,0.174291939,0.042479908
-1879,0.174291939,0.042479908
-1878,0.174291939,0.042479908
-1877,0.174019608,0.042479908
-1876,0.173747277,0.042479908
-1875,0.173747277,0.042479908
-1874,0.173202614,0.042479908
-1873,0.173202614,0.042479908
-1872,0.173202614,0.042479908
-1871,0.172930283,0.042479908
-1870,0.172657952,0.042479908
-1869,0.172385621,0.042479908
-1868,0.172385621,0.042479908
-1867,0.172385621,0.042479908
-1866,0.172385621,0.042479908
-1865,0.172385621,0.042479908
-1864,0.171840959,0.042479908
-1863,0.171568627,0.042479908
-1862,0.171568627,0.042479908
-1861,0.171568627,0.042479908
-1860,0.171568627,0.042479908
-1859,0.171568627,0.042479908
-1858,0.171568627,0.042479908
-1857,0.171023965,0.042479908
-1856,0.170751634,0.042479908
-1855,0.170751634,0.042479908
-1854,0.170751634,0.042479908
-1853,0.170751634,0.043053961
-1852,0.170479303,0.043053961
-1851,0.170206972,0.043053961
-1850,0.170206972,0.043053961
-1849,0.170206972,0.043053961
-1848,0.170206972,0.043053961
-1847,0.169934641,0.043053961
-1846,0.169117647,0.043053961
-1845,0.168572985,0.043053961
-1844,0.168572985,0.043053961
-1843,0.168300654,0.043053961
-1842,0.168300654,0.043053961
-1841,0.168300654,0.043053961
-1840,0.168028322,0.043053961
-1839,0.168028322,0.043053961
-1838,0.168028322,0.043053961
-1837,0.167755991,0.043053961
-1836,0.167755991,0.043053961
-1835,0.16748366,0.043053961
-1834,0.16748366,0.043053961
-1833,0.166938998,0.043053961
-1832,0.166938998,0.043053961
-1831,0.166938998,0.043053961
-1830,0.166938998,0.043053961
-1829,0.166938998,0.043053961
-1828,0.166122004,0.043053961
-1827,0.166122004,0.043053961
-1826,0.166122004,0.043053961
-1825,0.165577342,0.043053961
-1824,0.165305011,0.043053961
-1823,0.165305011,0.043053961
-1822,0.165305011,0.043053961
-1821,0.165305011,0.043053961
-1820,0.16503268,0.043053961
-1819,0.16503268,0.043628014
-1818,0.16503268,0.043628014
-1817,0.16503268,0.043628014
-1816,0.16503268,0.043628014
-1815,0.164760349,0.043628014
-1814,0.164760349,0.044202067
-1813,0.164760349,0.044202067
-1812,0.164488017,0.044202067
-1811,0.164488017,0.044202067
-1810,0.164215686,0.044202067
-1809,0.164215686,0.044202067
-1808,0.163943355,0.044202067
-1807,0.163943355,0.044202067
-1806,0.163671024,0.044202067
-1805,0.163398693,0.044202067
-1804,0.163126362,0.044202067
-1803,0.162581699,0.044202067
-1802,0.162581699,0.044202067
-1801,0.162581699,0.044202067
-1800,0.162309368,0.044202067
-1799,0.162309368,0.044202067
-1798,0.162309368,0.044202067
-1797,0.162037037,0.044202067
-1796,0.162037037,0.044202067
-1795,0.162037037,0.044202067
-1794,0.162037037,0.044202067
-1793,0.162037037,0.044202067
-1792,0.162037037,0.044202067
-1791,0.161764706,0.044776119
-1790,0.161764706,0.044776119
-1789,0.160947712,0.044776119
-1788,0.160947712,0.044776119
-1787,0.160947712,0.044776119
-1786,0.16040305,0.044776119
-1785,0.16040305,0.044776119
-1784,0.16040305,0.044776119
-1783,0.160130719,0.044776119
-1782,0.159858388,0.044776119
-1781,0.159313725,0.044776119
-1780,0.159313725,0.044776119
-1779,0.159313725,0.044776119
-1778,0.159041394,0.044776119
-1777,0.159041394,0.044776119
-1776,0.159041394,0.044776119
-1775,0.158496732,0.044776119
-1774,0.158496732,0.044776119
-1773,0.158496732,0.044776119
-1772,0.158224401,0.044776119
-1771,0.158224401,0.044776119
-1770,0.158224401,0.044776119
-1769,0.15795207,0.044776119
-1768,0.15795207,0.044776119
-1767,0.157407407,0.044776119
-1766,0.156590414,0.044776119
-1765,0.156318083,0.044776119
-1764,0.156318083,0.044776119
-1763,0.156318083,0.044776119
-1762,0.156318083,0.044776119
-1761,0.156318083,0.044776119
-1760,0.15577342,0.044776119
-1759,0.15577342,0.044776119
-1758,0.15577342,0.044776119
-1757,0.15577342,0.044776119
-1756,0.155501089,0.044776119
-1755,0.155501089,0.044776119
-1754,0.155228758,0.044776119
-1753,0.155228758,0.044776119
-1752,0.155228758,0.044776119
-1751,0.155228758,0.044776119
-1750,0.154956427,0.044776119
-1749,0.154956427,0.045350172
-1748,0.154956427,0.045350172
-1747,0.154684096,0.045350172
-1746,0.154684096,0.045350172
-1745,0.154684096,0.045350172
-1744,0.154684096,0.045350172
-1743,0.154139434,0.045350172
-1742,0.154139434,0.045924225
-1741,0.153867102,0.045924225
-1740,0.153867102,0.045924225
-1739,0.153594771,0.045924225
-1738,0.153050109,0.045924225
-1737,0.153050109,0.045924225
-1736,0.152777778,0.045924225
-1735,0.152505447,0.045924225
-1734,0.152505447,0.045924225
-1733,0.152505447,0.045924225
-1732,0.152233115,0.045924225
-1731,0.151688453,0.045924225
-1730,0.151688453,0.045924225
-1729,0.151416122,0.045924225
-1728,0.151416122,0.045924225
-1727,0.151416122,0.045924225
-1726,0.151143791,0.045924225
-1725,0.15087146,0.045924225
-1724,0.15087146,0.046498278
-1723,0.15087146,0.046498278
-1722,0.150326797,0.046498278
-1721,0.150054466,0.046498278
-1720,0.150054466,0.046498278
-1719,0.150054466,0.046498278
-1718,0.149782135,0.046498278
-1717,0.149782135,0.046498278
-1716,0.149237473,0.046498278
-1715,0.149237473,0.046498278
-1714,0.148965142,0.046498278
-1713,0.14869281,0.046498278
-1712,0.14869281,0.046498278
-1711,0.14869281,0.046498278
-1710,0.14869281,0.047072331
-1709,0.148420479,0.047072331
-1708,0.148420479,0.047646383
-1707,0.148420479,0.047646383
-1706,0.148148148,0.047646383
-1705,0.147875817,0.047646383
-1704,0.147875817,0.047646383
-1703,0.147603486,0.047646383
-1702,0.147331155,0.048220436
-1701,0.147331155,0.048220436
-1700,0.147331155,0.048220436
-1699,0.147331155,0.048220436
-1698,0.146786492,0.048220436
-1697,0.146514161,0.048220436
-1696,0.14624183,0.048220436
-1695,0.14624183,0.048220436
-1694,0.14624183,0.048220436
-1693,0.145969499,0.048220436
-1692,0.145424837,0.048220436
-1691,0.145424837,0.048220436
-1690,0.144607843,0.048220436
-1689,0.144607843,0.048220436
-1688,0.144607843,0.048220436
-1687,0.144335512,0.048220436
-1686,0.144063181,0.048220436
-1685,0.14379085,0.048220436
-1684,0.14379085,0.048220436
-1683,0.143518519,0.048220436
-1682,0.143518519,0.048220436
-1681,0.143518519,0.048220436
-1680,0.143518519,0.048220436
-1679,0.143518519,0.048220436
-1678,0.143518519,0.048220436
-1677,0.143518519,0.048220436
-1676,0.143246187,0.048220436
-1675,0.142973856,0.048220436
-1674,0.142973856,0.048220436
-1673,0.142973856,0.048794489
-1672,0.142973856,0.048794489
-1671,0.142429194,0.048794489
-1670,0.141884532,0.048794489
-1669,0.141884532,0.048794489
-1668,0.1416122,0.048794489
-1667,0.141339869,0.048794489
-1666,0.141339869,0.048794489
-1665,0.141067538,0.048794489
-1664,0.141067538,0.048794489
-1663,0.140795207,0.048794489
-1662,0.140795207,0.048794489
-1661,0.140795207,0.048794489
-1660,0.140522876,0.048794489
-1659,0.139978214,0.048794489
-1658,0.139978214,0.048794489
-1657,0.139978214,0.048794489
-1656,0.139705882,0.048794489
-1655,0.138616558,0.048794489
-1654,0.137527233,0.048794489
-1653,0.137527233,0.048794489
-1652,0.137527233,0.048794489
-1651,0.137527233,0.048794489
-1650,0.137254902,0.048794489
-1649,0.137254902,0.048794489
-1648,0.137254902,0.048794489
-1647,0.137254902,0.048794489
-1646,0.136982571,0.048794489
-1645,0.136982571,0.048794489
-1644,0.136982571,0.048794489
-1643,0.136437908,0.048794489
-1642,0.136437908,0.048794489
-1641,0.136437908,0.048794489
-1640,0.136437908,0.048794489
-1639,0.136437908,0.049368542
-1638,0.136165577,0.049368542
-1637,0.135893246,0.049368542
-1636,0.135893246,0.049368542
-1635,0.135893246,0.049368542
-1634,0.135348584,0.049368542
-1633,0.135076253,0.049368542
-1632,0.135076253,0.049368542
-1631,0.135076253,0.049368542
-1630,0.134803922,0.049368542
-1629,0.13453159,0.049368542
-1628,0.13453159,0.049368542
-1627,0.13453159,0.049368542
-1626,0.134259259,0.049368542
-1625,0.134259259,0.049368542
-1624,0.133986928,0.049368542
-1623,0.133714597,0.049368542
-1622,0.133714597,0.049368542
-1621,0.133714597,0.049368542
-1620,0.133714597,0.049368542
-1619,0.133442266,0.049942595
-1618,0.133169935,0.049942595
-1617,0.132897603,0.049942595
-1616,0.132897603,0.050516648
-1615,0.132625272,0.050516648
-1614,0.13208061,0.050516648
-1613,0.131808279,0.050516648
-1612,0.131535948,0.050516648
-1611,0.131535948,0.050516648
-1610,0.131263617,0.050516648
-1609,0.130991285,0.050516648
-1608,0.130174292,0.050516648
-1607,0.130174292,0.050516648
-1606,0.129901961,0.050516648
-1605,0.12962963,0.050516648
-1604,0.129357298,0.050516648
-1603,0.129357298,0.050516648
-1602,0.129357298,0.050516648
-1601,0.129357298,0.050516648
-1600,0.129084967,0.050516648
-1599,0.129084967,0.050516648
-1598,0.128540305,0.050516648
-1597,0.128267974,0.050516648
-1596,0.128267974,0.050516648
-1595,0.127995643,0.050516648
-1594,0.127995643,0.050516648
-1593,0.12745098,0.050516648
-1592,0.12745098,0.0510907
-1591,0.12745098,0.0510907
-1590,0.127178649,0.0510907
-1589,0.126906318,0.051664753
-1588,0.126906318,0.051664753
-1587,0.126906318,0.051664753
-1586,0.126906318,0.051664753
-1585,0.126906318,0.051664753
-1584,0.126906318,0.051664753
-1583,0.126906318,0.051664753
-1582,0.126633987,0.051664753
-1581,0.126361656,0.051664753
-1580,0.125816993,0.051664753
-1579,0.125544662,0.051664753
-1578,0.125,0.051664753
-1577,0.125,0.051664753
-1576,0.124455338,0.052238806
-1575,0.124455338,0.052238806
-1574,0.124183007,0.052812859
-1573,0.123910675,0.052812859
-1572,0.123910675,0.052812859
-1571,0.123910675,0.052812859
-1570,0.123366013,0.052812859
-1569,0.123366013,0.052812859
-1568,0.123366013,0.052812859
-1567,0.123366013,0.052812859
-1566,0.123366013,0.052812859
-1565,0.123093682,0.052812859
-1564,0.123093682,0.052812859
-1563,0.123093682,0.052812859
-1562,0.123093682,0.052812859
-1561,0.123093682,0.052812859
-1560,0.123093682,0.053386912
-1559,0.123093682,0.053386912
-1558,0.123093682,0.053386912
-1557,0.123093682,0.053386912
-1556,0.123093682,0.053386912
-1555,0.123093682,0.053386912
-1554,0.122821351,0.053386912
-1553,0.122821351,0.053386912
-1552,0.122276688,0.053386912
-1551,0.122276688,0.053386912
-1550,0.122004357,0.053386912
-1549,0.120915033,0.053386912
-1548,0.120915033,0.053386912
-1547,0.120915033,0.053386912
-1546,0.120915033,0.053386912
-1545,0.12037037,0.053386912
-1544,0.12037037,0.053386912
-1543,0.119825708,0.053386912
-1542,0.119825708,0.053386912
-1541,0.119825708,0.053386912
-1540,0.119825708,0.053386912
-1539,0.119553377,0.053386912
-1538,0.119281046,0.053386912
-1537,0.119008715,0.053386912
-1536,0.118736383,0.053386912
-1535,0.118464052,0.053386912
-1534,0.118191721,0.053386912
-1533,0.118191721,0.053386912
-1532,0.118191721,0.053386912
-1531,0.118191721,0.053386912
-1530,0.118191721,0.053386912
-1529,0.11791939,0.053386912
-1528,0.11791939,0.053960964
-1527,0.117647059,0.053960964
-1526,0.117374728,0.053960964
-1525,0.117102397,0.054535017
-1524,0.117102397,0.054535017
-1523,0.117102397,0.054535017
-1522,0.116557734,0.054535017
-1521,0.116557734,0.054535017
-1520,0.116557734,0.054535017
-1519,0.116285403,0.054535017
-1518,0.116013072,0.054535017
-1517,0.116013072,0.05510907
-1516,0.116013072,0.055683123
-1515,0.115740741,0.055683123
-1514,0.115740741,0.055683123
-1513,0.11546841,0.055683123
-1512,0.11546841,0.055683123
-1511,0.11546841,0.055683123
-1510,0.11546841,0.055683123
-1509,0.11546841,0.056257176
-1508,0.115196078,0.056257176
-1507,0.114923747,0.056257176
-1506,0.114923747,0.056257176
-1505,0.114379085,0.056257176
-1504,0.114106754,0.056257176
-1503,0.114106754,0.056257176
-1502,0.114106754,0.056831228
-1501,0.114106754,0.056831228
-1500,0.113834423,0.056831228
-1499,0.113834423,0.056831228
-1498,0.113834423,0.056831228
-1497,0.11328976,0.056831228
-1496,0.112745098,0.056831228
-1495,0.112472767,0.057405281
-1494,0.111928105,0.057405281
-1493,0.111383442,0.057405281
-1492,0.111111111,0.057405281
-1491,0.110566449,0.057405281
-1490,0.110566449,0.057405281
-1489,0.110566449,0.057405281
-1488,0.110566449,0.057405281
-1487,0.110566449,0.057405281
-1486,0.110294118,0.057405281
-1485,0.110294118,0.057405281
-1484,0.110294118,0.057405281
-1483,0.110294118,0.057405281
-1482,0.110294118,0.057405281
-1481,0.109749455,0.057405281
-1480,0.109749455,0.057405281
-1479,0.109477124,0.057405281
-1478,0.109204793,0.057405281
-1477,0.108932462,0.057979334
-1476,0.108932462,0.057979334
-1475,0.108932462,0.058553387
-1474,0.108932462,0.058553387
-1473,0.108932462,0.058553387
-1472,0.108660131,0.058553387
-1471,0.108660131,0.058553387
-1470,0.108660131,0.058553387
-1469,0.1083878,0.05912744
-1468,0.1083878,0.05912744
-1467,0.107843137,0.05912744
-1466,0.107843137,0.05912744
-1465,0.107570806,0.05912744
-1464,0.107570806,0.05912744
-1463,0.107570806,0.05912744
-1462,0.107298475,0.05912744
-1461,0.107298475,0.05912744
-1460,0.107298475,0.05912744
-1459,0.107026144,0.05912744
-1458,0.106481481,0.05912744
-1457,0.106481481,0.05912744
-1456,0.105664488,0.05912744
-1455,0.105392157,0.05912744
-1454,0.105119826,0.05912744
-1453,0.104575163,0.05912744
-1452,0.104575163,0.05912744
-1451,0.104302832,0.05912744
-1450,0.104302832,0.05912744
-1449,0.104030501,0.059701493
-1448,0.104030501,0.059701493
-1447,0.10375817,0.059701493
-1446,0.10375817,0.059701493
-1445,0.102941176,0.059701493
-1444,0.102668845,0.059701493
-1443,0.102668845,0.059701493
-1442,0.101851852,0.059701493
-1441,0.101579521,0.059701493
-1440,0.101579521,0.059701493
-1439,0.101034858,0.059701493
-1438,0.101034858,0.059701493
-1437,0.101034858,0.059701493
-1436,0.100762527,0.059701493
-1435,0.100762527,0.059701493
-1434,0.100490196,0.059701493
-1433,0.100490196,0.059701493
-1432,0.100217865,0.059701493
-1431,0.099673203,0.059701493
-1430,0.099673203,0.059701493
-1429,0.099673203,0.059701493
-1428,0.099400871,0.059701493
-1427,0.099400871,0.059701493
-1426,0.099400871,0.059701493
-1425,0.09912854,0.060275545
-1424,0.09912854,0.060275545
-1423,0.09912854,0.060275545
-1422,0.09912854,0.060275545
-1421,0.098856209,0.060275545
-1420,0.098311547,0.060275545
-1419,0.098311547,0.060275545
-1418,0.098311547,0.060275545
-1417,0.098039216,0.060849598
-1416,0.097766885,0.060849598
-1415,0.097766885,0.061423651
-1414,0.097766885,0.061423651
-1413,0.097494553,0.061423651
-1412,0.097494553,0.061423651
-1411,0.096949891,0.061423651
-1410,0.096949891,0.061423651
-1409,0.096949891,0.061423651
-1408,0.096949891,0.061423651
-1407,0.096949891,0.061423651
-1406,0.09667756,0.061423651
-1405,0.096405229,0.061423651
-1404,0.096405229,0.061997704
-1403,0.096132898,0.061997704
-1402,0.096132898,0.061997704
-1401,0.096132898,0.061997704
-1400,0.095860566,0.061997704
-1399,0.095860566,0.061997704
-1398,0.095588235,0.061997704
-1397,0.095588235,0.061997704
-1396,0.095315904,0.061997704
-1395,0.095043573,0.061997704
-1394,0.094771242,0.061997704
-1393,0.09422658,0.061997704
-1392,0.09422658,0.061997704
-1391,0.09422658,0.061997704
-1390,0.093954248,0.061997704
-1389,0.093681917,0.061997704
-1388,0.093409586,0.061997704
-1387,0.093409586,0.061997704
-1386,0.093137255,0.061997704
-1385,0.092864924,0.061997704
-1384,0.092864924,0.061997704
-1383,0.092864924,0.061997704
-1382,0.092592593,0.061997704
-1381,0.091775599,0.061997704
-1380,0.091775599,0.061997704
-1379,0.091775599,0.061997704
-1378,0.091503268,0.061997704
-1377,0.091503268,0.061997704
-1376,0.091503268,0.061997704
-1375,0.090958606,0.061997704
-1374,0.090141612,0.061997704
-1373,0.090141612,0.061997704
-1372,0.090141612,0.061997704
-1371,0.089869281,0.061997704
-1370,0.08959695,0.061997704
-1369,0.08959695,0.061997704
-1368,0.089324619,0.061997704
-1367,0.089052288,0.061997704
-1366,0.089052288,0.061997704
-1365,0.089052288,0.061997704
-1364,0.089052288,0.061997704
-1363,0.089052288,0.061997704
-1362,0.089052288,0.061997704
-1361,0.089052288,0.061997704
-1360,0.088779956,0.061997704
-1359,0.088779956,0.061997704
-1358,0.088779956,0.061997704
-1357,0.087962963,0.062571757
-1356,0.087690632,0.062571757
-1355,0.087418301,0.062571757
-1354,0.087145969,0.062571757
-1353,0.087145969,0.062571757
-1352,0.086873638,0.062571757
-1351,0.086873638,0.062571757
-1350,0.086873638,0.062571757
-1349,0.086601307,0.062571757
-1348,0.086328976,0.063145809
-1347,0.086056645,0.063145809
-1346,0.085784314,0.063145809
-1345,0.085784314,0.063145809
-1344,0.08496732,0.063145809
-1343,0.08496732,0.063145809
-1342,0.08496732,0.063145809
-1341,0.084422658,0.063145809
-1340,0.084422658,0.063145809
-1339,0.084422658,0.063145809
-1338,0.084422658,0.063145809
-1337,0.084422658,0.063145809
-1336,0.084422658,0.063145809
-1335,0.084422658,0.063145809
-1334,0.084150327,0.063145809
-1333,0.084150327,0.063145809
-1332,0.083877996,0.063145809
-1331,0.083877996,0.063145809
-1330,0.083605664,0.063145809
-1329,0.083605664,0.063145809
-1328,0.083333333,0.063145809
-1327,0.083333333,0.063719862
-1326,0.083333333,0.063719862
-1325,0.083333333,0.063719862
-1324,0.083061002,0.063719862
-1323,0.083061002,0.063719862
-1322,0.082788671,0.063719862
-1321,0.08251634,0.063719862
-1320,0.08251634,0.063719862
-1319,0.08251634,0.063719862
-1318,0.08251634,0.063719862
-1317,0.08251634,0.063719862
-1316,0.08251634,0.063719862
-1315,0.082244009,0.064293915
-1314,0.082244009,0.064293915
-1313,0.081971678,0.064293915
-1312,0.081971678,0.064293915
-1311,0.081699346,0.064293915
-1310,0.081427015,0.064867968
-1309,0.081427015,0.064867968
-1308,0.081427015,0.064867968
-1307,0.081427015,0.064867968
-1306,0.080882353,0.064867968
-1305,0.080882353,0.065442021
-1304,0.080610022,0.065442021
-1303,0.080337691,0.065442021
-1302,0.080065359,0.065442021
-1301,0.080065359,0.065442021
-1300,0.080065359,0.065442021
-1299,0.079793028,0.065442021
-1298,0.079520697,0.065442021
-1297,0.079520697,0.065442021
-1296,0.078976035,0.065442021
-1295,0.078703704,0.065442021
-1294,0.078703704,0.065442021
-1293,0.078159041,0.065442021
-1292,0.078159041,0.066016073
-1291,0.07788671,0.066016073
-1290,0.077614379,0.066016073
-1289,0.077614379,0.066016073
-1288,0.077614379,0.066016073
-1287,0.077342048,0.066016073
-1286,0.076797386,0.066016073
-1285,0.076525054,0.066016073
-1284,0.076525054,0.066016073
-1283,0.076252723,0.066016073
-1282,0.076252723,0.066590126
-1281,0.075980392,0.066590126
-1280,0.075980392,0.066590126
-1279,0.075980392,0.066590126
-1278,0.075980392,0.066590126
-1277,0.075708061,0.066590126
-1276,0.075708061,0.066590126
-1275,0.07543573,0.066590126
-1274,0.074891068,0.066590126
-1273,0.074891068,0.066590126
-1272,0.074891068,0.066590126
-1271,0.074891068,0.066590126
-1270,0.074891068,0.066590126
-1269,0.074618736,0.066590126
-1268,0.074346405,0.066590126
-1267,0.074074074,0.066590126
-1266,0.073529412,0.066590126
-1265,0.073529412,0.066590126
-1264,0.073529412,0.066590126
-1263,0.072984749,0.066590126
-1262,0.072984749,0.066590126
-1261,0.072984749,0.066590126
-1260,0.072712418,0.066590126
-1259,0.072440087,0.066590126
-1258,0.072440087,0.066590126
-1257,0.072440087,0.066590126
-1256,0.072440087,0.067164179
-1255,0.072440087,0.067164179
-1254,0.072167756,0.067738232
-1253,0.071895425,0.068312285
-1252,0.071895425,0.068312285
-1251,0.071895425,0.068312285
-1250,0.071895425,0.068312285
-1249,0.071623094,0.068312285
-1248,0.071623094,0.068312285
-1247,0.071623094,0.068312285
-1246,0.071623094,0.068886338
-1245,0.071623094,0.068886338
-1244,0.071623094,0.068886338
-1243,0.071623094,0.068886338
-1242,0.071623094,0.06946039
-1241,0.071623094,0.06946039
-1240,0.071350763,0.06946039
-1239,0.071078431,0.070034443
-1238,0.071078431,0.070034443
-1237,0.070533769,0.070608496
-1236,0.070533769,0.070608496
-1235,0.070261438,0.070608496
-1234,0.069716776,0.070608496
-1233,0.069444444,0.070608496
-1232,0.069444444,0.071182549
-1231,0.069172113,0.071182549
-1230,0.069172113,0.071182549
-1229,0.069172113,0.071756602
-1228,0.069172113,0.071756602
-1227,0.068899782,0.071756602
-1226,0.06835512,0.071756602
-1225,0.06835512,0.071756602
-1224,0.06835512,0.071756602
-1223,0.068082789,0.072330654
-1222,0.067810458,0.072330654
-1221,0.067810458,0.072330654
-1220,0.067538126,0.072330654
-1219,0.067265795,0.072330654
-1218,0.067265795,0.072904707
-1217,0.066993464,0.072904707
-1216,0.066448802,0.072904707
-1215,0.066448802,0.072904707
-1214,0.066176471,0.072904707
-1213,0.065904139,0.072904707
-1212,0.065904139,0.072904707
-1211,0.065904139,0.072904707
-1210,0.065904139,0.072904707
-1209,0.065359477,0.07347876
-1208,0.065359477,0.07347876
-1207,0.065359477,0.07347876
-1206,0.065359477,0.07347876
-1205,0.065359477,0.07347876
-1204,0.065359477,0.074052813
-1203,0.065087146,0.074052813
-1202,0.064814815,0.074052813
-1201,0.064542484,0.074052813
-1200,0.064270153,0.074052813
-1199,0.06372549,0.074052813
-1198,0.062363834,0.074052813
-1197,0.062363834,0.074052813
-1196,0.062363834,0.074052813
-1195,0.062363834,0.074052813
-1194,0.062363834,0.074052813
-1193,0.061819172,0.074626866
-1192,0.061819172,0.074626866
-1191,0.061546841,0.074626866
-1190,0.061546841,0.074626866
-1189,0.061546841,0.074626866
-1188,0.06127451,0.074626866
-1187,0.061002179,0.074626866
-1186,0.061002179,0.074626866
-1185,0.061002179,0.074626866
-1184,0.061002179,0.074626866
-1183,0.061002179,0.074626866
-1182,0.060729847,0.074626866
-1181,0.060729847,0.074626866
-1180,0.060729847,0.075200918
-1179,0.060457516,0.075200918
-1178,0.059640523,0.075200918
-1177,0.059095861,0.076349024
-1176,0.059095861,0.076349024
-1175,0.059095861,0.076349024
-1174,0.059095861,0.076349024
-1173,0.059095861,0.076349024
-1172,0.058823529,0.076349024
-1171,0.058278867,0.076349024
-1170,0.058278867,0.076349024
-1169,0.058006536,0.076349024
-1168,0.058006536,0.076349024
-1167,0.057734205,0.076349024
-1166,0.057734205,0.076923077
-1165,0.057734205,0.076923077
-1164,0.057734205,0.07749713
-1163,0.057734205,0.07749713
-1162,0.057461874,0.07749713
-1161,0.057461874,0.07749713
-1160,0.057189542,0.07749713
-1159,0.057189542,0.07749713
-1158,0.057189542,0.07749713
-1157,0.056917211,0.07749713
-1156,0.05664488,0.07749713
-1155,0.056372549,0.07749713
-1154,0.056372549,0.07749713
-1153,0.056100218,0.07749713
-1152,0.056100218,0.078071183
-1151,0.055827887,0.078071183
-1150,0.055827887,0.078071183
-1149,0.055555556,0.078071183
-1148,0.055283224,0.078071183
-1147,0.055010893,0.078071183
-1146,0.055010893,0.078071183
-1145,0.055010893,0.078071183
-1144,0.055010893,0.078071183
-1143,0.055010893,0.078071183
-1142,0.054738562,0.078071183
-1141,0.054738562,0.078071183
-1140,0.054738562,0.078645235
-1139,0.054738562,0.078645235
-1138,0.054738562,0.078645235
-1137,0.054466231,0.078645235
-1136,0.0541939,0.079219288
-1135,0.053649237,0.079219288
-1134,0.053104575,0.079219288
-1133,0.053104575,0.079219288
-1132,0.053104575,0.079219288
-1131,0.052832244,0.079219288
-1130,0.052832244,0.079219288
-1129,0.052287582,0.079219288
-1128,0.052287582,0.079219288
-1127,0.052287582,0.079219288
-1126,0.052287582,0.079219288
-1125,0.052287582,0.079219288
-1124,0.052015251,0.079793341
-1123,0.052015251,0.079793341
-1122,0.052015251,0.079793341
-1121,0.052015251,0.079793341
-1120,0.052015251,0.079793341
-1119,0.052015251,0.079793341
-1118,0.052015251,0.080367394
-1117,0.051742919,0.080367394
-1116,0.051742919,0.080367394
-1115,0.051742919,0.080367394
-1114,0.051742919,0.080367394
-1113,0.051470588,0.080941447
-1112,0.051470588,0.080941447
-1111,0.051198257,0.081515499
-1110,0.051198257,0.081515499
-1109,0.050925926,0.081515499
-1108,0.050925926,0.081515499
-1107,0.050653595,0.081515499
-1106,0.050653595,0.082089552
-1105,0.050653595,0.082089552
-1104,0.050653595,0.082663605
-1103,0.050653595,0.082663605
-1102,0.050653595,0.082663605
-1101,0.050381264,0.083237658
-1100,0.050381264,0.083811711
-1099,0.050108932,0.083811711
-1098,0.050108932,0.084385763
-1097,0.050108932,0.084385763
-1096,0.04956427,0.084385763
-1095,0.04956427,0.084385763
-1094,0.04956427,0.084385763
-1093,0.04956427,0.084385763
-1092,0.04956427,0.084385763
-1091,0.04956427,0.084385763
-1090,0.04956427,0.084385763
-1089,0.04956427,0.084385763
-1088,0.049019608,0.084385763
-1087,0.048474946,0.084385763
-1086,0.048202614,0.084385763
-1085,0.047930283,0.084385763
-1084,0.047930283,0.084385763
-1083,0.047657952,0.084959816
-1082,0.04711329,0.084959816
-1081,0.046840959,0.085533869
-1080,0.046840959,0.085533869
-1079,0.046296296,0.085533869
-1078,0.046023965,0.085533869
-1077,0.045751634,0.085533869
-1076,0.045751634,0.085533869
-1075,0.045751634,0.085533869
-1074,0.045751634,0.085533869
-1073,0.045479303,0.085533869
-1072,0.045206972,0.085533869
-1071,0.045206972,0.085533869
-1070,0.045206972,0.086681975
-1069,0.045206972,0.087256028
-1068,0.044934641,0.08783008
-1067,0.044934641,0.08783008
-1066,0.044934641,0.08783008
-1065,0.044934641,0.088404133
-1064,0.044934641,0.088404133
-1063,0.044934641,0.088404133
-1062,0.044934641,0.088404133
-1061,0.044662309,0.088404133
-1060,0.044662309,0.088404133
-1059,0.044662309,0.089552239
-1058,0.044662309,0.089552239
-1057,0.044662309,0.090700344
-1056,0.044662309,0.090700344
-1055,0.044662309,0.090700344
-1054,0.044389978,0.090700344
-1053,0.044117647,0.090700344
-1052,0.043845316,0.090700344
-1051,0.043845316,0.090700344
-1050,0.043572985,0.090700344
-1049,0.043572985,0.090700344
-1048,0.043300654,0.090700344
-1047,0.043300654,0.090700344
-1046,0.043300654,0.090700344
-1045,0.043028322,0.091274397
-1044,0.043028322,0.091274397
-1043,0.043028322,0.091274397
-1042,0.043028322,0.091274397
-1041,0.043028322,0.091274397
-1040,0.043028322,0.091274397
-1039,0.043028322,0.091274397
-1038,0.043028322,0.09184845
-1037,0.043028322,0.09184845
-1036,0.042755991,0.09184845
-1035,0.042755991,0.092996556
-1034,0.042755991,0.092996556
-1033,0.04248366,0.093570608
-1032,0.042211329,0.093570608
-1031,0.042211329,0.094144661
-1030,0.042211329,0.094144661
-1029,0.042211329,0.094718714
-1028,0.041938998,0.094718714
-1027,0.041938998,0.094718714
-1026,0.041666667,0.094718714
-1025,0.041122004,0.095292767
-1024,0.041122004,0.095292767
-1023,0.041122004,0.095292767
-1022,0.040849673,0.095292767
-1021,0.040849673,0.095292767
-1020,0.040849673,0.09586682
-1019,0.040849673,0.09586682
-1018,0.040849673,0.09586682
-1017,0.040577342,0.09586682
-1016,0.040577342,0.09586682
-1015,0.04003268,0.096440873
-1014,0.04003268,0.096440873
-1013,0.04003268,0.096440873
-1012,0.04003268,0.097014925
-1011,0.04003268,0.097588978
-1010,0.039760349,0.098163031
-1009,0.039760349,0.098163031
-1008,0.039760349,0.098163031
-1007,0.039488017,0.098163031
-1006,0.039488017,0.098737084
-1005,0.039488017,0.098737084
-1004,0.038943355,0.099311137
-1003,0.038398693,0.099885189
-1002,0.038126362,0.099885189
-1001,0.037854031,0.099885189
-1000,0.037854031,0.099885189
-999,0.037854031,0.100459242
-998,0.037854031,0.100459242
-997,0.037854031,0.100459242
-996,0.037854031,0.100459242
-995,0.037581699,0.100459242
-994,0.037309368,0.100459242
-993,0.037309368,0.101033295
-992,0.037037037,0.101033295
-991,0.036764706,0.101033295
-990,0.036492375,0.101033295
-989,0.036220044,0.101033295
-988,0.035675381,0.101607348
-987,0.034586057,0.102181401
-986,0.034586057,0.102181401
-985,0.034586057,0.102181401
-984,0.034313725,0.102181401
-983,0.034313725,0.102181401
-982,0.034041394,0.102181401
-981,0.033769063,0.102181401
-980,0.033769063,0.102755454
-979,0.033769063,0.103329506
-978,0.033769063,0.103329506
-977,0.033769063,0.103903559
-976,0.033496732,0.103903559
-975,0.033224401,0.103903559
-974,0.03295207,0.103903559
-973,0.03295207,0.103903559
-972,0.032407407,0.104477612
-971,0.032407407,0.105051665
-970,0.032135076,0.105051665
-969,0.032135076,0.105051665
-968,0.032135076,0.105625718
-967,0.031862745,0.10619977
-966,0.031862745,0.10619977
-965,0.031862745,0.10619977
-964,0.031862745,0.10619977
-963,0.031862745,0.10619977
-962,0.031862745,0.107347876
-961,0.031862745,0.107347876
-960,0.031862745,0.107921929
-959,0.031862745,0.107921929
-958,0.031862745,0.107921929
-957,0.031862745,0.107921929
-956,0.031862745,0.107921929
-955,0.031862745,0.107921929
-954,0.031862745,0.108495982
-953,0.031862745,0.108495982
-952,0.03077342,0.108495982
-951,0.030501089,0.108495982
-950,0.030501089,0.108495982
-949,0.030501089,0.109644087
-948,0.030501089,0.109644087
-947,0.030501089,0.109644087
-946,0.030501089,0.110792193
-945,0.030228758,0.110792193
-944,0.029411765,0.111940299
-943,0.029411765,0.111940299
-942,0.029411765,0.111940299
-941,0.029411765,0.111940299
-940,0.029139434,0.112514351
-939,0.029139434,0.112514351
-938,0.028867102,0.112514351
-937,0.028867102,0.113088404
-936,0.028867102,0.113662457
-935,0.028867102,0.113662457
-934,0.02832244,0.11423651
-933,0.028050109,0.11423651
-932,0.028050109,0.11423651
-931,0.027777778,0.11423651
-930,0.027777778,0.11423651
-929,0.027505447,0.11423651
-928,0.027505447,0.11423651
-927,0.027505447,0.11423651
-926,0.027233115,0.11423651
-925,0.026960784,0.11423651
-924,0.026416122,0.11423651
-923,0.026143791,0.11423651
-922,0.026143791,0.11423651
-921,0.026143791,0.11423651
-920,0.026143791,0.11423651
-919,0.026143791,0.114810563
-918,0.026143791,0.114810563
-917,0.026143791,0.114810563
-916,0.025599129,0.115384615
-915,0.025054466,0.115958668
-914,0.025054466,0.115958668
-913,0.025054466,0.116532721
-912,0.025054466,0.116532721
-911,0.025054466,0.116532721
-910,0.025054466,0.116532721
-909,0.025054466,0.116532721
-908,0.025054466,0.116532721
-907,0.024782135,0.116532721
-906,0.024782135,0.116532721
-905,0.024782135,0.116532721
-904,0.024237473,0.116532721
-903,0.023965142,0.116532721
-902,0.023965142,0.117106774
-901,0.02369281,0.117680827
-900,0.02369281,0.117680827
-899,0.02369281,0.117680827
-898,0.02369281,0.118254879
-897,0.023148148,0.118828932
-896,0.023148148,0.119402985
-895,0.023148148,0.119977038
-894,0.023148148,0.119977038
-893,0.023148148,0.119977038
-892,0.023148148,0.119977038
-891,0.022875817,0.119977038
-890,0.022875817,0.119977038
-889,0.022603486,0.121125144
-888,0.022331155,0.121125144
-887,0.022331155,0.121125144
-886,0.022058824,0.121699196
-885,0.022058824,0.122273249
-884,0.022058824,0.12456946
-883,0.022058824,0.125143513
-882,0.022058824,0.125717566
-881,0.021786492,0.125717566
-880,0.021786492,0.126291619
-879,0.021514161,0.126291619
-878,0.021514161,0.126291619
-877,0.021514161,0.126865672
-876,0.02124183,0.127439724
-875,0.020969499,0.127439724
-874,0.020969499,0.127439724
-873,0.020697168,0.128013777
-872,0.020697168,0.12858783
-871,0.020424837,0.12858783
-870,0.020424837,0.12858783
-869,0.020424837,0.12858783
-868,0.020152505,0.12858783
-867,0.020152505,0.12858783
-866,0.020152505,0.129735936
-865,0.019880174,0.130309989
-864,0.019880174,0.130884041
-863,0.019880174,0.132032147
-862,0.019880174,0.132032147
-861,0.019880174,0.132032147
-860,0.019880174,0.132032147
-859,0.019880174,0.132032147
-858,0.019880174,0.1326062
-857,0.019880174,0.1326062
-856,0.019880174,0.1326062
-855,0.019607843,0.1326062
-854,0.019335512,0.1326062
-853,0.019335512,0.1326062
-852,0.01879085,0.1326062
-851,0.01879085,0.133180253
-850,0.01879085,0.133754305
-849,0.01879085,0.134328358
-848,0.01879085,0.134902411
-847,0.01879085,0.134902411
-846,0.01879085,0.135476464
-845,0.01879085,0.136624569
-844,0.01879085,0.137772675
-843,0.01879085,0.138346728
-842,0.01879085,0.138346728
-841,0.018518519,0.138346728
-840,0.018246187,0.138346728
-839,0.017973856,0.138346728
-838,0.017701525,0.138346728
-837,0.017701525,0.138346728
-836,0.017701525,0.138346728
-835,0.017701525,0.138346728
-834,0.017701525,0.138346728
-833,0.017701525,0.138346728
-832,0.017429194,0.138346728
-831,0.017429194,0.138920781
-830,0.017156863,0.138920781
-829,0.017156863,0.138920781
-828,0.017156863,0.139494834
-827,0.017156863,0.140642939
-826,0.017156863,0.141216992
-825,0.017156863,0.141216992
-824,0.017156863,0.141791045
-823,0.016884532,0.142365098
-822,0.016884532,0.14293915
-821,0.016884532,0.14293915
-820,0.016884532,0.14293915
-819,0.0166122,0.14293915
-818,0.0166122,0.14293915
-817,0.016339869,0.14293915
-816,0.016339869,0.14293915
-815,0.016339869,0.14293915
-814,0.016067538,0.143513203
-813,0.015795207,0.144087256
-812,0.015795207,0.144087256
-811,0.015795207,0.144087256
-810,0.015795207,0.144087256
-809,0.015795207,0.144087256
-808,0.015795207,0.144661309
-807,0.015795207,0.144661309
-806,0.015795207,0.144661309
-805,0.015795207,0.145235362
-804,0.015795207,0.146383467
-803,0.015795207,0.14695752
-802,0.015795207,0.14695752
-801,0.015795207,0.14695752
-800,0.015522876,0.14695752
-799,0.015522876,0.14695752
-798,0.015522876,0.148105626
-797,0.015522876,0.148679679
-796,0.015522876,0.149253731
-795,0.015522876,0.149253731
-794,0.015522876,0.149253731
-793,0.015522876,0.149827784
-792,0.015522876,0.149827784
-791,0.015250545,0.149827784
-790,0.015250545,0.149827784
-789,0.014978214,0.149827784
-788,0.014978214,0.150401837
-787,0.014978214,0.15097589
-786,0.014978214,0.15097589
-785,0.014978214,0.151549943
-784,0.014978214,0.152698048
-783,0.014978214,0.153272101
-782,0.014978214,0.153272101
-781,0.014978214,0.153846154
-780,0.014978214,0.153846154
-779,0.014978214,0.153846154
-778,0.014978214,0.153846154
-777,0.014705882,0.154420207
-776,0.014433551,0.154420207
-775,0.014433551,0.154420207
-774,0.014433551,0.154994259
-773,0.014433551,0.154994259
-772,0.014433551,0.154994259
-771,0.014433551,0.154994259
-770,0.014433551,0.154994259
-769,0.014433551,0.154994259
-768,0.014433551,0.154994259
-767,0.014433551,0.155568312
-766,0.013888889,0.156142365
-765,0.013888889,0.156716418
-764,0.013888889,0.157290471
-763,0.013888889,0.157290471
-762,0.013888889,0.157290471
-761,0.013888889,0.159012629
-760,0.013888889,0.160160735
-759,0.013888889,0.160160735
-758,0.013888889,0.160734788
-757,0.013888889,0.160734788
-756,0.013888889,0.160734788
-755,0.013888889,0.16130884
-754,0.013888889,0.16130884
-753,0.013888889,0.161882893
-752,0.013888889,0.161882893
-751,0.013888889,0.161882893
-750,0.013888889,0.161882893
-749,0.013616558,0.161882893
-748,0.013616558,0.161882893
-747,0.013344227,0.162456946
-746,0.012527233,0.163030999
-745,0.012254902,0.163605052
-744,0.012254902,0.163605052
-743,0.012254902,0.163605052
-742,0.012254902,0.164753157
-741,0.012254902,0.164753157
-740,0.012254902,0.16532721
-739,0.012254902,0.16532721
-738,0.012254902,0.16532721
-737,0.011982571,0.165901263
-736,0.011982571,0.165901263
-735,0.011982571,0.165901263
-734,0.011982571,0.166475316
-733,0.01171024,0.167049369
-732,0.01171024,0.167049369
-731,0.01171024,0.167049369
-730,0.01171024,0.167049369
-729,0.01171024,0.167049369
-728,0.01171024,0.167049369
-727,0.011437908,0.167623421
-726,0.011165577,0.168197474
-725,0.011165577,0.16934558
-724,0.011165577,0.16934558
-723,0.011165577,0.169919633
-722,0.011165577,0.171067738
-721,0.010893246,0.171641791
-720,0.010893246,0.171641791
-719,0.010620915,0.171641791
-718,0.010348584,0.171641791
-717,0.010348584,0.171641791
-716,0.010348584,0.172215844
-715,0.010076253,0.173363949
-714,0.010076253,0.173363949
-713,0.010076253,0.173363949
-712,0.010076253,0.173363949
-711,0.010076253,0.173363949
-710,0.010076253,0.173363949
-709,0.010076253,0.173938002
-708,0.009803922,0.174512055
-707,0.00953159,0.175660161
-706,0.00953159,0.175660161
-705,0.00953159,0.175660161
-704,0.00953159,0.176234214
-703,0.00953159,0.177382319
-702,0.00953159,0.178530425
-701,0.00953159,0.179104478
-700,0.009259259,0.17967853
-699,0.009259259,0.17967853
-698,0.008986928,0.181400689
-697,0.008714597,0.181400689
-696,0.008442266,0.182548794
-695,0.008442266,0.182548794
-694,0.008442266,0.182548794
-693,0.008442266,0.183122847
-692,0.008442266,0.1836969
-691,0.008442266,0.1836969
-690,0.008442266,0.1836969
-689,0.008442266,0.184270953
-688,0.008442266,0.184270953
-687,0.008442266,0.184270953
-686,0.008169935,0.184845006
-685,0.007897603,0.185419059
-684,0.007897603,0.185419059
-683,0.007897603,0.186567164
-682,0.007897603,0.187141217
-681,0.007897603,0.18771527
-680,0.007897603,0.188289323
-679,0.007897603,0.189437428
-678,0.007352941,0.189437428
-677,0.007352941,0.189437428
-676,0.007352941,0.190011481
-675,0.007352941,0.190011481
-674,0.00708061,0.191159587
-673,0.00708061,0.191159587
-672,0.00708061,0.192307692
-671,0.00708061,0.192881745
-670,0.006808279,0.192881745
-669,0.006535948,0.193455798
-668,0.006263617,0.194029851
-667,0.006263617,0.194603904
-666,0.006263617,0.195177956
-665,0.006263617,0.195752009
-664,0.006263617,0.196900115
-663,0.006263617,0.198622273
-662,0.006263617,0.199196326
-661,0.005991285,0.200344432
-660,0.005718954,0.200918485
-659,0.005718954,0.201492537
-658,0.005718954,0.201492537
-657,0.005446623,0.201492537
-656,0.005446623,0.20206659
-655,0.005446623,0.202640643
-654,0.005446623,0.202640643
-653,0.005446623,0.203214696
-652,0.005174292,0.203788749
-651,0.005174292,0.203788749
-650,0.005174292,0.204936854
-649,0.004901961,0.204936854
-648,0.004901961,0.204936854
-647,0.004901961,0.205510907
-646,0.004901961,0.205510907
-645,0.004901961,0.206659013
-644,0.004901961,0.207807118
-643,0.004901961,0.208381171
-642,0.00462963,0.208955224
-641,0.00462963,0.209529277
-640,0.00462963,0.209529277
-639,0.004357298,0.210677382
-638,0.004084967,0.211251435
-637,0.003812636,0.211251435
-636,0.003812636,0.211825488
-635,0.003812636,0.212973594
-634,0.003812636,0.214121699
-633,0.003812636,0.214121699
-632,0.003812636,0.214695752
-631,0.003812636,0.21641791
-630,0.003812636,0.217566016
-629,0.003812636,0.218140069
-628,0.003812636,0.218140069
-627,0.003812636,0.219288175
-626,0.003812636,0.221010333
-625,0.003812636,0.221584386
-624,0.003812636,0.222158439
-623,0.003812636,0.222732491
-622,0.003812636,0.22445465
-621,0.003812636,0.225602755
-620,0.003540305,0.225602755
-619,0.003267974,0.225602755
-618,0.003267974,0.226750861
-617,0.003267974,0.227324914
-616,0.003267974,0.227898967
-615,0.003267974,0.22847302
-614,0.003267974,0.229047072
-613,0.003267974,0.229047072
-612,0.003267974,0.229047072
-611,0.003267974,0.230769231
-610,0.003267974,0.230769231
-609,0.003267974,0.230769231
-608,0.003267974,0.233065442
-607,0.003267974,0.233065442
-606,0.003267974,0.233065442
-605,0.003267974,0.233065442
-604,0.003267974,0.233639495
-603,0.002995643,0.234213548
-602,0.002723312,0.2347876
-601,0.002723312,0.2347876
-600,0.002723312,0.235935706
-599,0.002723312,0.236509759
-598,0.002178649,0.236509759
-597,0.002178649,0.236509759
-596,0.002178649,0.236509759
-595,0.002178649,0.237083812
-594,0.002178649,0.238231917
-593,0.002178649,0.238231917
-592,0.002178649,0.239380023
-591,0.002178649,0.239954076
-590,0.001906318,0.240528129
-589,0.001906318,0.240528129
-588,0.001906318,0.242250287
-587,0.001906318,0.24282434
-586,0.001906318,0.243972445
-585,0.001906318,0.244546498
-584,0.001906318,0.245694604
-583,0.001906318,0.247416762
-582,0.001906318,0.247990815
-581,0.001906318,0.249138921
-580,0.001906318,0.249712974
-579,0.001906318,0.250861079
-578,0.001906318,0.25315729
-577,0.001906318,0.253731343
-576,0.001906318,0.253731343
-575,0.001906318,0.253731343
-574,0.001906318,0.256027555
-573,0.001906318,0.258897819
-572,0.001906318,0.259471871
-571,0.001906318,0.26119403
-570,0.001906318,0.261768083
-569,0.001906318,0.263490241
-568,0.001906318,0.2652124
-567,0.001906318,0.2652124
-566,0.001906318,0.266360505
-565,0.001906318,0.266934558
-564,0.001633987,0.269804822
-563,0.001633987,0.270952928
-562,0.001633987,0.272101033
-561,0.001633987,0.273823192
-560,0.001633987,0.274397245
-559,0.001633987,0.27554535
-558,0.001633987,0.27554535
-557,0.001633987,0.277267509
-556,0.001633987,0.278415614
-555,0.001361656,0.27956372
-554,0.001361656,0.280137773
-553,0.001361656,0.280137773
-552,0.001361656,0.283008037
-551,0.001361656,0.284156142
-550,0.001361656,0.284156142
-549,0.001361656,0.285304248
-548,0.001361656,0.286452354
-547,0.001361656,0.287600459
-546,0.001361656,0.288174512
-545,0.001361656,0.289322618
-544,0.001361656,0.290470723
-543,0.001361656,0.291618829
-542,0.001361656,0.294489093
-541,0.001361656,0.296211251
-540,0.001361656,0.297359357
-539,0.001361656,0.29793341
-538,0.001361656,0.298507463
-537,0.001361656,0.298507463
-536,0.001361656,0.300229621
-535,0.001361656,0.301377727
-534,0.001361656,0.302525832
-533,0.001361656,0.303673938
-532,0.001361656,0.304822044
-531,0.001361656,0.305970149
-530,0.001361656,0.305970149
-529,0.001361656,0.307118255
-528,0.001089325,0.307118255
-527,0.001089325,0.307692308
-526,0.001089325,0.308266361
-525,0.001089325,0.310562572
-524,0.001089325,0.311136625
-523,0.001089325,0.315154994
-522,0.001089325,0.3163031
-521,0.001089325,0.3163031
-520,0.001089325,0.3163031
-519,0.001089325,0.317451206
-518,0.001089325,0.318599311
-517,0.001089325,0.32032147
-516,0.001089325,0.321469575
-515,0.001089325,0.321469575
-514,0.001089325,0.323191734
-513,0.001089325,0.324339839
-512,0.001089325,0.324913892
-511,0.001089325,0.326636051
-510,0.001089325,0.328358209
-509,0.001089325,0.33065442
-508,0.001089325,0.33065442
-507,0.001089325,0.331228473
-506,0.001089325,0.332950631
-505,0.001089325,0.333524684
-504,0.001089325,0.335246843
-503,0.001089325,0.336394948
-502,0.001089325,0.339265212
-501,0.001089325,0.339839265
-500,0.001089325,0.342135476
-499,0.001089325,0.343857635
-498,0.001089325,0.345579793
-497,0.001089325,0.346727899
-496,0.001089325,0.347876005
-495,0.001089325,0.34902411
-494,0.001089325,0.350172216
-493,0.001089325,0.350746269
-492,0.001089325,0.351894374
-491,0.001089325,0.35304248
-490,0.001089325,0.354190586
-489,0.001089325,0.355912744
-488,0.001089325,0.357634902
-487,0.001089325,0.358783008
-486,0.001089325,0.359931114
-485,0.001089325,0.361653272
-484,0.000816993,0.363375431
-483,0.000816993,0.364523536
-482,0.000816993,0.365097589
-481,0.000816993,0.365671642
-480,0.000816993,0.366819747
-479,0.000816993,0.3673938
-478,0.000816993,0.37141217
-477,0.000816993,0.373708381
-476,0.000816993,0.374856487
-475,0.000544662,0.376004592
-474,0.000544662,0.377152698
-473,0.000544662,0.380597015
-472,0.000544662,0.384615385
-471,0.000544662,0.385189437
-470,0.000544662,0.386337543
-469,0.000544662,0.387485649
-468,0.000544662,0.388059701
-467,0.000272331,0.388059701
-466,0.000272331,0.389207807
-465,0.000272331,0.390355913
-464,0.000272331,0.392652124
-463,0.000272331,0.39380023
-462,0.000272331,0.394374282
-461,0.000272331,0.395522388
-460,0.000272331,0.396670494
-459,0.000272331,0.397818599
-458,0.000272331,0.399540758
-457,0.000272331,0.400688863
-456,0.000272331,0.402411022
-455,0.000272331,0.404707233
-454,0.000272331,0.405281286
-453,0.000272331,0.405855339
