62.761649981759206,71.18483570477554,49.781480323888815,71.96834279780605,69.90956416921553,51.45647746711673,71.52353696278158,50.40437751850434,71.62791459091142,70.73980456634968,68.66562229566117,25.434343799428987,71.94675429995267,72.11463498269305,53.553025628095,70.94279494355443,69.53384032908475,66.05368047240081,71.54070472167714,65.20188285600074,71.35142751152094,-10.470943246934823,70.26843556450775,55.65072005205194,52.09086598694974,51.2128491828851,48.1508539923347,52.113989842143,68.60009325974255,68.08302137689766,52.71748606852323,60.42803130512955,49.86967253558041,72.01963789118317,48.388723197229716,53.61640544658128,53.72086771953953,50.15832488158315,52.73194544441556,52.68326772399495,52.3115898857546,56.147797666272716,65.25193358025048,49.351778647964856,51.48964990556176,51.263866669324806,72.10423676574003,71.99707248612414,52.00603495841695,64.56849297037378,67.58456102114162,71.46666463881128,70.08704477470464,63.680468294569216,71.54886198140356
50.014659496748344,63.64638936602154,45.49518227764408,63.38892590462233,61.13173094622783,61.399780306742684,49.68150608926538,49.46229505992545,61.82039295992166,59.68055358328429,46.36367471376233,50.11349601623092,46.29494307402835,64.31259024196648,64.63191797851636,60.7671059328963,64.64809191326952,49.86156855613094,61.98182791305363,31.739682365949328,49.98747022092101,59.10074121361779,46.38421531966756,63.49596362502365,62.437098468940746,62.13280910094494,43.19016694202831,64.37608041372319,46.36636183806527,56.218545478875214,54.95533237426368,46.754989793300545,53.2836831232957,56.078529432452754,64.61325679826717,64.38263576376943,61.36574111216345,46.86295400847616,52.98368352556594,50.15954289673041,62.993901307283274,63.41157003203574,45.92867248175683,58.70982163454186,43.09479460615577,48.927350217639614,45.30017289072153,60.57212697073868,50.137152204300435,16.030921830977746,63.56523773268731,48.37363750999443,58.658517565050204,40.747922192672966,50.218701516390354
58.36593125983318,59.711470619362075,71.245793082476,72.6421415692465,51.58536892347302,54.901068467921746,71.53726255685693,57.180043761488655,66.06458622005661,43.57904522067957,58.341052166645845,68.91122592451653,72.92637379090671,56.31846154351779,57.66922793204258,66.73704599701654,54.14808375419827,58.15923137544569,72.08755061648928,71.72820175551247,58.146282948329194,55.36449723975357,55.51251335089301,72.41964807502599,72.89421188262428,67.35985331075868,59.25674850643859,53.792893262013365,71.06388880587552,61.84380951478748,66.26765158517888,66.65829384078175,63.01500681364347,52.380238614641215,57.45528781154595,66.7137644245123,72.81566064270815,57.39918995998715,62.84010318405787,57.64238770616185,72.84135733616209,68.06795243652674,72.46107868153273,58.20326458152055,72.94999033068676,72.85547345622113,56.14013626698187,58.167555148663546,54.539968394631536,68.06341501740177,68.75564215706332,72.85541045725482,72.9551537553351,51.47408864732113,71.07481379552415,72.16133382941267,54.75081311621844
52.883078335096414,44.04121045541213,47.758866964799,22.31109120467552,43.83638327529939,64.00548028886676,44.91286071688898,61.74914159678572,59.44531503177641,52.897635362980125,53.00233061729848,43.78142619520402,62.24837570834336,52.77447126519799,53.005628895923635,64.0903195624747,48.60771808155512,51.93421688145425,64.08133014118773,62.21531203872708,61.57474490732857,59.93852373936829,47.28067756149883,64.03940043651217,52.89498611883353,49.869864951535035,64.08653161950186,63.9898448403879,50.84329046411911,47.25867747323509,3.7730791142635813,64.09161268099395,44.686166043506326,59.68866837918116,55.720294014292975,63.98527586885446,46.492428457232535,52.0123315222623,57.876627365247785,60.99916313258707,54.313413619964926,58.67069556603799,42.65286519167837,63.07193872027399,52.79791142949087,47.54206721130772,51.08134615251454,49.16077251149234,64.08869312367877,55.58262991573845,50.839549996006625,60.80648198879915,54.186116089379155,43.58668559333091,61.82385884794765
43.29889474909103,60.8492724167048,53.45513529026782,46.82963639486926,64.81184932449084,43.922141724195995,61.019824866560526,48.1288439617093,45.154246637107384,46.340107805025504,45.67125133561508,61.99304828826531,45.23831086902593,64.88268137624962,-37.25219973087958,64.22959589048,47.79884408050472,46.91446381155121,46.32735459367715,46.041171925040466,46.34355580666844,62.040094820361375,43.43153418198405,57.14038175815239,54.27370688343444,63.78564938758039,46.76089008144928,62.4448625233706,64.85198633773673,48.13459261635037,49.93787278544263,64.43279635495105,56.96476829995685,54.989964987145406,64.81184918994383,22.887708398869037,44.0268436266385,63.282000153609026,46.87691175793672,61.817202886646335,64.87782431394572,63.44490170464973,47.22362327245984,63.475461581670736,54.44119724256921,47.1358836711651,46.38446995763167,59.55421801759061,56.97212862593361,63.92112410558261,64.84345221833048,50.56526279699009,62.446128310788254,61.66761606050546,30.455932395018095,40.95712648155237,43.10501904355225,57.410822165889954
66.900702876499,45.09058336910894,66.14349328592101,41.741325256526174,62.77472770740309,19.556807871551797,65.75697045926967,62.67681498036298,42.232134769199824,66.98651257174237,65.29925351376909,42.57658978475896,47.669295299196534,66.68880464101125,46.95897183490925,52.948057681694934,61.34518323651895,50.00879108497787,66.96159627136689,63.70157632079821,66.24677846888693,66.6650550996655,48.9307558972927,66.57946772578902,56.12274901706752,46.51079289795271,42.60229773429511,57.96684889601247,66.32208941663879,48.514452330160935,59.272439064441,49.2440244877711,36.68237224824625,60.28061904333178,47.298881767759134,61.83530706757523,66.33556815102378,43.8392526017,61.08130440188274,66.59038423903434,47.906563860912144,59.664532116346834,41.45734526825095,65.83382028494992,56.64805238265575,40.03036702298046,58.316807292024876,55.790565622033625,62.74756995346428,60.88455659927598,66.11698764620263,61.75473003708839,61.6567773176302,42.34613420715665,66.72549732471265,58.20000361253723,66.88396166936758
66.21967393086057,47.86361867228635,48.64142562900188,51.5871389456218,66.3344751711306,66.2616112412256,48.07744217957526,52.41682724604772,50.377904583808515,38.339665334358244,50.75788280907301,48.21812740793744,53.0513565357208,51.3399830093652,51.00053266941842,52.658341516881634,60.007874391182575,52.52120501589724,47.72663560036564,58.68193578374034,66.32047662719965,59.026553114661915,64.60933227614846,53.36828121723312,49.33017226858698,50.31501528864404,62.338119434479616,57.37501838829017,66.41610457953762,66.36392372179075,59.90835238200493,64.416987850524,59.510368351917634,66.18512487209632,58.0462809711912,47.26738480545868,52.2721394249135,65.41248039460739,63.82970368861101,48.414083364379856,65.84815902189122,59.52292269813592,54.28509174216419,66.29080028417634,37.13603044841668,61.30198159393735,65.1347495605191,62.209019949794715,40.68674529927798,65.15553168890297,63.749987786072275,51.20039083360763,58.05951900557961,48.271214983367834,54.862614348316534
68.00770422708335,67.5136819064766,68.48673881790926,60.52524316339805,68.88123709024255,52.261919048346506,57.21655662957729,59.63021216323065,68.85798884759167,56.90933824228703,68.87674413659003,53.79372851786964,53.542979449363486,62.846733795135414,58.9959337784622,52.49362049420979,58.81200809007903,68.86527079692785,20.845948418124028,58.62032621520673,53.86969262110263,68.17575122616579,44.083644210071796,67.06310963385947,58.292589546993604,66.35090864749252,68.04801627740123,64.13255675832367,46.7637833845776,64.99405321920965,56.712407388627,62.0646268117716,65.31787880524402,65.44294222161732,68.41519086458463,50.51072172421838,68.50360774172911,68.09380786309809,66.14190692628942,58.382382194188885,62.36301206244132,49.603532985062365,65.45786973056708,58.11204162504617,57.5971908681069,60.226085979828056,65.93111124171735,68.7763773222661,58.19160035929424,48.521120925023915,68.88454268764796,51.039064758891236,49.76122146721158,48.14792701098229,60.20545332191439
57.375127710026305,57.96104325629395,41.50220134674865,69.97950512502788,53.318309465842965,53.92401717510352,70.86790858896195,63.16730852025564,68.19255350798215,69.39309806906604,55.49550272129352,59.844332083151556,68.8428591660364,60.47655067291824,58.154630987572915,69.68849757767963,51.23123633635524,55.91188725280583,50.57618135009389,70.77012483834035,69.8674117155045,68.1796100586674,70.3000068216955,70.85285727709045,61.49612982856555,67.02696305723141,68.96607585426166,65.96733842225724,65.99369168048936,51.322077729683166,61.349473866869026,49.95730749966091,70.46517851355232,25.853966906713055,69.04873471294059,62.47199011970154,68.97799581452503,69.26422720070907,70.24242284795248,70.27360241924391,68.98436188348799,65.6596316228409,58.14503754533044,56.77629054297825,69.74647106667028,53.660582356100704,58.60803405847613,68.95500349009156,67.20975079527337,40.972721545144246,68.41017678857527,47.46446141775444,20.829165838228505,70.16315177420833,70.85465415753636,58.27357631793924,54.27206439543344
63.17490131179924,48.556670259069186,67.82368830974092,68.60998180367396,68.64795116383111,59.080674763412446,64.99827695493843,64.43299215506711,52.47272989360406,64.67700473194354,62.171503237424716,68.02792630654521,63.45847230327426,51.52900448464571,2.908425038841971,67.74988367849373,43.311932370108266,46.99634917940301,68.72513077717967,68.11588167464588,68.66974131016404,51.47389330379302,41.32646679144237,53.562127182710626,54.40843075707316,57.47730629086372,51.545122013185036,46.20999860639815,67.21747137447464,56.893378820002006,68.73277160666412,55.06108096650796,67.20774525710958,50.3224437634759,65.12727521422454,66.25573492499765,67.11243415628206,66.22459273862414,65.92714327188087,48.32988508121126,53.74473189197242,58.363181625594095,65.2072456572635,61.793226135448705,50.57002204471574,52.64192860639911,61.9448093896638,66.63701229698135,65.62190655573743,68.66578462054831,67.67454075590585,43.69012408201307,67.92874481885455,53.12780719699764,67.81330482188723
51.64954016564342,50.021085363845295,13.826424384535962,40.946563756045045,61.310573291043546,41.05811422063074,47.72532265148303,51.80140430409566,61.27650744583938,58.19088748850762,61.453741534943255,57.69136580808394,50.219144217312454,41.18805760383036,50.31505420934701,42.44445573015718,61.12489266517063,58.1845571650584,47.61634700244296,41.89518061549362,48.5356680045251,61.40803286087888,52.029538483008686,51.739837555239355,61.23053706467457,59.813495169825764,55.25148224657863,50.765114262317105,61.01367475995634,61.120742124020616,44.78058399102432,53.56842062207128,48.400864006926845,53.595893313676086,61.306568119495786,49.09159414755678,45.62846576125131,56.028112098715646,58.08727759492016,58.05729693312154,61.297788121180055,53.05089730149033,59.589454265204985,53.798346165723196,49.65103247685605,52.11123935861995,56.43989817112291,59.384325772184674,52.20437787362156,35.42063295664688,51.19996048260786,47.95330660735912,40.69205374754805,60.24084487836357,48.87158341105809,43.812393669529264
63.502076527117346,63.84216503574764,63.81002614051878,55.26857334414573,43.94908398320029,12.945202879445892,61.39174139444484,63.26781824954284,58.78245354423317,43.35894377670678,63.02095205217393,54.43970169858851,45.88465372737799,45.54894306387369,45.59676169308669,55.67009772516365,53.547052926228574,63.70367193219037,62.71089748793666,51.054616260601264,49.40425560163475,53.0524072742691,58.364004918154855,48.66417551396558,55.32692982628843,59.37411621048424,51.70101997951764,60.82491397414301,54.20849628061126,58.89346504110919,47.22289558255771,60.35478160499426,63.835779690386445,43.640436767281635,47.08964905926415,56.19327019222266,46.041908964045106,60.05768290109601,62.8310520365913,63.47501195216223,57.68058622903383,63.0444441404533,47.52799081589831,58.548132634316616,60.67728918681579,59.468838901854646,49.73612669792228,61.661856767547214,63.81551896556532,58.364944608943304,63.77268233054103,55.851188032566746,56.52705310779758,62.40839878508897,58.788679395684916
64.8286523842578,60.24523540518768,45.43784496033651,43.51663409989376,49.86795101246412,59.146072637726796,66.3730007397116,43.215651372975785,44.625990182849925,45.45002703832153,44.07323616704445,72.78627667911404,43.84513858352073,41.045316148514864,61.92650877071431,73.64007276463143,72.01578344646896,64.075735294064,73.45740648118134,71.91029895845622,73.12613354492986,47.5378494403762,73.59578595570109,46.5563829216154,73.48070053154423,70.99632204909634,70.4347140480886,73.59098663673556,73.41823905960244,70.58954272189938,44.90863891639412,43.04187698465662,63.13534007860435,68.87178655338995,45.97474290249294,73.63482311400638,67.78714957085963,61.09009499987053,64.17061958378353,72.81478791227617,62.33428912544102,69.41489994686617,43.53685599405223,69.26232444626567,64.9181985616812,73.51995457508654,71.74113699512144,70.19397412471062,66.33648201337854,72.47360199163722,61.94464809184143,73.48855916513183,67.26613462807207,65.64725191854028,61.70850330799489
44.4973278009386,45.57962545451597,38.893990046099546,45.24403743700737,45.58745269975612,45.56248775161135,42.5755968940523,45.87904473600725,43.57502235879952,41.74131676475577,57.09579248689319,42.961009784416326,45.14001767284868,58.60946195977515,64.03652624495055,59.890542090333945,62.9029388054206,63.7510492706807,61.4075802998439,54.87272965375645,64.6576694882989,40.66283137819919,49.21368098168802,64.41421258321691,61.468965880152716,52.22020068103427,64.44073794019835,44.916257760302194,48.47640963616735,58.63336891634646,44.38898194350009,52.24853302890754,47.049263812041694,53.64871761531882,57.93571622437312,63.39611262521259,62.16543173951697,30.267194288498334,62.896974319972394,54.226217824472904,56.45862309642155,-30.272125687491773,39.31391014835375,64.219224739065,59.564674287206905,63.142987384797486,55.91291458728858,30.516260637770987,64.58310847799487,45.65648847067883,62.89162485284225,43.129723711547975,62.550898981311654,61.68018594569195,64.61225826981729,64.24933062699176,59.868342778138064
65.4995825401769,52.28295879997825,57.940283984270955,52.49580731814614,66.67270649759664,69.14213248160432,53.94071420221567,56.84770189131583,68.81410949460468,54.83398789648114,69.4243407038017,66.33808656576785,55.55457382347728,58.0647432801538,55.26064455978254,60.3619307191295,55.98845649129131,51.06663339130276,54.69142648042676,54.01037644278181,57.28165216544476,52.15547205921526,50.31894368077106,68.94512075888689,52.22575374418825,66.67804727507958,68.90900323148587,69.74511748102724,68.45083492154738,68.29857814517248,69.39754363241138,68.78762838446765,57.25114496686498,53.53652833737165,8.0969012680193,50.52119016128437,64.10413209895776,68.58439382612484,67.87838147713101,54.5011766414833,56.941979960747766,39.37606923018814,69.19828688584731,57.62233051077552,48.05941696684805,37.89746682006867,65.72215097905865,69.74063466476274,68.31076553887452,60.45866991566491,69.4602586332918,50.47225463392703,69.06438791383754,62.414495696939966,67.3743197224545,69.67454996825892
50.71165834406655,64.14102063152741,50.14215491343142,56.03762483767876,54.72954202284835,30.362325122835486,44.89605704501192,66.32320528988994,54.24999152986946,46.180037651582786,58.72904305311475,55.67424811088948,58.98475127035725,52.89317395028864,49.26598956451288,57.95275859018237,63.95534514798119,66.84033216724556,52.07910019923382,48.165019799286696,66.51025289971649,67.18671661440085,60.99706306854996,66.50528376746725,66.9466963948441,59.66482954252659,62.55161167334218,67.25659825570683,66.63155318295385,53.66264023269267,67.66542436033406,67.52402935025084,66.45328432905872,43.43815736552112,59.64210949325296,57.49167186168141,55.860929716270206,54.717149992787185,65.79148512973252,57.43450023467538,44.77295448789026,52.87697705435761,67.09641681025887,66.14026439940126,61.308182959903846,51.72512091034967,66.3723536363038,64.9308843495025,66.19406518272508,49.82660233085534,47.48595530753026,65.75469156202662,67.59015310846071,67.70281739450793,64.71274555596092
60.01830001540873,60.32354815885091,37.852296510517995,61.06661728951597,61.354022540022584,3.4271417766808154,-3.0839452811613173,60.788237448608584,51.16588538069341,48.26415139523997,49.24765059025936,36.787946782799686,52.68614311594205,49.48502432922395,36.68542102458873,60.35084409266171,48.01752839893929,36.86828848083764,61.2765536031308,61.08005452822692,37.01468975606458,37.79392432002437,35.995901470847876,60.389078509151325,27.478275657279703,60.969958397859735,28.979527031842466,36.8248370932974,54.640800901857155,37.671330644490304,52.97328667690975,61.00988190117072,37.68627025740961,54.17993458218334,35.53303782843581,35.20469174572178,37.064847884576416,58.18091436265438,61.07293373841241,50.80269200944047,45.289116763875136,34.99931135918865,58.45912228203058,21.612928508253816,60.279704027760204,60.44508516785027,58.858443251346905,61.364305154560164,59.30442583005215,61.29717738779587,37.958779218446985,45.674309748604195,-3.140138329538826,23.68435950779217,35.76090544910867
55.26600748096957,52.799822383379656,53.916477352644,46.386152216489286,50.576773490325145,55.360585117619344,55.37985206734579,37.06663334241734,63.97000729720301,57.24467146685414,58.009069712833,60.688499616635305,62.60268152420616,55.339741311935946,37.250582140315096,44.554061543584545,59.535364453756074,66.96450315852259,61.310779473744006,69.01087722033687,69.05294650723069,69.41749942989397,69.40539345118874,68.46160761281341,69.09311433406971,55.216939909250364,47.90424582314285,69.58960305983625,68.15927669280633,69.4815202499724,52.10361048184808,67.11681967784376,68.24030623919522,53.85170438117843,45.87676499204972,42.17612192576289,64.96488158535637,55.71657649718533,63.25162058105185,68.44534876110107,60.59901772683794,62.21540630049846,59.39699240840697,54.5169057568403,58.691511667477485,67.3570485597577,66.4020145404195,62.92592995226575,49.99198916331574,57.59246557808207,68.22334762406378,47.61492403257836,69.50428722533822,55.34005414174448,66.79794430645258,68.75954127253341,54.89910255312265
61.312065639505796,58.62940068742498,37.68808174694636,41.12843952203409,57.13424395822468,61.04224664360115,42.97007292085343,46.54741747439396,55.42309375988089,59.03083072716539,59.0995136739539,55.30613514697981,57.822019777690436,61.48451661186299,40.5488995079704,61.80484796960261,39.35457024985451,53.83342941494084,42.16645837081976,50.308084253194686,60.71774375243874,46.90916192151109,50.72174314825877,61.97409910713211,53.4098520583666,49.73819525908253,49.220597140275025,36.697855338541736,58.64738444834254,61.065826748455926,50.3273807511889,53.73317430103926,61.484060483666305,54.263442261658625,9.318220550605457,6.145291414240984,38.50512845618283,40.11947540662957,38.95674198457026,60.91495675895019,59.64512631193973,57.07573838532343,45.82022235719155,60.73730943400192,59.96310566930513,39.43735428031833,42.392140601432835,53.35058395384296,59.67738886927143,57.818733722555386,61.971029660666304,56.32685927304736,58.632052202929096,42.32534799329685,43.79104894854471
66.06040321503122,69.85721110381002,67.24843362168923,53.059996355359765,66.26232823220367,53.18493840348542,49.801629547272896,67.99456731983975,57.19460024271961,70.14964209628107,67.77421367835069,52.74280731352926,53.57285546222396,69.86098447782734,69.55115237101728,57.546176481582954,70.20156286200091,62.75744626159595,54.14349084815512,53.07115750999789,69.59014960364021,61.72483279132501,52.74706515674017,65.42160063362284,63.53759691000873,59.07468318865562,60.008176176199235,65.65352186424008,49.569694751016826,64.71293958052576,62.30707284130204,66.3723352179239,68.15872822477996,69.90627424596624,59.43322008903652,59.125616632669555,66.78586919946413,59.33874635063858,68.24804368263159,63.6218098648039,68.23289065467708,69.38932356375318,58.855146240473736,63.13721889231402,58.16190784741939,47.880763021430596,66.7474315236048,63.995954189189256,51.15237803300425,59.10001150544689,53.69937582212719,67.17951361389879,56.25804781986681,55.75166029393022,59.62333912708146,65.0615086058113,58.88826153581453,70.07890822997598
59.98443711771729,66.60768413979284,61.732751007614254,73.47587881609407,60.570542053843795,72.0761953397922,73.62488940637158,67.16684280853589,53.87107772450004,58.127581540550686,60.778683152370334,71.8772657951882,59.101985000947444,55.37795941086575,61.68566005257931,58.12915851300505,60.683744580528995,63.400234456339135,56.55070571650497,47.83558848786966,59.526588740351556,60.306835410287434,73.0575810105034,73.33707636035598,58.0729942932812,57.72549732485521,73.4695822241443,61.74179519683862,72.89429440942656,73.46660605957342,59.08200755136246,64.18459176295035,59.09369577953517,72.79940377414057,66.0051823641492,57.67457215345843,59.45305964199402,69.57349692307942,70.30174162232613,70.2119704816683,65.66625136002729,68.3308731993464,55.9050531934006,59.41258024074204,53.78825934417148,59.278946866568354,66.78557260473788,55.67594793775079,73.05323629686207,60.94830303353554,59.58940964605025,54.11813434602993,60.80884046905017,62.28125079189645,55.844386346579014,73.28256316983231,48.89353073050375,60.94766090025202,17.680589335780397,25.99370872776656,47.6310736343116,44.48674760817064,58.76545243666665,29.384464924868258,71.43603483572609,61.25073920533801,41.26630239431729,52.72601040551277,72.49599085323148,53.98083889670272,40.193849919802425,29.580202926133893,70.63072998146124,55.213035364165634
30.28662748654713,36.032952910478365,34.48446335076985,60.85248707099554,33.13771905090518,61.52012788155143,35.08516074572278,61.50107913161655,60.35589589140754,57.490034487535404,33.23805749589726,60.1811011250541,59.38448989423368,34.00379655590475,37.099030224937245,61.0459776495848,51.10989857732823,37.14614228145049,58.941518817970355,37.77937496342408,53.19094962497213,54.266803630438794,36.887676931970894,-6.017289803305828,61.78751165747262,36.3488057661664,58.97978901863127,40.44467957427222,60.05248608288848,34.33273231966973,61.080971566814966,54.821705114445926,33.8486446278662,60.621021611761805,46.681343017266954,58.46400409689549,9.257488008545153,59.76211597950923,46.186152442398146,60.28701898000172,49.31370759371984,57.205392246629614,35.424457641386674,49.973168124372584,25.7526389681889,61.83858819765764,58.03907622916483,42.302906699254166,31.747091688811103,60.13161403061559,57.824662510946276,61.20286033896291,37.32495000573001,33.60075392104502,55.840130943092205,44.72895644113991,59.47341506135153
44.312582563944595,43.47346696525084,62.29687910390331,41.95397245630749,65.45347635692134,56.097218452994966,66.58596229608204,66.9954680007909,66.06339986997459,62.89501776129739,66.05466138504248,42.54822708831954,64.56676021776777,40.93106289748735,40.715082717977,44.264819914071374,66.37272240913856,65.38551637777393,65.47902382697484,40.60377017309457,46.599704115003945,62.001784850781895,60.403062520807545,44.245216895945546,64.36222813985374,43.920329672278164,66.50924475746844,56.79052310216355,55.91502539857104,67.00831299504763,64.60090426093372,60.962130625059736,63.86460277303969,31.94993931743548,48.28428813931029,44.02022510158451,40.45790239323416,53.17992165127742,-8.391857704825165,31.67956576885364,62.11255122797108,66.04376396690763,65.28982931654583,45.44360134543012,55.950996508937486,42.26554179089646,66.6545978217878,43.10782936982297,61.77918071707774,65.98678720678119,52.27349207903671,41.52756561322905,47.75746884129755,52.00804662511773,60.07379171886407,66.50311830447437
46.22874337926375,63.43896316417437,-26.971082370865393,42.90811939624947,47.3598220361575,47.77306289481313,44.70970434099673,48.83648838889277,45.85294800303281,65.30583796805097,49.7983795030417,45.27552807738857,44.479158852413725,64.87239247431805,50.13890517071669,49.67063253952184,49.76011776714332,46.90932670759139,64.50319872239324,46.985856301467,68.2670891357269,49.93665728920606,49.03725585029243,69.80063725462239,70.49212247798272,66.72602447746942,68.0306480787845,70.62391376933368,61.20570631268517,67.76159672725765,42.90074002754261,66.9066046216929,67.4146988663864,68.08259404353151,47.76162111320374,69.89424044791664,69.59593238630617,66.5679209913505,65.5891327870922,68.41111213197286,68.8595538153458,70.61557801569865,44.260684309211875,59.749106539603325,67.80846499641554,70.41486605485255,57.419390460146396,63.05440972118234,62.54181091122161,61.90952156328434,66.67753347500171,54.74067886987947,47.616482522583475,58.81263972581823,68.03718693602417,61.00770465728449
53.17756054715466,51.692690489936304,60.74336215750561,53.09024371733069,63.938737191808855,51.07636225907735,63.5346867462755,58.97493827191249,44.95764016476062,60.13303459952523,49.85265624160349,44.28203670174373,61.78981082452468,47.58463031012206,53.73771252311191,1.2961942349127813,52.26459616957329,56.99569807625203,53.88445998640566,63.937282480528324,52.877553612484576,58.67475048444942,59.416005330112625,62.28528348734437,52.28557754633477,62.53220770007067,62.47650545757972,53.46666344679727,47.46705152631116,34.82230729990881,52.394151698138394,53.86946785026414,53.61658179493572,57.7144448964597,63.41768948747961,64.10755542633308,50.52422792836189,51.15607129788923,52.31342911586,64.03470080674344,58.823167788020896,60.60903146081148,63.82959442943286,61.12199601328359,64.04806946015344,55.36527615276599,45.82040931662506,51.318249303220746,48.93719045440745,46.54101570325622,57.25291020370389,63.53833981489481,49.954847839817035,34.43005821455774,52.739206106189904,45.2993940042111,53.669915898042376,56.02659239329281,63.44055357134096,59.6811230863201
65.29329785478996,49.30464693126319,66.7116691733081,47.538942230807294,59.337795843091854,47.260770908802584,52.78761378604332,62.01591206596447,46.057364755734405,50.131060680501975,47.715592282133144,62.904249862536425,48.02454629814761,64.38186390891848,49.19604445599376,67.68096955104363,63.06624563415882,64.87562072607204,49.0704527523541,52.1782975736297,47.77529113610859,65.99363997946631,63.450592365681466,50.22657329554218,48.46339463284872,66.91879378309928,39.53072329874189,57.1657064219501,66.9223740772995,48.06510220645592,-40.7572991503583,44.80637360041524,67.66969615219375,65.75198631024784,55.5006844608536,67.68475543956254,64.83617799759475,66.72228526380593,59.49399487291329,63.23596533057403,65.07217286840016,50.115165960645896,50.096762150606224,61.136103286113915,47.132316222992955,67.6708448881817,59.11325699089311,41.69956311632831,60.26203515518909,64.52452282932308,67.51109663986234,60.06390767713485,61.55403873458068,67.66795340961642,47.687791327072915
67.0107723269767,67.95579710615957,61.73173372812843,54.64098360193195,46.08474883218547,55.409058256896564,45.63681240294457,49.16492059875849,67.51891343730776,43.69549083782434,66.14807364462567,63.101398286571055,65.33919034623351,53.24571624926571,47.43115972116314,-11.728336303075112,40.46743087857872,41.935789718690586,58.47025319638587,42.30515495783723,67.82579266837374,65.80270695408498,67.08476445761434,58.34420176276862,51.17781695087088,64.13080208889832,67.93662439227145,67.9266107915474,67.21734908009338,58.45250164960552,60.26802026773029,60.652088342694576,63.81509313300293,61.34153406861978,66.3889175774103,45.65732444226481,51.36614907973859,67.89606409035432,67.67474876168225,41.181721978816796,65.10727067697835,43.65103425391456,60.56548631926225,66.81177879530978,67.83431446644053,67.4818488908505,67.6839709115894,59.94179507180624,52.62124853102559,57.06453915541163,48.28670554308591,58.54895444137318,47.352584555269864,62.544132434283796,42.536424539249,67.90829321432201,63.63701939823031
67.3429740923489,50.03517979436607,58.1185824588072,49.44676903988547,48.375544521502675,52.188496228005775,49.59974168942451,50.42975962749212,47.32704751073309,65.08888688778312,47.80599134204342,50.838254982322056,61.13144937136722,47.71682277926472,47.90702713310432,52.329208372786766,52.46929370029265,59.5865335415712,51.56025602708202,68.14746678186476,66.95647153225579,66.27049890497436,66.92407186345189,62.3431209287669,69.31569459515615,50.50848690040972,55.229863594943225,69.5443922704071,49.58276249805229,69.43569078077414,64.41870001154336,66.96540252578413,69.18642309772983,69.38685449604979,55.10054306132391,60.39686174611618,59.37446333706044,30.31199027690333,48.84425693226545,57.9902426186857,66.69978479673588,51.1348459258858,67.5131557696447,52.3219687631247,64.53937121468337,67.85900158795263,69.38611659529121,55.95775704613359,48.13998265544743,-26.40101578490588,69.26512603097241,60.505941457807104,67.5379209769311,69.4433029466237,61.12253515455167
43.139329775828344,73.01795743497652,61.05004279093855,46.343808086424076,41.486833951892265,45.48951718089546,65.31471559648507,40.58748870919197,45.244594621151634,60.57001325360228,67.99350897151609,67.64225950917327,43.013629842517446,45.20065832451263,43.56701460548783,46.21697064495282,38.14549160818602,45.2686356214769,65.05822817421159,73.02947749795723,46.106254307109054,40.16320420121582,69.93519228532543,58.578543184370375,62.31039114312809,57.94314884153545,71.990092009584,70.05782904858799,72.6746016353006,73.03479846868296,72.62446465918194,67.2041846678346,54.46846689329322,63.701580229493366,66.9144475326627,46.0453243406734,64.67721200628304,33.44909506506218,72.56722051718836,40.900751260086224,64.64169133138955,73.14071460055285,69.675736078281,35.41943916860809,63.161444507992734,69.42674661566136,71.17105863201297,70.76565440329588,71.99408671194553,69.51160370301088,71.77844674651143,62.338079040275,66.2957370770034,58.72433313825038,68.05926939250068
47.410695067072254,62.41350879407048,45.58779530724225,58.20592859881399,66.85563906418565,52.31206164524753,66.8013892412087,43.05319680838772,57.822639573751246,64.16313658923114,65.4833663446174,56.72075769014174,28.171958097876814,67.28897436220069,67.5735974930257,48.555888534202516,47.674689278650916,48.153468336397985,47.766690252415415,67.30465712962493,46.53672443663074,46.68246258225712,48.06971369296573,59.789289911486,67.21654174848972,66.88993424493987,56.66231013626852,63.637835385492274,63.245147881227226,66.39755524099192,64.69793503847595,63.567254560108864,63.12495313249065,40.658091668787456,63.73856177126664,66.79647676742347,48.36476992349801,66.10391808800946,47.10212663014319,-25.007169802106525,58.39111862891315,62.46996063098784,52.14328879489173,56.96483768225663,46.70902007474924,63.284293725490734,67.57725804144766,67.35603291139299,47.883842509135384,55.98349358476696,46.755703583873725,67.24088880796127,67.55433439253521,58.71726532993341,48.876777208899085,51.53678040862444
36.669273513268905,77.75782941964232,75.63529380033967,77.6577137339186,74.177192816001,36.77027127437547,76.15405597067681,56.539823191227384,55.18232571928243,66.56302857918442,71.65984868649647,72.19666245715004,64.01612365218122,44.75372306763316,44.29772573102096,73.63529981284181,74.6906471760735,74.6117173231464,76.83362680506204,49.12323429098038,52.680901114604836,53.42028261162491,77.77100777284019,52.525180062848136,77.6450505625248,64.35267151136142,56.73749631207616,77.13522447874081,74.97257470940482,47.859156128918194,63.15914680211811,51.34654749448668,76.53111041845065,52.64412405072076,51.704321611135725,32.014524921550816,77.23053131574076,73.16134726903644,72.9864618775459,54.25405925958481,46.98851156394089,54.22958225311018,73.44908616862038,49.918484789640985,75.48088715255969,75.98528422981278,40.2127700930229,49.269388947528256,54.650715141376764,77.77824028041456,77.57902561275066,74.77705653833934,52.12996451997756,45.90402066347602,77.7727430935042
51.24653129584121,49.84755156803742,44.038879059178356,8.483295793753244,59.76793735079174,57.810428430228335,47.74264135469726,52.198351714640715,46.698254182833736,43.96889869750801,55.71695094654193,43.85857048992777,61.11313955028074,54.7317617077257,42.92213091391106,59.85323403687023,54.30778247112145,56.78217377710736,49.67083848402309,39.79986482732694,49.84513693280225,52.18721500178066,36.11072056423929,60.816002454171226,58.606753393453815,49.31591455793235,44.82986490743632,60.45705855725768,58.374927980310716,59.96045851765715,48.61473323135844,60.84061196429601,58.5347670619076,60.786550250223726,53.70439963164331,51.84484835835521,60.084719789795614,51.47680059922915,49.23853711753965,54.230274780485175,50.081620447023866,57.20811416502323,60.17675237701753,45.15519115742764,57.80635842311223,54.46832436341119,47.0805248796267,56.13831490317445,49.848334600413196,52.94519790625231,41.376795214941936,60.41488601858818,60.269681083518314,58.72804748901309,57.535338308799524,51.51626783508165
19.66692826716627,61.915719676384036,65.41500291061669,45.802249200438204,39.36250814335924,61.425320015281535,63.581754413979525,63.02184199270406,43.58297804425647,47.95759718136815,63.839016389705925,42.356814062254976,43.63328344981058,48.731370569212054,48.98042980139308,63.74822957079588,44.519658510909835,49.17536159405591,64.65965300058453,43.606563057814945,60.39067448864072,47.289739659099546,65.81925064455565,59.37274932447318,59.73540944676053,64.43755804307153,65.05290858269288,66.69754601432207,66.56772526955312,61.629596751623005,61.18416370668092,56.25540746266246,62.35572045927608,47.1143458671666,52.10966275808697,46.98226958715565,61.51277059317149,63.68947573511869,49.16511173354393,66.59664673258514,62.63249047766286,66.68982064138247,66.48360059674444,65.78140544358023,66.44010070760116,60.01180076138545,66.25799822873516,18.391316177328747,63.88971430289522,66.47473991489817,66.2843670949732,-205.5944528504535,66.61396953704381,66.68177425042806,52.60871248918907,49.440043669232004,45.163839435384766,65.92887850972322,45.141528100031614,66.68566067408385
32.549912299011226,33.0653984092844,25.406100064224916,31.89342702790827,62.853005122364685,73.71899862223695,72.74544842654764,70.48156757312286,33.236061072087864,32.99259719041743,32.474128014109056,74.68184094034991,74.50086528746802,45.70221791270071,31.53122245242434,73.96166085029877,74.23766143442522,47.546484712797245,74.66403694576043,74.82540638835094,31.829573531495495,74.84288484064787,66.9932922597222,62.870611587976285,-63.56006124482189,74.34819291715435,74.71395559140406,31.215590597652554,33.342458530848056,32.7172090407106,68.92684276014957,62.80347147767358,74.87020641201566,31.612474945267873,31.802589844289283,74.25523199836648,70.00681743255741,72.84668233196176,73.0929097128978,74.70074963694829,70.7995751638377,74.83740684503614,74.81386165830232,70.82065671504866,70.31665760287474,49.93893967006291,74.87119062207098,66.22700073404162,55.74282643964826,73.48259466092027,63.30544559072628,63.672273841308616,56.42068399207411,71.97505009020138,69.30705085824634,68.78469237693976
67.06972239374261,64.73437921459666,52.675659658644435,6.659542697730564,60.07478485578614,51.009965582014786,59.391316008099345,58.41306408507945,62.51192743399215,54.43234610640081,51.85513130088315,58.43472745760074,67.33368077144803,57.98284755089981,54.757746619857706,67.09995077132442,59.718353027653855,67.13794360226564,64.03786770759874,60.6640222779256,57.70533349964672,50.553134271752704,56.15382496195969,66.38505271570138,59.85259411543803,56.133224213153845,63.41666403086004,40.24221430797616,67.12089899177624,59.556930017557086,67.56796646282271,38.60616588043593,65.84021930607237,63.26210797564671,60.74747944912952,52.386771864734676,56.47928416099096,62.983542139581196,61.18586368209936,65.01278593587301,55.34001989553179,67.69248322939927,60.50086025495103,67.36041177688128,64.1225784491802,53.22706382315801,62.899491436391074,40.21214669527797,54.75368211195417,67.96462883583115,67.91404290021126,65.61301705198673,57.27973669854829,66.20122730014226,38.91969913070751,51.79261715014699,61.1649481594227
57.64936656571558,63.865440035101116,61.745693562955424,44.95362680113198,48.172868293345346,65.2164063363931,50.71896461930368,65.21855155341166,48.07226980062393,45.348405621406194,44.50004254329782,64.19038349250744,52.49479030188034,64.71417295572294,48.947943655862275,65.02581613020881,62.11436397314949,64.80480603978958,32.078670619284395,64.01418381292436,62.98632386510555,63.82458704888346,55.65483219142558,50.0634136583612,49.62069244887522,60.39599311944451,61.150137727798196,48.69017579920097,63.274073588200295,64.965810587896,64.55350986691104,49.473620485506274,47.50785213626312,44.94004625921683,52.22833217471408,48.670627597094665,59.14953345204582,63.54802134793546,62.966733001904245,64.90719520141,54.64891889888638,48.809535514335096,48.770213370974545,64.83834473272597,65.24844527137301,65.00538343635392,49.587212882151164,-30.853030402887203,51.61067673053174,46.20342136702089,50.50611134306307,34.970874276932356,22.565805255484253,56.20168129800351,56.031014557379095
63.677070805250395,44.40482728725372,47.47654879352541,41.11975114771104,63.681973198399945,61.89173186078228,63.13918756467719,59.976821343071386,45.93525775609685,51.80667661894767,52.76456166370151,49.94071943664599,63.33200370878269,63.05327711536332,45.388850462159,44.81797907051332,45.1837179842439,46.71684225242024,61.42460284602373,55.50451457207062,63.20297138853897,51.25561272439703,57.463965684328834,46.65209969320249,62.13533075387782,62.518655473473665,62.01627739226888,63.28432352273548,53.798459181520926,61.00308770001265,51.49972255639603,47.67172490482221,48.325234035598115,62.29708835974115,60.62446286735712,46.01646078289911,62.297568156395116,52.68561544456614,63.51638687182004,62.87422856413129,52.22370238814354,54.92862635454277,51.03797448859942,44.856477392894995,60.58757191990802,55.13040425133672,58.572564623961014,44.7326058357322,60.54999654262573,59.149717572989495,63.677945763397084,59.86000821266377,49.152342346178855,45.41215463524103,60.5858665132669
43.85526190592368,67.84725006386155,43.51049598664572,65.68711525450793,41.58869040959544,66.65153277701914,49.05650211389277,43.09105676601844,46.83732564407178,42.852432188598826,46.37087732339474,46.04257699502337,46.56638870392267,46.46001093691844,45.17403045754595,62.92215122764695,67.98202332460072,63.172349947989126,43.86990597075006,67.76641319719941,64.56899526265823,65.26507771878254,51.51600043293047,-44.506781793147674,43.17069244832233,45.87618808920338,44.678545226680356,40.82089129403948,43.60544105271154,44.011156806532156,17.488006583331266,67.98133697938623,67.94571253967455,48.26673198397019,66.48976138250306,45.99904635682556,43.169388756749825,64.68214429899137,46.037860729916204,67.6303743667247,67.92724623625848,60.39254300830522,67.17384742402804,57.82632180529064,67.49458350935468,62.65065861116612,67.83123904232501,41.27914553846655,54.01792160688366,53.845208684031135,46.53084158762534,67.96779918328842,40.31329058594222,53.74613310290968,30.300252140019587,67.89186715775735,59.57609510769706
54.575118785754874,65.49421017346519,46.4607850077594,64.55081556757993,44.79588648261224,34.231722178204926,50.654592457348215,65.89636307998641,55.20714791095988,52.96578125352857,56.63628077211788,55.232790732757984,45.18817454810951,39.040381579701624,64.56229404345702,50.48507921998125,63.668321096253,64.13563260558492,55.75909275797485,65.56874334765796,48.20128855254543,56.37733868175737,61.24698161118667,44.27539435090856,47.925350837498534,59.58657626954496,56.268224508990805,39.14577806461801,65.27264660806593,45.70920473535962,50.62011146640898,63.88256098921027,56.58100559964844,52.2710566500047,62.993905655255894,60.70005261840149,65.2579409816555,50.55873094001634,64.75235881944734,64.08170537743915,59.529076964404865,49.407894102336414,58.13418990396238,51.17843845578491,47.76753706862795,64.56756106915616,46.63163981578162,59.903917040794276,55.334407193875165,58.83185480081209,45.770164759016716,47.678611832178085,42.44782035620499,42.15788780473138,64.68805520606308
50.96197425126099,52.98414832480427,51.623426391578114,52.18154808788183,52.60195790773884,67.07355886611667,46.52200819436491,66.6233492870936,53.37956429818457,52.506592106693375,46.9329381640669,67.60426841854978,53.48555816056484,52.65557188189138,52.48691944837862,63.78217849643015,53.538649064658394,53.74191130739355,54.736291894150675,67.93584423923794,62.384176700970144,67.67291552423312,48.83241958591186,63.72607674919525,47.037291657773764,67.88905984929924,-30.919647231666595,58.03190024241967,48.41118000924559,63.39147279986109,59.06475984405824,66.84082926505407,50.987515435087126,64.4831689162068,52.70280318050456,53.69249306463216,67.99040271549647,66.35114242274476,55.60100051750241,52.57898915014318,67.71737775949923,66.37439637061952,66.1804411386086,64.73131935381143,68.08566271718637,68.20461139974695,65.86851255349511,55.436976452124455,67.2393403063882,65.40527964521361,63.33537734175961,68.19014509343587,50.45765060477621,50.68446764073382,67.6983711112819
46.59354934438542,59.551041413449354,52.172076836440645,43.16194065026011,61.443103113121495,46.45076628199931,29.690566928085524,46.14384050538919,47.04082082366951,64.07756123104856,42.60020884811874,41.97378768370288,36.87686144581639,56.76936879542279,59.478563431874086,64.15268881068414,64.10193119216503,43.61235132083729,47.823330404343636,44.21082231912167,63.82609738141264,61.294124897186066,44.174594386882376,64.14510571863002,62.63812023183965,58.821592322121354,64.147827698946,59.735585015742345,57.26252620486276,58.261295051483565,63.405531272665485,62.64941699738375,64.05319440552057,58.88028724000697,45.064924187303106,40.550125159597016,35.32473141843963,55.63483346642745,54.350679483594426,45.75396682540995,58.133793819859555,61.3783143186979,48.47928645679557,62.889792392098116,43.69942182894337,62.47131387514901,57.10835299994007,55.36227010048836,63.79323315921147,53.36638748153437,43.38525882758458,53.93061806339626,46.56190063556605,46.41124909285426,57.310950283878526
45.27597202220742,68.4939238501422,65.42807102997415,41.80603645504546,42.336705129412344,46.18404511875898,73.90807097767832,73.87705499424486,51.61265276204969,74.05276054518184,46.38831978624959,45.502704182749284,46.212475222948264,-34.162730253292544,74.07220916865047,73.95012813942161,43.597082393093764,44.77036498294357,71.07977340837829,62.45037848783733,70.29943795119767,46.01391382477042,74.26002837637792,46.23910957139007,74.19181243820934,72.4649175920233,71.81416952466246,64.32190196097893,73.89696687135732,55.02725460225446,72.90591372085622,63.52316902951804,73.4153680455813,67.56896993117994,46.93198230978365,74.21297546559366,41.68623953139915,73.68404834335091,73.91373269605104,70.51071280842301,60.49395124506053,74.14565387439801,42.324903821380616,74.2479293468234,74.1396305010014,69.45679138654963,46.34027471096207,64.88163193480013,50.88752090253692,61.225894591093514,48.81770954754954,70.65381372343404,68.34428247712208,42.394799250706136,53.97620318308229,58.14253192367156,60.17498105347918
42.172000873366954,62.1657318108848,69.88295875790223,69.82134377142225,69.38254837599393,67.16381395862132,45.779797936046855,57.43274141767918,49.72400239462749,55.907227297414096,68.09798155033073,69.89254503892894,68.64918585419232,69.56746090035463,51.50072478899542,51.13676775416402,58.75101097328897,69.98636088308572,62.69377988240026,64.09350869502683,57.11805337540008,55.876437683195576,67.4557393017532,36.689475814417705,56.42846618296621,59.33786473208615,65.05521052107375,50.05424539009127,58.63157414166071,50.92056000263855,69.97140544531445,58.796192991604215,57.49020342754247,65.65244954950336,53.131088384258135,45.35065925614308,65.92458576325603,53.01712198311597,67.95065830084073,66.69806657970926,59.213075611426206,61.65999700234547,68.08815865341617,68.3356379971448,57.846555646855194,68.55126606618447,69.44153126804318,62.5378595313015,58.31473704153777,64.53905382334065,68.60390178810499,59.56107713219403,64.94033334282736,65.06663156059963,44.269056108187584
62.189752139693844,70.03168947073533,61.35862243319337,48.98983255603486,67.51332484347182,61.00650625020708,71.1518243423048,71.1513265263489,63.10549301155231,55.61882273664504,55.77818731473196,56.17728350882843,70.31457721498727,70.63286951025628,46.71588614630014,54.95250241869372,59.94256258750543,71.85904122352036,71.81574325058278,60.800476692461196,68.45158808316006,57.438170957662116,71.89314255704772,53.268521126917,55.76890958095234,71.0279111859123,58.88780468124423,55.630082081047256,61.3502607495218,57.3591474887475,70.22315908303428,69.09013266063288,65.87271497832658,71.63543980671926,32.08725840892726,71.51610940233473,62.966033241875955,68.49575177374896,65.0322980304914,61.82891409115542,33.3839512962,70.58358472706432,71.87888844711375,68.40002775702993,70.42883351816253,66.70953207667658,70.27532000355092,71.20274385336923,60.33622973387498,51.7827025109869,71.84227837335453,57.158636079134276,57.011536058312856,70.14006048282278,62.34383321111523,61.54885475645021,57.16774112912634
36.90103811558545,52.61115108707879,41.17903863311638,40.71755596121018,40.52830950220421,41.23654628272796,38.97168566042417,40.14130086792973,39.67078805016497,44.72353573418816,35.963286264914835,54.31056943289413,25.96522693952473,47.29319101364984,56.89148886804044,38.69788100691137,57.29756818485759,59.64455550542597,41.14872820479793,40.6831608377898,55.72928899759189,39.49008086363354,55.58822973187024,59.53125842110866,52.6299359361861,59.65264752485645,58.73717095248402,59.39429871364963,53.257103182798126,46.55209334055964,53.76459161380161,53.406173577221935,54.287706062578664,42.35676527089295,35.22055984869707,59.4297208126617,53.81217516797886,49.072152761163046,42.211356167016845,51.01124126788172,59.64022231015669,57.957828154746394,56.174101372755274,41.32727088022431,50.69085721622349,35.73701613141703,51.18641618702795,58.85258146311652,59.38768344872632,46.990411116380514,58.8025887618377,34.60303803245461,59.5735037381627,57.62435937326053,41.53646887595693,33.38330543581943
43.033044608408666,66.80385845806433,58.1544402718717,55.627393305779265,67.75165928967164,67.9366589143172,65.76830314029935,64.7936727619088,62.11102582892619,67.97167740215065,27.372434927671037,67.02479470058444,42.770806096678086,46.30767053879773,55.48916218835869,63.085685376404825,60.48645851572444,43.05543042702191,15.679497900901168,35.82668634153216,54.48561382597847,64.2959468614728,67.6539462640938,50.0683126005416,46.72682562289648,60.876740786013954,67.15382927964657,53.6378293358372,63.66732903505891,47.79688850222267,67.98028989779397,59.16632022982214,48.04586330585172,49.53572067512706,49.26861283056879,64.94079118984547,48.42909119706038,57.68278814214848,60.474005177937045,45.55131266809641,67.84631256666017,48.64095653708883,67.96827412437398,66.63403651275422,65.84570272843104,47.96404618316596,67.20940374160983,65.81881169482944,44.17662497407558,54.2276061511074,51.087132927613105,61.05227198247632,63.0212865804495,44.86457537673256,61.6292470180486
62.946818393429155,72.67009483332741,61.87919523203875,59.955246107863374,61.78453791538054,62.545550851379566,72.63327572625359,60.1780516558279,71.52183352820805,57.04418897252548,64.87469269906391,58.01558623339577,59.15530661119081,58.18737307872611,59.87475408424719,33.703620875785006,69.72846700708176,61.37324971404237,55.989958123657644,58.37206370395504,58.150607639464894,65.70467482781491,70.27673493997655,65.7738180509255,54.197775493808976,69.84264509510477,72.50746720781545,67.40420538550471,72.67941767049716,56.72655532486492,66.59420048611001,66.48434070582725,63.74919197113074,40.010175941606164,72.55526330039366,65.56034103490633,63.37503142844757,70.58414782784176,57.77504959276993,59.85670927621499,64.82558125165046,71.91673562317384,67.45350589493101,50.54953080523056,63.986805458152546,67.67296292187176,72.01770914895688,64.64629912332394,70.58219003388886,51.657260557662184,58.93215818518408,69.46631219055276,55.938067319225674,6.4767783722850645,64.8095694215804,64.70223794543521
53.20403358839595,60.594066455477154,58.40516514911433,68.39128570300933,48.77940431986354,52.81122301922118,71.85107329908463,61.59464088625213,71.88245467202908,67.68715454156462,70.18735685235991,58.14300096040534,55.87742060569581,54.665345825674386,19.520534804408094,38.12048291548563,52.357648891156394,55.76190318249865,61.88819537554519,58.21903223976664,54.594287236044195,70.02676890972474,57.7572397399752,68.77423879470847,62.448385766332706,67.92305794249226,59.078974643908445,50.88762927982429,66.17648568978005,71.8259860614355,71.45132000128909,60.03125456152775,71.50946058846715,60.134571502433396,58.826461124682105,61.094686111868945,60.96136882956071,59.745224929731926,61.110212727199546,54.367545374412494,70.85509336258222,63.62799402764811,64.69295357495251,69.01895706747132,61.18043441729679,63.80947580067845,61.0042278044537,64.39716989183728,67.13764443808915,69.61669270503738,58.74232812029481,71.76750583802753,60.251211742343735,58.64222084755715,55.67405742420055
56.53913663243743,72.24453809814545,66.69136506184795,62.37162803265251,63.117274740540736,72.77343445298293,67.63339306289814,60.503868629801026,76.50332710441685,67.17769879967923,59.68820152554438,62.39641111824365,60.856954457271925,58.50982617628047,75.80631255501899,60.93942533556124,58.18122088763042,60.074069907805985,76.40584910583235,75.13788875987771,59.11730605729032,63.19492327396161,65.47576701961675,74.60655736938602,64.87403284138868,62.16203500627758,75.96029746803939,63.67300254848281,64.80274973682113,65.78174627144922,64.34346832332535,33.84660816903211,54.18932825731913,76.27766116793751,70.29959993791539,74.07124235799088,67.90866288679597,39.487524408069625,71.46101486407238,59.610535484801765,59.49242727232005,58.49394222899824,70.50754909861385,62.14486376574946,76.47818642660528,74.73108199603408,72.42277205669339,76.45390307802259,38.36868306668926,75.99120985755249,26.08522144836858,57.73089165942762,65.90746790945282,57.193451489355496,59.752260366517596
44.67666362832055,52.00568370554748,49.003808168969364,45.305544224308996,45.980755386703166,45.66121329578362,62.7398593877231,66.61646942341102,64.37496446283401,46.44823957607017,62.384367638595705,47.666090888372324,56.39596751816206,45.61791654332732,40.998351146623115,64.11555894994743,66.07416914718559,64.91792034562312,66.2103006026089,66.62421568626522,-23.57552470135075,46.44234645099417,65.51354414510641,44.114612980823814,65.65191624340585,66.36325273259061,59.89866419554473,58.402606115189684,56.0935745214235,62.80129884949636,63.98713706059132,66.5591156927774,63.732481460153195,42.878610601979325,45.83463536511821,53.457158467478465,63.23939764235618,59.57451503961872,60.992144861121034,39.538865891975455,43.402758901299,65.61818192940771,63.846756367253676,58.16745537217574,62.02582571205201,64.98765996384535,64.69176301337646,66.5716493289008,62.312875485696345,63.24536813438388,62.89759220879276,63.93619484699668,61.826810410894524,65.05374386709516,58.27178381066986
52.87464723287244,65.25874802451959,48.17748663403094,56.41521716274234,63.57413504251541,68.26866589142388,69.01820543480368,3.4333819989695673,65.46008599769935,55.54590739201318,65.67694204008818,65.6332424715723,66.31821883466124,51.69358599974643,56.6477703677942,54.896104997196176,64.63563781609206,59.2260316300895,66.15662403694965,69.64364928780502,69.53533010847546,69.18735270440025,57.4814500943679,44.638425577737365,43.12674603575201,60.81006324409781,69.34993869519472,50.725778965610374,39.33924000255669,65.9775772535862,48.25949893796482,67.02692019112088,58.720372979087,48.92431790642499,49.022069224772935,67.69972070838354,47.394129263437065,42.29763661592885,69.45781550165644,69.6563565928585,63.96923376345454,55.89941955540358,67.79800233180082,67.9183174768326,69.33384883365157,58.99326613142999,59.639588431738375,50.67192203677027,58.98893811715912,65.49236915838934,38.08623268763269,50.6420240758665,67.96751499835896,45.90818527862491,62.32173487546184
48.03570135829646,57.67567239872876,50.37526755026627,49.929106771442804,57.46306810019379,50.337663284483625,56.72822116225671,47.56067128232572,-46.45080249941131,49.888141205988305,48.81992937107387,36.80982418084821,52.609779836925696,56.10135099872331,54.245384874016686,48.10144009359272,46.10967483685501,57.60743569622699,42.51634304013504,48.0616804412998,44.2361260796003,42.65358084801636,47.18278188545519,54.34166483836359,48.7829403196763,49.79670409632505,54.43271446617809,48.83367676412575,52.01948005519893,57.59711728965849,47.23486918893273,55.849648018110855,57.129406791092485,49.05453830476448,46.16587383743874,50.10539132724151,34.98923271200846,52.56131980873396,48.91377402521582,50.965083388663466,50.010251846478084,57.567448866167325,52.49634315532393,48.50200821516922,45.78796300648327,47.483950995980514,53.55717790128046,52.99981037569313,57.36306380261367,40.53295138841139,50.36577765501423,51.58098147204961,55.29693206889142,47.791136914345486,55.59731463526051,56.05212681151691,47.85682410705563
51.05329436353121,67.90697508601185,67.70878325436676,69.17971540579053,33.89221901240079,50.62037867891794,48.51780265294863,57.29091954745589,51.50820272787085,65.48795029409409,42.47631860782484,51.350344563242444,48.23079615266493,40.84641259221961,49.9185904843787,55.11927543758928,56.744705954301594,51.91598343888333,53.52873306728132,46.96469665435196,48.18056195739835,55.119696718896634,53.53199360366624,53.762204984990134,69.83248756475693,68.66267081488802,63.6970781263564,51.16629146306285,54.967596451742324,54.6888331906316,53.102499551115656,54.21145118487901,54.779783776747976,67.74750127991611,67.82134608073574,46.67318199589823,69.3777297858516,69.39726898550468,69.31740799388096,54.62226819461391,68.20423222477727,58.60708226093736,45.59988271218303,54.54508083394238,-0.7924765016055231,69.2334289955226,66.48555464715643,67.33313517917593,65.63691206234687,52.43162283504124,55.69615400511718,59.503070584399644,66.05451315809266,58.88264717498052,49.66177193258606
63.06558410731112,56.66424569648636,11.134653746733042,32.041440237684895,62.32532408563737,32.82362274357828,59.68339500309404,55.93014595213412,43.9881374733592,61.995098676308665,63.360932047284116,62.43940370318331,58.50912638194314,63.62189542542354,57.28930811958926,48.31157875897338,61.27107775458161,59.86126496470561,62.03871439521925,56.320481151904374,53.84772434656196,49.53931023667777,42.78298767015553,63.13801909300117,56.99882211528338,33.018610691539685,62.99876746064718,58.377032776270454,58.968961443804766,58.09784945411401,51.92861281321805,62.67714783318832,33.678712484271685,59.742260111621256,63.68163869613807,34.89542046668256,58.51953632576079,63.56457505848983,34.12459265795936,53.321265304741594,63.68201613280133,63.48548700342679,44.54899564473718,31.039610177979466,63.46277918091244,61.74959587169895,62.19114052352405,49.533952800501815,44.56803059339048,45.04119858423377,47.84976408440327,36.72049964888289,60.76034971796061,58.30530877925948,29.73407357480684
