Th1,FAR1,FRR1,Th2,FAR2,FRR2,Th3,FAR3,FRR3
-379,0.401816911,0.001956947,402,0.401111111,0.00617284,-1438,0.400055928,0.014285714
-378,0.401118099,0.001956947,403,0.39962963,0.00617284,-1437,0.399888143,0.014285714
-377,0.400419287,0.001956947,404,0.398888889,0.00617284,-1436,0.39966443,0.014285714
-376,0.399720475,0.001956947,405,0.397777778,0.00617284,-1435,0.399217002,0.014285714
-375,0.399371069,0.001956947,406,0.395555556,0.00617284,-1434,0.399161074,0.014285714
-374,0.398672257,0.001956947,407,0.393333333,0.00617284,-1433,0.398881432,0.014285714
-373,0.397624039,0.001956947,408,0.391851852,0.00617284,-1432,0.398769575,0.014285714
-372,0.396226415,0.001956947,409,0.391481481,0.00617284,-1431,0.39860179,0.014285714
-371,0.395877009,0.001956947,410,0.39037037,0.00617284,-1430,0.398489933,0.014285714
-370,0.394479385,0.001956947,411,0.387777778,0.00617284,-1429,0.398210291,0.014285714
-369,0.394129979,0.001956947,412,0.385925926,0.00617284,-1428,0.398210291,0.014285714
-368,0.393431167,0.001956947,413,0.382962963,0.00617284,-1427,0.398042506,0.014285714
-367,0.393431167,0.001956947,414,0.380740741,0.00617284,-1426,0.397706935,0.014285714
-366,0.392732355,0.001956947,415,0.379259259,0.00617284,-1425,0.39753915,0.016666667
-365,0.392033543,0.001956947,416,0.376666667,0.00617284,-1424,0.397483221,0.016666667
-364,0.391684137,0.001956947,417,0.375555556,0.00617284,-1423,0.397259508,0.016666667
-363,0.391334731,0.001956947,418,0.374814815,0.00617284,-1422,0.397091723,0.016666667
-362,0.389587701,0.001956947,419,0.372962963,0.00617284,-1421,0.396868009,0.016666667
-361,0.388888889,0.001956947,420,0.372592593,0.00617284,-1420,0.396756152,0.016666667
-360,0.388539483,0.001956947,421,0.37,0.00617284,-1419,0.396644295,0.016666667
-359,0.387141859,0.001956947,422,0.37,0.00617284,-1418,0.396364653,0.016666667
-358,0.385394829,0.001956947,423,0.367407407,0.00617284,-1417,0.396029083,0.016666667
-357,0.384696017,0.001956947,424,0.365925926,0.00617284,-1416,0.395917226,0.016666667
-356,0.384346611,0.001956947,425,0.364444444,0.00617284,-1415,0.395581655,0.016666667
-355,0.384346611,0.001956947,426,0.363333333,0.00617284,-1414,0.395469799,0.016666667
-354,0.382599581,0.001956947,427,0.361111111,0.00617284,-1413,0.395357942,0.016666667
-353,0.382250175,0.001956947,428,0.35962963,0.00617284,-1412,0.395357942,0.016666667
-352,0.381900769,0.001956947,429,0.358518519,0.00617284,-1411,0.395134228,0.016666667
-351,0.381551363,0.001956947,430,0.357037037,0.00617284,-1410,0.394798658,0.016666667
-350,0.380503145,0.001956947,431,0.356666667,0.00617284,-1409,0.394519016,0.016666667
-349,0.379454927,0.001956947,432,0.355185185,0.00617284,-1408,0.394463087,0.016666667
-348,0.379105521,0.001956947,433,0.354074074,0.00617284,-1407,0.394183445,0.016666667
-347,0.377707897,0.001956947,434,0.352592593,0.00617284,-1406,0.393847875,0.016666667
-346,0.377358491,0.001956947,435,0.351111111,0.00617284,-1405,0.393736018,0.016666667
-345,0.376659679,0.001956947,436,0.348888889,0.00617284,-1404,0.393512304,0.016666667
-344,0.376310273,0.001956947,437,0.346666667,0.00617284,-1403,0.393400447,0.016666667
-343,0.375960867,0.001956947,438,0.343333333,0.00617284,-1402,0.392841163,0.016666667
-342,0.375262055,0.001956947,439,0.341111111,0.00617284,-1401,0.392673378,0.016666667
-341,0.374213836,0.001956947,440,0.338888889,0.00617284,-1400,0.39261745,0.016666667
-340,0.372816212,0.001956947,441,0.336666667,0.00617284,-1399,0.392561521,0.016666667
-339,0.372466806,0.001956947,442,0.334814815,0.00617284,-1398,0.392393736,0.016666667
-338,0.371767994,0.001956947,443,0.332962963,0.00617284,-1397,0.392114094,0.016666667
-337,0.371069182,0.001956947,444,0.331851852,0.00617284,-1396,0.391666667,0.016666667
-336,0.36862334,0.001956947,445,0.328888889,0.00617284,-1395,0.391610738,0.016666667
-335,0.367924528,0.001956947,446,0.328518519,0.00617284,-1394,0.391219239,0.016666667
-334,0.367924528,0.001956947,447,0.327407407,0.00617284,-1393,0.39082774,0.016666667
-333,0.36687631,0.001956947,448,0.326296296,0.00617284,-1392,0.39049217,0.016666667
-332,0.366177498,0.001956947,449,0.325555556,0.00617284,-1391,0.390436242,0.016666667
-331,0.366177498,0.001956947,450,0.324444444,0.00617284,-1390,0.3901566,0.016666667
-330,0.365478686,0.001956947,451,0.322962963,0.00617284,-1389,0.389932886,0.016666667
-329,0.364779874,0.001956947,452,0.322222222,0.00617284,-1388,0.389821029,0.016666667
-328,0.364430468,0.001956947,453,0.32,0.00617284,-1387,0.389597315,0.016666667
-327,0.36338225,0.001956947,454,0.32,0.00617284,-1386,0.389317673,0.016666667
-326,0.362683438,0.001956947,455,0.318518519,0.00617284,-1385,0.389038031,0.016666667
-325,0.362334032,0.002609263,456,0.316666667,0.00617284,-1384,0.388926174,0.016666667
-324,0.36163522,0.002609263,457,0.315925926,0.00617284,-1383,0.388758389,0.016666667
-323,0.360936408,0.002609263,458,0.314074074,0.00617284,-1382,0.388478747,0.016666667
-322,0.360936408,0.002609263,459,0.313333333,0.00617284,-1381,0.388143177,0.016666667
-321,0.35988819,0.002609263,460,0.311851852,0.00617284,-1380,0.388143177,0.016666667
-320,0.358839972,0.002609263,461,0.30962963,0.00617284,-1379,0.387807606,0.016666667
-319,0.357442348,0.002609263,462,0.308148148,0.00617284,-1378,0.387527964,0.016666667
-318,0.357092942,0.002609263,463,0.305925926,0.00617284,-1377,0.387360179,0.016666667
-317,0.35639413,0.002609263,464,0.302962963,0.00617284,-1376,0.386912752,0.016666667
-316,0.355695318,0.002609263,465,0.300740741,0.00617284,-1375,0.386800895,0.016666667
-315,0.3546471,0.002609263,466,0.298518519,0.00617284,-1374,0.386577181,0.016666667
-314,0.352550664,0.002609263,467,0.297037037,0.00617284,-1373,0.386465324,0.016666667
-313,0.352201258,0.002609263,468,0.294074074,0.006944444,-1372,0.386297539,0.016666667
-312,0.35115304,0.003261579,469,0.293333333,0.006944444,-1371,0.386129754,0.016666667
-311,0.350454228,0.003261579,470,0.290740741,0.006944444,-1370,0.386017897,0.016666667
-310,0.350104822,0.003261579,471,0.28962963,0.006944444,-1369,0.385850112,0.016666667
-309,0.34940601,0.003913894,472,0.288148148,0.006944444,-1368,0.385346756,0.016666667
-308,0.348707198,0.003913894,473,0.287037037,0.006944444,-1367,0.385178971,0.016666667
-307,0.348357792,0.003913894,474,0.284814815,0.006944444,-1366,0.385123043,0.016666667
-306,0.348008386,0.003913894,475,0.284074074,0.006944444,-1365,0.385067114,0.016666667
-305,0.347309574,0.003913894,476,0.282592593,0.006944444,-1364,0.3848434,0.016666667
-304,0.346610762,0.003913894,477,0.28037037,0.006944444,-1363,0.384619687,0.016666667
-303,0.346261356,0.003913894,478,0.27962963,0.006944444,-1362,0.384340045,0.016666667
-302,0.345562544,0.003913894,479,0.278518519,0.006944444,-1361,0.384228188,0.019047619
-301,0.345562544,0.003913894,480,0.277407407,0.006944444,-1360,0.384060403,0.019047619
-300,0.344863732,0.003913894,481,0.275925926,0.006944444,-1359,0.383724832,0.019047619
-299,0.344514326,0.003913894,482,0.274444444,0.006944444,-1358,0.383333333,0.019047619
-298,0.34416492,0.003913894,483,0.273333333,0.006944444,-1357,0.383165548,0.019047619
-297,0.343466108,0.003913894,484,0.271481481,0.006944444,-1356,0.383053691,0.019047619
-296,0.343116702,0.003913894,485,0.270740741,0.006944444,-1355,0.382829978,0.019047619
-295,0.342767296,0.003913894,486,0.26962963,0.006944444,-1354,0.382438479,0.019047619
-294,0.34241789,0.003913894,487,0.269259259,0.006944444,-1353,0.382214765,0.019047619
-293,0.341719078,0.003913894,488,0.267777778,0.006944444,-1352,0.381935123,0.019047619
-292,0.339972048,0.003913894,489,0.265555556,0.006944444,-1351,0.381655481,0.019047619
-291,0.338923829,0.003913894,490,0.264444444,0.006944444,-1350,0.381487696,0.019047619
-290,0.337875611,0.003913894,491,0.263333333,0.006944444,-1349,0.381152125,0.019047619
-289,0.337526205,0.003913894,492,0.261111111,0.006944444,-1348,0.380928412,0.019047619
-288,0.336477987,0.003913894,493,0.26,0.006944444,-1347,0.380816555,0.019047619
-287,0.336128581,0.003913894,494,0.258518519,0.006944444,-1346,0.380480984,0.019047619
-286,0.335080363,0.003913894,495,0.257037037,0.006944444,-1345,0.380313199,0.019047619
-285,0.334381551,0.003913894,496,0.255185185,0.006944444,-1344,0.380313199,0.019047619
-284,0.334032145,0.003913894,497,0.254074074,0.006944444,-1343,0.380201342,0.019047619
-283,0.333682739,0.003913894,498,0.250740741,0.007716049,-1342,0.379865772,0.019047619
-282,0.332634521,0.003913894,499,0.24962963,0.007716049,-1341,0.379642058,0.019047619
-281,0.332285115,0.003913894,500,0.248888889,0.007716049,-1340,0.379418345,0.019047619
-280,0.332285115,0.003913894,501,0.247777778,0.007716049,-1339,0.379306488,0.019047619
-279,0.331236897,0.00456621,502,0.246296296,0.007716049,-1338,0.379138702,0.019047619
-278,0.330538085,0.00456621,503,0.245185185,0.007716049,-1337,0.379138702,0.019047619
-277,0.329489867,0.00456621,504,0.243333333,0.007716049,-1336,0.379082774,0.019047619
-276,0.329489867,0.00456621,505,0.241851852,0.007716049,-1335,0.379026846,0.019047619
-275,0.329140461,0.00456621,506,0.241111111,0.007716049,-1334,0.378691275,0.019047619
-274,0.329140461,0.00456621,507,0.239259259,0.007716049,-1333,0.378579418,0.019047619
-273,0.327393431,0.00456621,508,0.238888889,0.007716049,-1332,0.378355705,0.019047619
-272,0.326345213,0.00456621,509,0.238148148,0.007716049,-1331,0.378243848,0.019047619
-271,0.325995807,0.00456621,510,0.237407407,0.007716049,-1330,0.378076063,0.019047619
-270,0.325646401,0.00456621,511,0.236296296,0.007716049,-1329,0.377852349,0.019047619
-269,0.324248777,0.00456621,512,0.234074074,0.007716049,-1328,0.377740492,0.019047619
-268,0.323899371,0.00456621,513,0.231481481,0.007716049,-1327,0.377572707,0.019047619
-267,0.322851153,0.00456621,514,0.23,0.007716049,-1326,0.377516779,0.019047619
-266,0.322851153,0.00456621,515,0.228888889,0.007716049,-1325,0.377237136,0.019047619
-265,0.322851153,0.00456621,516,0.228148148,0.007716049,-1324,0.376957494,0.019047619
-264,0.322152341,0.00456621,517,0.226296296,0.007716049,-1323,0.376789709,0.019047619
-263,0.320055905,0.00456621,518,0.224444444,0.007716049,-1322,0.376342282,0.019047619
-262,0.319357093,0.00456621,519,0.223333333,0.007716049,-1321,0.375950783,0.019047619
-261,0.317959469,0.00456621,520,0.221481481,0.007716049,-1320,0.375782998,0.019047619
-260,0.316911251,0.00456621,521,0.220740741,0.007716049,-1319,0.375391499,0.019047619
-259,0.316561845,0.00456621,522,0.219259259,0.008487654,-1318,0.375279642,0.019047619
-258,0.315164221,0.00456621,523,0.217407407,0.008487654,-1317,0.374944072,0.019047619
-257,0.314814815,0.00456621,524,0.216666667,0.008487654,-1316,0.374720358,0.019047619
-256,0.314814815,0.00456621,525,0.215185185,0.008487654,-1315,0.374608501,0.019047619
-255,0.314465409,0.00456621,526,0.212962963,0.008487654,-1314,0.374328859,0.019047619
-254,0.313417191,0.00456621,527,0.211111111,0.008487654,-1313,0.374105145,0.019047619
-253,0.312368973,0.00456621,528,0.209259259,0.008487654,-1312,0.373769575,0.019047619
-252,0.311670161,0.00456621,529,0.207407407,0.008487654,-1311,0.373545861,0.019047619
-251,0.311320755,0.00456621,530,0.206296296,0.008487654,-1310,0.373266219,0.019047619
-250,0.311320755,0.00456621,531,0.204074074,0.008487654,-1309,0.373042506,0.019047619
-249,0.311320755,0.00456621,532,0.202592593,0.008487654,-1308,0.37287472,0.019047619
-248,0.311320755,0.00456621,533,0.201481481,0.008487654,-1307,0.37253915,0.019047619
-247,0.310272537,0.00456621,534,0.200740741,0.008487654,-1306,0.372427293,0.019047619
-246,0.308874913,0.00456621,535,0.198888889,0.008487654,-1305,0.372203579,0.019047619
-245,0.307477289,0.00456621,536,0.197407407,0.008487654,-1304,0.372091723,0.019047619
-244,0.306079665,0.00456621,537,0.195555556,0.008487654,-1303,0.371812081,0.019047619
-243,0.304682041,0.00456621,538,0.193703704,0.008487654,-1302,0.371644295,0.019047619
-242,0.303983229,0.00456621,539,0.192592593,0.008487654,-1301,0.371364653,0.019047619
-241,0.302585604,0.00456621,540,0.191111111,0.008487654,-1300,0.371196868,0.019047619
-240,0.302585604,0.00456621,541,0.189259259,0.008487654,-1299,0.370917226,0.019047619
-239,0.301886792,0.00456621,542,0.188148148,0.009259259,-1298,0.370805369,0.019047619
-238,0.30118798,0.00456621,543,0.186296296,0.009259259,-1297,0.370693512,0.019047619
-237,0.30118798,0.005218526,544,0.182962963,0.009259259,-1296,0.370302013,0.019047619
-236,0.299790356,0.005218526,545,0.182592593,0.009259259,-1295,0.370022371,0.019047619
-235,0.29944095,0.005218526,546,0.181851852,0.010030864,-1294,0.369686801,0.019047619
-234,0.298392732,0.005218526,547,0.181111111,0.010030864,-1293,0.369407159,0.019047619
-233,0.29769392,0.005218526,548,0.178888889,0.010030864,-1292,0.369183445,0.019047619
-232,0.296296296,0.005218526,549,0.177407407,0.010802469,-1291,0.368847875,0.019047619
-231,0.295597484,0.005218526,550,0.175925926,0.010802469,-1290,0.368680089,0.019047619
-230,0.294898672,0.005218526,551,0.174444444,0.010802469,-1289,0.368344519,0.019047619
-229,0.294549266,0.005218526,552,0.171851852,0.010802469,-1288,0.368232662,0.019047619
-228,0.293501048,0.005218526,553,0.16962963,0.010802469,-1287,0.367841163,0.019047619
-227,0.292802236,0.005218526,554,0.168148148,0.010802469,-1286,0.36761745,0.019047619
-226,0.291754018,0.005218526,555,0.167407407,0.010802469,-1285,0.367449664,0.019047619
-225,0.290356394,0.005218526,556,0.164814815,0.012345679,-1284,0.367225951,0.019047619
-224,0.290356394,0.005218526,557,0.163703704,0.013117284,-1283,0.367225951,0.019047619
-223,0.289657582,0.005218526,558,0.162222222,0.013117284,-1282,0.367058166,0.019047619
-222,0.288609364,0.005218526,559,0.160740741,0.013117284,-1281,0.36689038,0.021428571
-221,0.288259958,0.005218526,560,0.158888889,0.013117284,-1280,0.366778523,0.021428571
-220,0.28721174,0.005218526,561,0.157037037,0.013117284,-1279,0.366666667,0.021428571
-219,0.28721174,0.005218526,562,0.153703704,0.013117284,-1278,0.366498881,0.021428571
-218,0.28721174,0.005218526,563,0.152592593,0.013117284,-1277,0.366442953,0.021428571
-217,0.286862334,0.005218526,564,0.151111111,0.013117284,-1276,0.366163311,0.021428571
-216,0.285115304,0.005218526,565,0.148888889,0.013117284,-1275,0.365604027,0.021428571
-215,0.284067086,0.005870841,566,0.148888889,0.013117284,-1274,0.365212528,0.021428571
-214,0.283368274,0.005870841,567,0.148148148,0.013117284,-1273,0.364932886,0.021428571
-213,0.282669462,0.005870841,568,0.146666667,0.013117284,-1272,0.364821029,0.021428571
-212,0.282669462,0.005870841,569,0.145925926,0.013117284,-1271,0.364541387,0.021428571
-211,0.281621244,0.005870841,570,0.143703704,0.013888889,-1270,0.36409396,0.021428571
-210,0.281271838,0.005870841,571,0.143333333,0.014660494,-1269,0.363702461,0.021428571
-209,0.280573026,0.005870841,572,0.143333333,0.014660494,-1268,0.363646532,0.021428571
-208,0.280573026,0.005870841,573,0.141851852,0.014660494,-1267,0.363478747,0.021428571
-207,0.279524808,0.005870841,574,0.140740741,0.015432099,-1266,0.363199105,0.021428571
-206,0.279175402,0.005870841,575,0.138888889,0.015432099,-1265,0.363199105,0.021428571
-205,0.277777778,0.005870841,576,0.137037037,0.015432099,-1264,0.36303132,0.021428571
-204,0.277428372,0.005870841,577,0.136666667,0.015432099,-1263,0.362807606,0.021428571
-203,0.27672956,0.005870841,578,0.135555556,0.015432099,-1262,0.362583893,0.021428571
-202,0.276380154,0.005870841,579,0.135185185,0.015432099,-1261,0.362527964,0.021428571
-201,0.274633124,0.005870841,580,0.134074074,0.015432099,-1260,0.362304251,0.021428571
-200,0.273934312,0.005870841,581,0.132222222,0.015432099,-1259,0.362192394,0.021428571
-199,0.272886094,0.005870841,582,0.131111111,0.015432099,-1258,0.362080537,0.021428571
-198,0.270789658,0.005870841,583,0.13037037,0.016203704,-1257,0.361689038,0.021428571
-197,0.26974144,0.005870841,584,0.129259259,0.016203704,-1256,0.361465324,0.021428571
-196,0.269042628,0.005870841,585,0.127777778,0.016975309,-1255,0.361241611,0.021428571
-195,0.268693222,0.005870841,586,0.125925926,0.016975309,-1254,0.360794183,0.021428571
-194,0.266596785,0.005870841,587,0.125185185,0.016975309,-1253,0.360458613,0.021428571
-193,0.265897973,0.005870841,588,0.122222222,0.016975309,-1252,0.360346756,0.021428571
-192,0.264849755,0.005870841,589,0.120740741,0.016975309,-1251,0.360011186,0.021428571
-191,0.264150943,0.005870841,590,0.119259259,0.016975309,-1250,0.359451902,0.021428571
-190,0.263102725,0.005870841,591,0.115555556,0.016975309,-1249,0.359395973,0.021428571
-189,0.262753319,0.005870841,592,0.114814815,0.016975309,-1248,0.359228188,0.021428571
-188,0.262753319,0.005870841,593,0.113703704,0.018518519,-1247,0.358948546,0.021428571
-187,0.261705101,0.006523157,594,0.111111111,0.019290123,-1246,0.358836689,0.021428571
-186,0.260307477,0.006523157,595,0.10962963,0.020061728,-1245,0.358612975,0.021428571
-185,0.259608665,0.006523157,596,0.108518519,0.021604938,-1244,0.358389262,0.021428571
-184,0.258909853,0.006523157,597,0.107037037,0.021604938,-1243,0.35810962,0.021428571
-183,0.257861635,0.006523157,598,0.106296296,0.022376543,-1242,0.357718121,0.021428571
-182,0.257162823,0.006523157,599,0.103703704,0.023919753,-1241,0.357606264,0.021428571
-181,0.256464011,0.006523157,600,0.101851852,0.023919753,-1240,0.357494407,0.021428571
-180,0.255765199,0.006523157,601,0.1,0.023919753,-1239,0.357158837,0.021428571
-179,0.255415793,0.006523157,602,0.097037037,0.023919753,-1238,0.356935123,0.021428571
-178,0.253668763,0.006523157,603,0.094814815,0.025462963,-1237,0.356487696,0.021428571
-177,0.252271139,0.006523157,604,0.093703704,0.025462963,-1236,0.356208054,0.021428571
-176,0.251222921,0.006523157,605,0.091481481,0.026234568,-1235,0.355872483,0.021428571
-175,0.250873515,0.006523157,606,0.090740741,0.027006173,-1234,0.355760626,0.021428571
-174,0.250524109,0.006523157,607,0.09,0.027777778,-1233,0.355536913,0.021428571
-173,0.248777079,0.007175473,608,0.088518519,0.027777778,-1232,0.355089485,0.021428571
-172,0.248078267,0.007175473,609,0.086666667,0.027777778,-1231,0.354697987,0.021428571
-171,0.247379455,0.007175473,610,0.085185185,0.027777778,-1230,0.354530201,0.021428571
-170,0.245981831,0.007175473,611,0.082592593,0.028549383,-1229,0.354306488,0.021428571
-169,0.244584207,0.007175473,612,0.081111111,0.029320988,-1228,0.354138702,0.021428571
-168,0.243885395,0.007175473,613,0.08,0.029320988,-1227,0.353970917,0.021428571
-167,0.242837177,0.007175473,614,0.078518519,0.030864198,-1226,0.353691275,0.021428571
-166,0.240740741,0.007175473,615,0.077777778,0.030864198,-1225,0.353579418,0.021428571
-165,0.240391335,0.007175473,616,0.077037037,0.031635802,-1224,0.353355705,0.021428571
-164,0.238993711,0.007175473,617,0.074814815,0.031635802,-1223,0.353020134,0.021428571
-163,0.238644305,0.007175473,618,0.074444444,0.032407407,-1222,0.352964206,0.021428571
-162,0.238294899,0.007175473,619,0.073703704,0.033950617,-1221,0.352796421,0.021428571
-161,0.237596087,0.007175473,620,0.07037037,0.034722222,-1220,0.352684564,0.021428571
-160,0.237246681,0.007175473,621,0.06962963,0.035493827,-1219,0.352628635,0.021428571
-159,0.235499651,0.007175473,622,0.068518519,0.036265432,-1218,0.35212528,0.021428571
-158,0.234102027,0.007175473,623,0.068148148,0.036265432,-1217,0.352069351,0.021428571
-157,0.232704403,0.007175473,624,0.065185185,0.036265432,-1216,0.351845638,0.021428571
-156,0.231306778,0.007827789,625,0.064074074,0.037037037,-1215,0.351733781,0.021428571
-155,0.23025856,0.007827789,626,0.061851852,0.039351852,-1214,0.351565996,0.021428571
-154,0.229559748,0.007827789,627,0.06037037,0.040123457,-1213,0.351286353,0.021428571
-153,0.228860936,0.007827789,628,0.06037037,0.040123457,-1212,0.351118568,0.021428571
-152,0.228162124,0.007827789,629,0.059259259,0.040123457,-1211,0.350782998,0.021428571
-151,0.227463312,0.007827789,630,0.058148148,0.043209877,-1210,0.350559284,0.021428571
-150,0.2267645,0.007827789,631,0.057407407,0.043981481,-1209,0.350055928,0.021428571
-149,0.226415094,0.007827789,632,0.055925926,0.045524691,-1208,0.349832215,0.021428571
-148,0.226065688,0.007827789,633,0.053703704,0.047067901,-1207,0.349384787,0.021428571
-147,0.223969252,0.007827789,634,0.052592593,0.048611111,-1206,0.349217002,0.021428571
-146,0.22327044,0.007827789,635,0.052222222,0.050154321,-1205,0.348881432,0.021428571
-145,0.222222222,0.007827789,636,0.051481481,0.050154321,-1204,0.348657718,0.021428571
-144,0.222222222,0.007827789,637,0.05,0.051697531,-1203,0.348210291,0.021428571
-143,0.22152341,0.007827789,638,0.049259259,0.054012346,-1202,0.347818792,0.021428571
-142,0.220125786,0.007827789,639,0.048148148,0.054012346,-1201,0.347651007,0.021428571
-141,0.219426974,0.007827789,640,0.046296296,0.054783951,-1200,0.347315436,0.021428571
-140,0.216631726,0.007827789,641,0.045925926,0.05632716,-1199,0.347259508,0.021428571
-139,0.215234102,0.007827789,642,0.044814815,0.05632716,-1198,0.347147651,0.021428571
-138,0.21453529,0.007827789,643,0.043333333,0.05787037,-1197,0.346979866,0.021428571
-137,0.214185884,0.007827789,644,0.042592593,0.05941358,-1196,0.346644295,0.021428571
-136,0.213137666,0.007827789,645,0.03962963,0.060185185,-1195,0.346532438,0.021428571
-135,0.21278826,0.007827789,646,0.037777778,0.06095679,-1194,0.346364653,0.021428571
-134,0.211390636,0.007827789,647,0.037777778,0.061728395,-1193,0.346252796,0.021428571
-133,0.2092942,0.007827789,648,0.037777778,0.064814815,-1192,0.34614094,0.021428571
-132,0.208245982,0.007827789,649,0.037407407,0.06558642,-1191,0.346085011,0.021428571
-131,0.207197764,0.007827789,650,0.037407407,0.067901235,-1190,0.345973154,0.021428571
-130,0.20580014,0.008480104,651,0.037037037,0.070216049,-1189,0.345917226,0.021428571
-129,0.204751922,0.00913242,652,0.036296296,0.071759259,-1188,0.345637584,0.021428571
-128,0.203354298,0.00913242,653,0.035555556,0.071759259,-1187,0.34541387,0.021428571
-127,0.200908456,0.00913242,654,0.033703704,0.073302469,-1186,0.345246085,0.021428571
-126,0.19881202,0.00913242,655,0.033333333,0.075617284,-1185,0.344742729,0.021428571
-125,0.197763802,0.00913242,656,0.031481481,0.077932099,-1184,0.344519016,0.021428571
-124,0.19706499,0.00913242,657,0.031481481,0.081018519,-1183,0.34435123,0.021428571
-123,0.196016771,0.00913242,658,0.030740741,0.084876543,-1182,0.344127517,0.021428571
-122,0.192522711,0.00913242,659,0.03,0.087962963,-1181,0.343791946,0.023809524
-121,0.191823899,0.00913242,660,0.02962963,0.091820988,-1180,0.343568233,0.023809524
-120,0.190076869,0.00913242,661,0.028518519,0.092592593,-1179,0.343120805,0.023809524
-119,0.188329839,0.00913242,662,0.028148148,0.097222222,-1178,0.343008949,0.023809524
-118,0.186932215,0.00913242,663,0.027037037,0.103395062,-1177,0.342841163,0.023809524
-117,0.185534591,0.00913242,664,0.025555556,0.108024691,-1176,0.342505593,0.023809524
-116,0.185185185,0.009784736,665,0.025185185,0.110339506,-1175,0.342225951,0.023809524
-115,0.184486373,0.009784736,666,0.024814815,0.111882716,-1174,0.342002237,0.023809524
-114,0.183438155,0.009784736,667,0.023703704,0.117283951,-1173,0.341722595,0.023809524
-113,0.182739343,0.010437052,668,0.022962963,0.11882716,-1172,0.34155481,0.023809524
-112,0.182040531,0.010437052,669,0.022222222,0.12037037,-1171,0.341163311,0.023809524
-111,0.181341719,0.010437052,670,0.021481481,0.125771605,-1170,0.340883669,0.023809524
-110,0.180992313,0.010437052,671,0.021481481,0.12808642,-1169,0.340604027,0.023809524
-109,0.179944095,0.010437052,672,0.021481481,0.135030864,-1168,0.340380313,0.023809524
-108,0.179594689,0.010437052,673,0.021111111,0.138888889,-1167,0.340212528,0.026190476
-107,0.178546471,0.010437052,674,0.020740741,0.140432099,-1166,0.339988814,0.026190476
-106,0.177847659,0.010437052,675,0.02037037,0.143518519,-1165,0.339876957,0.026190476
-105,0.176799441,0.010437052,676,0.02,0.144290123,-1164,0.339541387,0.026190476
-104,0.176100629,0.010437052,677,0.01962963,0.149691358,-1163,0.33942953,0.026190476
-103,0.174703005,0.010437052,678,0.018888889,0.152006173,-1162,0.339149888,0.026190476
-102,0.172955975,0.010437052,679,0.018148148,0.155092593,-1161,0.338814318,0.026190476
-101,0.171907757,0.010437052,680,0.017407407,0.160493827,-1160,0.338646532,0.026190476
-100,0.170859539,0.010437052,681,0.016666667,0.162808642,-1159,0.338534676,0.026190476
-99,0.170160727,0.010437052,682,0.016296296,0.169753086,-1158,0.338255034,0.026190476
-98,0.168413697,0.010437052,683,0.015925926,0.173611111,-1157,0.337975391,0.026190476
-97,0.166317261,0.011089367,684,0.015185185,0.175925926,-1156,0.337583893,0.026190476
-96,0.166317261,0.011089367,685,0.014814815,0.179012346,-1155,0.337416107,0.026190476
-95,0.165269043,0.011089367,686,0.013703704,0.18441358,-1154,0.337248322,0.026190476
-94,0.164220825,0.011089367,687,0.012592593,0.185185185,-1153,0.336689038,0.026190476
-93,0.163871419,0.011741683,688,0.011851852,0.186728395,-1152,0.336353468,0.026190476
-92,0.162823201,0.011741683,689,0.010740741,0.19212963,-1151,0.336241611,0.026190476
-91,0.161774983,0.011741683,690,0.010740741,0.197530864,-1150,0.336185682,0.026190476
-90,0.160726765,0.011741683,691,0.01,0.205246914,-1149,0.335850112,0.026190476
-89,0.159678546,0.011741683,692,0.00962963,0.209876543,-1148,0.335682327,0.026190476
-88,0.158979734,0.012393999,693,0.009259259,0.212962963,-1147,0.335514541,0.026190476
-87,0.157931516,0.012393999,694,0.009259259,0.214506173,-1146,0.335178971,0.026190476
-86,0.156533892,0.012393999,695,0.008518519,0.218364198,-1145,0.334955257,0.026190476
-85,0.156184486,0.012393999,696,0.008148148,0.226851852,-1144,0.334731544,0.026190476
-84,0.154437456,0.012393999,697,0.008148148,0.231481481,-1143,0.334228188,0.026190476
-83,0.15408805,0.012393999,698,0.007777778,0.241512346,-1142,0.333836689,0.026190476
-82,0.15408805,0.012393999,699,0.006296296,0.247685185,-1141,0.333501119,0.026190476
-81,0.153738644,0.012393999,700,0.006296296,0.252314815,-1140,0.333277405,0.028571429
-80,0.152690426,0.012393999,701,0.006296296,0.260802469,-1139,0.332997763,0.028571429
-79,0.151642208,0.012393999,702,0.006296296,0.269290123,-1138,0.332662192,0.028571429
-78,0.150244584,0.012393999,703,0.005555556,0.273148148,-1137,0.332550336,0.028571429
-77,0.148148148,0.012393999,704,0.004444444,0.277777778,-1136,0.332326622,0.028571429
-76,0.147798742,0.012393999,705,0.004074074,0.287808642,-1135,0.331991051,0.028571429
-75,0.146401118,0.012393999,706,0.004074074,0.293209877,-1134,0.331823266,0.028571429
-74,0.144654088,0.012393999,707,0.003703704,0.296296296,-1133,0.331431767,0.028571429
-73,0.143955276,0.013046314,708,0.003703704,0.305555556,-1132,0.33098434,0.028571429
-72,0.143955276,0.013046314,709,0.003703704,0.31404321,-1131,0.330816555,0.028571429
-71,0.142557652,0.013046314,710,0.003703704,0.324845679,-1130,0.330760626,0.028571429
-70,0.141160028,0.013046314,711,0.003703704,0.334104938,-1129,0.330704698,0.028571429
-69,0.139762404,0.013046314,712,0.003333333,0.337191358,-1128,0.330369128,0.028571429
-68,0.13836478,0.013046314,713,0.003333333,0.342592593,-1127,0.330201342,0.028571429
-67,0.137316562,0.013046314,714,0.003333333,0.351851852,-1126,0.329977629,0.028571429
-66,0.136967156,0.013046314,715,0.003333333,0.361111111,-1125,0.329753915,0.028571429
-65,0.136268344,0.013046314,716,0.002962963,0.365740741,-1124,0.329474273,0.028571429
-64,0.135569532,0.013046314,717,0.002592593,0.37345679,-1123,0.329362416,0.028571429
-63,0.134521314,0.013046314,718,0.002592593,0.37962963,-1122,0.329306488,0.028571429
-62,0.133822502,0.01369863,719,0.002592593,0.385802469,-1121,0.329138702,0.028571429
-61,0.133822502,0.01369863,720,0.002592593,0.392746914,-1120,0.328747204,0.028571429
-60,0.131726066,0.014350946,721,0.002222222,0.400462963,-1119,0.328635347,0.028571429
-59,0.12962963,0.015003262,,,,-1118,0.328243848,0.028571429
-58,0.128232006,0.015003262,,,,-1117,0.328131991,0.028571429
-57,0.124737945,0.015003262,,,,-1116,0.327964206,0.028571429
-56,0.124737945,0.015003262,,,,-1115,0.327740492,0.028571429
-55,0.123689727,0.015003262,,,,-1114,0.327572707,0.028571429
-54,0.120545073,0.015003262,,,,-1113,0.327404922,0.028571429
-53,0.119496855,0.015003262,,,,-1112,0.327181208,0.028571429
-52,0.118448637,0.015003262,,,,-1111,0.326845638,0.028571429
-51,0.117400419,0.015003262,,,,-1110,0.326733781,0.028571429
-50,0.117400419,0.015003262,,,,-1109,0.326230425,0.028571429
-49,0.116352201,0.015003262,,,,-1108,0.326006711,0.028571429
-48,0.115653389,0.015003262,,,,-1107,0.325671141,0.028571429
-47,0.114605171,0.015003262,,,,-1106,0.325503356,0.028571429
-46,0.113207547,0.015003262,,,,-1105,0.325391499,0.028571429
-45,0.111809923,0.015003262,,,,-1104,0.325167785,0.028571429
-44,0.111111111,0.015003262,,,,-1103,0.325055928,0.028571429
-43,0.110412299,0.015003262,,,,-1102,0.324944072,0.028571429
-42,0.110062893,0.015003262,,,,-1101,0.324776286,0.028571429
-41,0.109014675,0.015003262,,,,-1100,0.324440716,0.028571429
-40,0.108315863,0.015003262,,,,-1099,0.324272931,0.028571429
-39,0.106219427,0.015003262,,,,-1098,0.324049217,0.028571429
-38,0.105520615,0.015003262,,,,-1097,0.323881432,0.028571429
-37,0.103424179,0.015655577,,,,-1096,0.323713647,0.028571429
-36,0.103424179,0.015655577,,,,-1095,0.323322148,0.028571429
-35,0.103424179,0.015655577,,,,-1094,0.323266219,0.028571429
-34,0.102026555,0.015655577,,,,-1093,0.322818792,0.028571429
-33,0.100978337,0.015655577,,,,-1092,0.322427293,0.028571429
-32,0.099580713,0.015655577,,,,-1091,0.322203579,0.028571429
-31,0.098183089,0.015655577,,,,-1090,0.321979866,0.028571429
-30,0.097134871,0.016307893,,,,-1089,0.321812081,0.028571429
-29,0.096086653,0.016307893,,,,-1088,0.321700224,0.028571429
-28,0.095737247,0.016307893,,,,-1087,0.32147651,0.028571429
-27,0.095387841,0.016307893,,,,-1086,0.321308725,0.028571429
-26,0.094339623,0.016307893,,,,-1085,0.321085011,0.028571429
-25,0.093640811,0.016307893,,,,-1084,0.320693512,0.028571429
-24,0.092941999,0.016307893,,,,-1083,0.320469799,0.028571429
-23,0.091194969,0.016307893,,,,-1082,0.320246085,0.028571429
-22,0.090496157,0.016307893,,,,-1081,0.320022371,0.028571429
-21,0.088749126,0.016307893,,,,-1080,0.319742729,0.028571429
-20,0.087700908,0.016307893,,,,-1079,0.31935123,0.028571429
-19,0.08665269,0.016307893,,,,-1078,0.319239374,0.028571429
-18,0.086303284,0.016307893,,,,-1077,0.318736018,0.028571429
-17,0.084556254,0.016307893,,,,-1076,0.318568233,0.028571429
-16,0.08315863,0.016307893,,,,-1075,0.318400447,0.028571429
-15,0.082459818,0.016307893,,,,-1074,0.318120805,0.028571429
-14,0.081062194,0.016307893,,,,-1073,0.317673378,0.028571429
-13,0.080013976,0.016307893,,,,-1072,0.317393736,0.028571429
-12,0.07966457,0.016307893,,,,-1071,0.317337808,0.028571429
-11,0.078616352,0.016960209,,,,-1070,0.317170022,0.028571429
-10,0.078266946,0.016960209,,,,-1069,0.31689038,0.028571429
-9,0.07617051,0.017612524,,,,-1068,0.316666667,0.028571429
-8,0.075122292,0.017612524,,,,-1067,0.316331096,0.028571429
-7,0.074074074,0.017612524,,,,-1066,0.316107383,0.028571429
-6,0.072327044,0.01826484,,,,-1065,0.315939597,0.028571429
-5,0.071977638,0.01826484,,,,-1064,0.315604027,0.028571429
-4,0.07092942,0.01826484,,,,-1063,0.315212528,0.028571429
-3,0.068832984,0.01826484,,,,-1062,0.315044743,0.028571429
-2,0.067784766,0.018917156,,,,-1061,0.314876957,0.028571429
-1,0.066037736,0.018917156,,,,-1060,0.314709172,0.028571429
0,0.065338924,0.018917156,,,,-1059,0.314317673,0.028571429
1,0.064640112,0.018917156,,,,-1058,0.314038031,0.028571429
2,0.063242488,0.018917156,,,,-1057,0.313870246,0.028571429
3,0.063242488,0.018917156,,,,-1056,0.313702461,0.028571429
4,0.062543676,0.019569472,,,,-1055,0.313590604,0.028571429
5,0.061146052,0.019569472,,,,-1054,0.313255034,0.028571429
6,0.059399022,0.019569472,,,,-1053,0.312863535,0.028571429
7,0.05695318,0.019569472,,,,-1052,0.312360179,0.028571429
8,0.055904962,0.019569472,,,,-1051,0.312248322,0.028571429
9,0.053459119,0.019569472,,,,-1050,0.31196868,0.028571429
10,0.052410901,0.019569472,,,,-1049,0.311744966,0.028571429
11,0.052061495,0.019569472,,,,-1048,0.311241611,0.028571429
12,0.051712089,0.019569472,,,,-1047,0.311129754,0.028571429
13,0.051712089,0.019569472,,,,-1046,0.310961969,0.028571429
14,0.051013277,0.019569472,,,,-1045,0.310794183,0.030952381
15,0.048567435,0.019569472,,,,-1044,0.310682327,0.030952381
16,0.047868623,0.020874103,,,,-1043,0.310514541,0.030952381
17,0.046820405,0.020874103,,,,-1042,0.310123043,0.030952381
18,0.046121593,0.020874103,,,,-1041,0.309955257,0.030952381
19,0.044025157,0.021526419,,,,-1040,0.309619687,0.030952381
20,0.043326345,0.021526419,,,,-1039,0.309451902,0.030952381
21,0.042278127,0.021526419,,,,-1038,0.309340045,0.030952381
22,0.041229909,0.021526419,,,,-1037,0.309004474,0.030952381
23,0.040181691,0.021526419,,,,-1036,0.308836689,0.030952381
24,0.039133473,0.021526419,,,,-1035,0.308389262,0.030952381
25,0.036687631,0.022178735,,,,-1034,0.308165548,0.030952381
26,0.035290007,0.022178735,,,,-1033,0.307997763,0.030952381
27,0.033542977,0.02283105,,,,-1032,0.307941834,0.030952381
28,0.033193571,0.02283105,,,,-1031,0.307885906,0.033333333
29,0.032145353,0.023483366,,,,-1030,0.307606264,0.033333333
30,0.031446541,0.024135682,,,,-1029,0.307326622,0.033333333
31,0.030747729,0.024135682,,,,-1028,0.307102908,0.033333333
32,0.030048917,0.024135682,,,,-1027,0.306879195,0.033333333
33,0.030048917,0.024135682,,,,-1026,0.306543624,0.033333333
34,0.029000699,0.024135682,,,,-1025,0.306375839,0.033333333
35,0.027952481,0.024135682,,,,-1024,0.306375839,0.033333333
36,0.026904263,0.024135682,,,,-1023,0.305928412,0.033333333
37,0.026205451,0.024135682,,,,-1022,0.305425056,0.033333333
38,0.025506639,0.024135682,,,,-1021,0.305201342,0.033333333
39,0.025157233,0.024135682,,,,-1020,0.3049217,0.033333333
40,0.024807827,0.024135682,,,,-1019,0.304474273,0.033333333
41,0.024109015,0.024787997,,,,-1018,0.304138702,0.033333333
42,0.024109015,0.026092629,,,,-1017,0.303914989,0.033333333
43,0.023759609,0.026092629,,,,-1016,0.303579418,0.033333333
44,0.023759609,0.026092629,,,,-1015,0.303355705,0.033333333
45,0.023759609,0.026092629,,,,-1014,0.303076063,0.033333333
46,0.023759609,0.026092629,,,,-1013,0.302796421,0.033333333
47,0.023759609,0.028049576,,,,-1012,0.302740492,0.033333333
48,0.023759609,0.028701892,,,,-1011,0.302572707,0.033333333
49,0.023759609,0.030006523,,,,-1010,0.302293065,0.033333333
50,0.022361985,0.030006523,,,,-1009,0.302069351,0.033333333
51,0.020964361,0.030006523,,,,-1008,0.301957494,0.033333333
52,0.020265549,0.030006523,,,,-1007,0.301845638,0.033333333
53,0.019217331,0.030658839,,,,-1006,0.301789709,0.033333333
54,0.018518519,0.030658839,,,,-1005,0.301565996,0.033333333
55,0.018518519,0.031311155,,,,-1004,0.301230425,0.033333333
56,0.017819706,0.03196347,,,,-1003,0.301006711,0.033333333
57,0.017819706,0.032615786,,,,-1002,0.300838926,0.033333333
58,0.017120894,0.032615786,,,,-1001,0.300391499,0.033333333
59,0.016072676,0.033268102,,,,-1000,0.300223714,0.033333333
60,0.014325646,0.033268102,,,,-999,0.3,0.033333333
61,0.01397624,0.033920417,,,,-998,0.299720358,0.033333333
62,0.013277428,0.033920417,,,,-997,0.299328859,0.033333333
63,0.012928022,0.033920417,,,,-996,0.299272931,0.033333333
64,0.01222921,0.034572733,,,,-995,0.299049217,0.033333333
65,0.01222921,0.037181996,,,,-994,0.298825503,0.033333333
66,0.01222921,0.037834312,,,,-993,0.298489933,0.035714286
67,0.011879804,0.038486628,,,,-992,0.298322148,0.035714286
68,0.01048218,0.038486628,,,,-991,0.297986577,0.035714286
69,0.00873515,0.038486628,,,,-990,0.297818792,0.035714286
70,0.008036338,0.038486628,,,,-989,0.297595078,0.035714286
71,0.007686932,0.038486628,,,,-988,0.297427293,0.035714286
72,0.007337526,0.039138943,,,,-987,0.297203579,0.035714286
73,0.007337526,0.039791259,,,,-986,0.296868009,0.035714286
74,0.007337526,0.040443575,,,,-985,0.296700224,0.035714286
75,0.007337526,0.04109589,,,,-984,0.29647651,0.035714286
76,0.006638714,0.042400522,,,,-983,0.296196868,0.035714286
77,0.005939902,0.043705153,,,,-982,0.295917226,0.035714286
78,0.005590496,0.045009785,,,,-981,0.295693512,0.035714286
79,0.005590496,0.0456621,,,,-980,0.29541387,0.035714286
80,0.00524109,0.047619048,,,,-979,0.295134228,0.035714286
81,0.00524109,0.048923679,,,,-978,0.294742729,0.035714286
82,0.004542278,0.050880626,,,,-977,0.294574944,0.035714286
83,0.004542278,0.052185258,,,,-976,0.294463087,0.035714286
84,0.004192872,0.052837573,,,,-975,0.294071588,0.035714286
85,0.003843466,0.054794521,,,,-974,0.293680089,0.035714286
86,0.003843466,0.057403783,,,,-973,0.293400447,0.035714286
87,0.003144654,0.058056099,,,,-972,0.293064877,0.035714286
88,0.002795248,0.058708415,,,,-971,0.292729306,0.035714286
89,0.002795248,0.060013046,,,,-970,0.292393736,0.035714286
90,0.002096436,0.062622309,,,,-969,0.291946309,0.035714286
91,0.00174703,0.065883888,,,,-968,0.291722595,0.035714286
92,0.00174703,0.068493151,,,,-967,0.291498881,0.035714286
93,0.00174703,0.070450098,,,,-966,0.291331096,0.035714286
94,0.001397624,0.071102414,,,,-965,0.291107383,0.035714286
95,0.001397624,0.073059361,,,,-964,0.29082774,0.035714286
96,0.001397624,0.074363992,,,,-963,0.290715884,0.035714286
97,0.001397624,0.076973255,,,,-962,0.290604027,0.035714286
98,0.000698812,0.078930202,,,,-961,0.290324385,0.035714286
99,0.000698812,0.083496412,,,,-960,0.289988814,0.035714286
100,0.000698812,0.086105675,,,,-959,0.289709172,0.035714286
101,0.000349406,0.087410307,,,,-958,0.289261745,0.035714286
102,0,0.090019569,,,,-957,0.289038031,0.035714286
103,0,0.095238095,,,,-956,0.288814318,0.035714286
104,0,0.098499674,,,,-955,0.288422819,0.035714286
105,0,0.101108937,,,,-954,0.28836689,0.035714286
106,0,0.101761252,,,,-953,0.28803132,0.035714286
107,0,0.108936725,,,,-952,0.287751678,0.035714286
108,0,0.11285062,,,,-951,0.287416107,0.035714286
109,0,0.119373777,,,,-950,0.287080537,0.035714286
110,0,0.124592303,,,,-949,0.286856823,0.035714286
111,0,0.129158513,,,,-948,0.286521253,0.035714286
112,0,0.136333986,,,,-947,0.286241611,0.035714286
113,0,0.141552511,,,,-946,0.285961969,0.035714286
114,0,0.146118721,,,,-945,0.28557047,0.035714286
115,0,0.1493803,,,,-944,0.285234899,0.035714286
116,0,0.154598826,,,,-943,0.285067114,0.035714286
117,0,0.161121983,,,,-942,0.284675615,0.035714286
118,0,0.168949772,,,,-941,0.284395973,0.035714286
119,0,0.180039139,,,,-940,0.284228188,0.035714286
120,0,0.188519243,,,,-939,0.284060403,0.035714286
121,0,0.196347032,,,,-938,0.283724832,0.035714286
122,0,0.203522505,,,,-937,0.283612975,0.035714286
123,0,0.216568819,,,,-936,0.283277405,0.035714286
124,0,0.228310502,,,,-935,0.283221477,0.035714286
125,0,0.237442922,,,,-934,0.283165548,0.035714286
126,0,0.243313764,,,,-933,0.282885906,0.035714286
127,0,0.250489237,,,,-932,0.282494407,0.035714286
128,0,0.25766471,,,,-931,0.28204698,0.035714286
129,0,0.264840183,,,,-930,0.281879195,0.035714286
130,0,0.275277234,,,,-929,0.281431767,0.035714286
131,0,0.28049576,,,,-928,0.281208054,0.035714286
132,0,0.291585127,,,,-927,0.280816555,0.035714286
133,0,0.307240705,,,,-926,0.28064877,0.035714286
134,0,0.313111546,,,,-925,0.280425056,0.035714286
135,0,0.324200913,,,,-924,0.280089485,0.035714286
136,0,0.332681018,,,,-923,0.2799217,0.035714286
137,0,0.343770385,,,,-922,0.279530201,0.035714286
138,0,0.357469015,,,,-921,0.279194631,0.035714286
139,0,0.371167645,,,,-920,0.278914989,0.035714286
140,0,0.380300065,,,,-919,0.278467562,0.035714286
141,0,0.394651011,,,,-918,0.277684564,0.035714286
142,0,0.405740378,,,,-917,0.277348993,0.035714286
,,,,,,-916,0.27712528,0.035714286
,,,,,,-915,0.276901566,0.035714286
,,,,,,-914,0.276565996,0.035714286
,,,,,,-913,0.276174497,0.035714286
,,,,,,-912,0.275894855,0.038095238
,,,,,,-911,0.275838926,0.038095238
,,,,,,-910,0.275727069,0.038095238
,,,,,,-909,0.275503356,0.038095238
,,,,,,-908,0.275167785,0.038095238
,,,,,,-907,0.275,0.038095238
,,,,,,-906,0.27466443,0.038095238
,,,,,,-905,0.274328859,0.038095238
,,,,,,-904,0.274161074,0.038095238
,,,,,,-903,0.273993289,0.038095238
,,,,,,-902,0.273657718,0.038095238
,,,,,,-901,0.273322148,0.038095238
,,,,,,-900,0.273098434,0.038095238
,,,,,,-899,0.272930649,0.038095238
,,,,,,-898,0.272651007,0.038095238
,,,,,,-897,0.272427293,0.038095238
,,,,,,-896,0.272203579,0.038095238
,,,,,,-895,0.271979866,0.038095238
,,,,,,-894,0.271700224,0.038095238
,,,,,,-893,0.271364653,0.038095238
,,,,,,-892,0.271085011,0.038095238
,,,,,,-891,0.270973154,0.038095238
,,,,,,-890,0.270861298,0.038095238
,,,,,,-889,0.270693512,0.038095238
,,,,,,-888,0.270469799,0.038095238
,,,,,,-887,0.270357942,0.038095238
,,,,,,-886,0.2700783,0.038095238
,,,,,,-885,0.269966443,0.038095238
,,,,,,-884,0.269630872,0.038095238
,,,,,,-883,0.269463087,0.038095238
,,,,,,-882,0.269127517,0.038095238
,,,,,,-881,0.268680089,0.038095238
,,,,,,-880,0.268512304,0.038095238
,,,,,,-879,0.268232662,0.038095238
,,,,,,-878,0.268064877,0.038095238
,,,,,,-877,0.26761745,0.038095238
,,,,,,-876,0.267393736,0.038095238
,,,,,,-875,0.267281879,0.038095238
,,,,,,-874,0.267114094,0.038095238
,,,,,,-873,0.266778523,0.038095238
,,,,,,-872,0.266610738,0.038095238
,,,,,,-871,0.266442953,0.038095238
,,,,,,-870,0.266163311,0.038095238
,,,,,,-869,0.265883669,0.038095238
,,,,,,-868,0.265604027,0.038095238
,,,,,,-867,0.26549217,0.038095238
,,,,,,-866,0.265380313,0.038095238
,,,,,,-865,0.265212528,0.04047619
,,,,,,-864,0.265044743,0.04047619
,,,,,,-863,0.264709172,0.04047619
,,,,,,-862,0.264541387,0.04047619
,,,,,,-861,0.264205817,0.04047619
,,,,,,-860,0.264038031,0.04047619
,,,,,,-859,0.263870246,0.04047619
,,,,,,-858,0.263702461,0.04047619
,,,,,,-857,0.263478747,0.04047619
,,,,,,-856,0.263199105,0.04047619
,,,,,,-855,0.262807606,0.04047619
,,,,,,-854,0.262527964,0.04047619
,,,,,,-853,0.262248322,0.04047619
,,,,,,-852,0.261689038,0.04047619
,,,,,,-851,0.260961969,0.04047619
,,,,,,-850,0.260738255,0.04047619
,,,,,,-849,0.260402685,0.04047619
,,,,,,-848,0.260178971,0.04047619
,,,,,,-847,0.259899329,0.04047619
,,,,,,-846,0.259787472,0.04047619
,,,,,,-845,0.259340045,0.04047619
,,,,,,-844,0.259060403,0.04047619
,,,,,,-843,0.258612975,0.04047619
,,,,,,-842,0.25844519,0.04047619
,,,,,,-841,0.258165548,0.04047619
,,,,,,-840,0.257941834,0.04047619
,,,,,,-839,0.257718121,0.04047619
,,,,,,-838,0.257438479,0.04047619
,,,,,,-837,0.25704698,0.04047619
,,,,,,-836,0.256935123,0.04047619
,,,,,,-835,0.256823266,0.04047619
,,,,,,-834,0.256152125,0.04047619
,,,,,,-833,0.256040268,0.04047619
,,,,,,-832,0.255704698,0.04047619
,,,,,,-831,0.255313199,0.04047619
,,,,,,-830,0.255033557,0.04047619
,,,,,,-829,0.254753915,0.04047619
,,,,,,-828,0.254530201,0.04047619
,,,,,,-827,0.254306488,0.04047619
,,,,,,-826,0.253914989,0.04047619
,,,,,,-825,0.253579418,0.04047619
,,,,,,-824,0.253299776,0.04047619
,,,,,,-823,0.253020134,0.04047619
,,,,,,-822,0.252852349,0.04047619
,,,,,,-821,0.252796421,0.04047619
,,,,,,-820,0.252684564,0.04047619
,,,,,,-819,0.25246085,0.04047619
,,,,,,-818,0.252293065,0.04047619
,,,,,,-817,0.252069351,0.04047619
,,,,,,-816,0.251677852,0.04047619
,,,,,,-815,0.251230425,0.04047619
,,,,,,-814,0.250727069,0.04047619
,,,,,,-813,0.250391499,0.04047619
,,,,,,-812,0.250055928,0.04047619
,,,,,,-811,0.249888143,0.04047619
,,,,,,-810,0.249608501,0.04047619
,,,,,,-809,0.249272931,0.04047619
,,,,,,-808,0.248881432,0.04047619
,,,,,,-807,0.248769575,0.04047619
,,,,,,-806,0.248489933,0.04047619
,,,,,,-805,0.248378076,0.04047619
,,,,,,-804,0.248042506,0.04047619
,,,,,,-803,0.247651007,0.04047619
,,,,,,-802,0.247035794,0.04047619
,,,,,,-801,0.246644295,0.042857143
,,,,,,-800,0.24614094,0.042857143
,,,,,,-799,0.245861298,0.042857143
,,,,,,-798,0.245637584,0.042857143
,,,,,,-797,0.245246085,0.042857143
,,,,,,-796,0.245022371,0.042857143
,,,,,,-795,0.244910515,0.042857143
,,,,,,-794,0.244630872,0.042857143
,,,,,,-793,0.244407159,0.042857143
,,,,,,-792,0.24401566,0.042857143
,,,,,,-791,0.243624161,0.042857143
,,,,,,-790,0.243456376,0.042857143
,,,,,,-789,0.243176734,0.042857143
,,,,,,-788,0.242729306,0.042857143
,,,,,,-787,0.24261745,0.042857143
,,,,,,-786,0.242225951,0.042857143
,,,,,,-785,0.241946309,0.042857143
,,,,,,-784,0.241722595,0.042857143
,,,,,,-783,0.24155481,0.042857143
,,,,,,-782,0.241387025,0.042857143
,,,,,,-781,0.241275168,0.042857143
,,,,,,-780,0.241163311,0.042857143
,,,,,,-779,0.24082774,0.042857143
,,,,,,-778,0.240324385,0.042857143
,,,,,,-777,0.240100671,0.042857143
,,,,,,-776,0.239821029,0.042857143
,,,,,,-775,0.239373602,0.042857143
,,,,,,-774,0.239149888,0.042857143
,,,,,,-773,0.239038031,0.042857143
,,,,,,-772,0.238646532,0.042857143
,,,,,,-771,0.238255034,0.042857143
,,,,,,-770,0.237975391,0.042857143
,,,,,,-769,0.237583893,0.042857143
,,,,,,-768,0.237360179,0.042857143
,,,,,,-767,0.237248322,0.042857143
,,,,,,-766,0.237080537,0.042857143
,,,,,,-765,0.236912752,0.042857143
,,,,,,-764,0.236744966,0.042857143
,,,,,,-763,0.236577181,0.042857143
,,,,,,-762,0.236297539,0.042857143
,,,,,,-761,0.235850112,0.042857143
,,,,,,-760,0.235626398,0.042857143
,,,,,,-759,0.235346756,0.042857143
,,,,,,-758,0.235011186,0.042857143
,,,,,,-757,0.234619687,0.042857143
,,,,,,-756,0.23417226,0.042857143
,,,,,,-755,0.233612975,0.042857143
,,,,,,-754,0.233221477,0.042857143
,,,,,,-753,0.232997763,0.042857143
,,,,,,-752,0.232606264,0.042857143
,,,,,,-751,0.232270694,0.042857143
,,,,,,-750,0.231823266,0.042857143
,,,,,,-749,0.231431767,0.042857143
,,,,,,-748,0.23098434,0.042857143
,,,,,,-747,0.230760626,0.042857143
,,,,,,-746,0.230480984,0.042857143
,,,,,,-745,0.229865772,0.042857143
,,,,,,-744,0.229697987,0.042857143
,,,,,,-743,0.229418345,0.042857143
,,,,,,-742,0.228914989,0.042857143
,,,,,,-741,0.228411633,0.042857143
,,,,,,-740,0.228131991,0.042857143
,,,,,,-739,0.227796421,0.042857143
,,,,,,-738,0.227740492,0.042857143
,,,,,,-737,0.22746085,0.042857143
,,,,,,-736,0.226901566,0.042857143
,,,,,,-735,0.226733781,0.042857143
,,,,,,-734,0.226510067,0.042857143
,,,,,,-733,0.226230425,0.042857143
,,,,,,-732,0.225838926,0.042857143
,,,,,,-731,0.225559284,0.042857143
,,,,,,-730,0.225111857,0.042857143
,,,,,,-729,0.224832215,0.042857143
,,,,,,-728,0.224608501,0.042857143
,,,,,,-727,0.224328859,0.042857143
,,,,,,-726,0.224049217,0.042857143
,,,,,,-725,0.223825503,0.042857143
,,,,,,-724,0.223769575,0.042857143
,,,,,,-723,0.22360179,0.042857143
,,,,,,-722,0.223322148,0.042857143
,,,,,,-721,0.223210291,0.042857143
,,,,,,-720,0.223042506,0.042857143
,,,,,,-719,0.22253915,0.042857143
,,,,,,-718,0.222203579,0.042857143
,,,,,,-717,0.221812081,0.042857143
,,,,,,-716,0.221644295,0.042857143
,,,,,,-715,0.221532438,0.042857143
,,,,,,-714,0.221252796,0.042857143
,,,,,,-713,0.221085011,0.042857143
,,,,,,-712,0.220917226,0.042857143
,,,,,,-711,0.220693512,0.042857143
,,,,,,-710,0.220525727,0.042857143
,,,,,,-709,0.220246085,0.042857143
,,,,,,-708,0.2200783,0.042857143
,,,,,,-707,0.219574944,0.042857143
,,,,,,-706,0.219463087,0.042857143
,,,,,,-705,0.218959732,0.042857143
,,,,,,-704,0.218512304,0.042857143
,,,,,,-703,0.218176734,0.042857143
,,,,,,-702,0.217673378,0.045238095
,,,,,,-701,0.217337808,0.045238095
,,,,,,-700,0.21689038,0.045238095
,,,,,,-699,0.216722595,0.045238095
,,,,,,-698,0.216275168,0.045238095
,,,,,,-697,0.216163311,0.045238095
,,,,,,-696,0.215659955,0.045238095
,,,,,,-695,0.214988814,0.045238095
,,,,,,-694,0.214709172,0.045238095
,,,,,,-693,0.214373602,0.045238095
,,,,,,-692,0.214149888,0.045238095
,,,,,,-691,0.213870246,0.045238095
,,,,,,-690,0.213478747,0.045238095
,,,,,,-689,0.213143177,0.045238095
,,,,,,-688,0.212695749,0.045238095
,,,,,,-687,0.212248322,0.045238095
,,,,,,-686,0.212024609,0.045238095
,,,,,,-685,0.211856823,0.047619048
,,,,,,-684,0.21163311,0.047619048
,,,,,,-683,0.211521253,0.047619048
,,,,,,-682,0.211353468,0.047619048
,,,,,,-681,0.211073826,0.047619048
,,,,,,-680,0.210850112,0.047619048
,,,,,,-679,0.210514541,0.047619048
,,,,,,-678,0.210234899,0.047619048
,,,,,,-677,0.210123043,0.047619048
,,,,,,-676,0.209731544,0.047619048
,,,,,,-675,0.209451902,0.047619048
,,,,,,-674,0.209116331,0.047619048
,,,,,,-673,0.208836689,0.047619048
,,,,,,-672,0.208724832,0.047619048
,,,,,,-671,0.20844519,0.047619048
,,,,,,-670,0.208165548,0.047619048
,,,,,,-669,0.20810962,0.047619048
,,,,,,-668,0.207885906,0.047619048
,,,,,,-667,0.207550336,0.047619048
,,,,,,-666,0.207158837,0.047619048
,,,,,,-665,0.206655481,0.047619048
,,,,,,-664,0.206431767,0.047619048
,,,,,,-663,0.206263982,0.047619048
,,,,,,-662,0.206152125,0.047619048
,,,,,,-661,0.20598434,0.047619048
,,,,,,-660,0.205704698,0.05
,,,,,,-659,0.205592841,0.05
,,,,,,-658,0.205145414,0.052380952
,,,,,,-657,0.204809843,0.052380952
,,,,,,-656,0.20458613,0.052380952
,,,,,,-655,0.204362416,0.052380952
,,,,,,-654,0.204082774,0.052380952
,,,,,,-653,0.203970917,0.052380952
,,,,,,-652,0.203579418,0.052380952
,,,,,,-651,0.203467562,0.052380952
,,,,,,-650,0.203243848,0.052380952
,,,,,,-649,0.202852349,0.052380952
,,,,,,-648,0.202572707,0.052380952
,,,,,,-647,0.202013423,0.052380952
,,,,,,-646,0.201789709,0.052380952
,,,,,,-645,0.201565996,0.052380952
,,,,,,-644,0.201230425,0.052380952
,,,,,,-643,0.20106264,0.052380952
,,,,,,-642,0.20106264,0.052380952
,,,,,,-641,0.200615213,0.052380952
,,,,,,-640,0.200167785,0.052380952
,,,,,,-639,0.199832215,0.052380952
,,,,,,-638,0.199608501,0.052380952
,,,,,,-637,0.199272931,0.052380952
,,,,,,-636,0.199049217,0.052380952
,,,,,,-635,0.198657718,0.052380952
,,,,,,-634,0.198378076,0.052380952
,,,,,,-633,0.198154362,0.052380952
,,,,,,-632,0.19787472,0.052380952
,,,,,,-631,0.197706935,0.052380952
,,,,,,-630,0.197595078,0.052380952
,,,,,,-629,0.197371365,0.052380952
,,,,,,-628,0.196979866,0.052380952
,,,,,,-627,0.196868009,0.052380952
,,,,,,-626,0.196588367,0.052380952
,,,,,,-625,0.196364653,0.052380952
,,,,,,-624,0.195693512,0.052380952
,,,,,,-623,0.195357942,0.052380952
,,,,,,-622,0.194910515,0.052380952
,,,,,,-621,0.194742729,0.052380952
,,,,,,-620,0.194519016,0.052380952
,,,,,,-619,0.194239374,0.052380952
,,,,,,-618,0.193680089,0.052380952
,,,,,,-617,0.193344519,0.052380952
,,,,,,-616,0.19295302,0.052380952
,,,,,,-615,0.19261745,0.052380952
,,,,,,-614,0.192170022,0.052380952
,,,,,,-613,0.191834452,0.052380952
,,,,,,-612,0.191387025,0.052380952
,,,,,,-611,0.190939597,0.052380952
,,,,,,-610,0.190715884,0.052380952
,,,,,,-609,0.19049217,0.052380952
,,,,,,-608,0.189932886,0.052380952
,,,,,,-607,0.189876957,0.052380952
,,,,,,-606,0.189597315,0.052380952
,,,,,,-605,0.18909396,0.052380952
,,,,,,-604,0.188590604,0.052380952
,,,,,,-603,0.188310962,0.052380952
,,,,,,-602,0.188087248,0.052380952
,,,,,,-601,0.187639821,0.052380952
,,,,,,-600,0.187472036,0.052380952
,,,,,,-599,0.187136465,0.052380952
,,,,,,-598,0.186744966,0.052380952
,,,,,,-597,0.186577181,0.052380952
,,,,,,-596,0.186409396,0.052380952
,,,,,,-595,0.186185682,0.052380952
,,,,,,-594,0.185626398,0.052380952
,,,,,,-593,0.185178971,0.052380952
,,,,,,-592,0.184787472,0.052380952
,,,,,,-591,0.184563758,0.052380952
,,,,,,-590,0.184395973,0.052380952
,,,,,,-589,0.184060403,0.052380952
,,,,,,-588,0.183836689,0.052380952
,,,,,,-587,0.183557047,0.052380952
,,,,,,-586,0.183053691,0.052380952
,,,,,,-585,0.182438479,0.052380952
,,,,,,-584,0.182158837,0.052380952
,,,,,,-583,0.181823266,0.052380952
,,,,,,-582,0.181543624,0.052380952
,,,,,,-581,0.18098434,0.052380952
,,,,,,-580,0.180760626,0.052380952
,,,,,,-579,0.180425056,0.052380952
,,,,,,-578,0.180201342,0.052380952
,,,,,,-577,0.1799217,0.052380952
,,,,,,-576,0.179474273,0.052380952
,,,,,,-575,0.179306488,0.052380952
,,,,,,-574,0.178803132,0.052380952
,,,,,,-573,0.178299776,0.052380952
,,,,,,-572,0.177684564,0.052380952
,,,,,,-571,0.177572707,0.052380952
,,,,,,-570,0.177348993,0.052380952
,,,,,,-569,0.177181208,0.052380952
,,,,,,-568,0.176901566,0.052380952
,,,,,,-567,0.176510067,0.052380952
,,,,,,-566,0.176342282,0.052380952
,,,,,,-565,0.17606264,0.052380952
,,,,,,-564,0.175782998,0.052380952
,,,,,,-563,0.17533557,0.052380952
,,,,,,-562,0.174888143,0.052380952
,,,,,,-561,0.174440716,0.052380952
,,,,,,-560,0.174049217,0.052380952
,,,,,,-559,0.173825503,0.052380952
,,,,,,-558,0.173489933,0.052380952
,,,,,,-557,0.173266219,0.054761905
,,,,,,-556,0.17287472,0.054761905
,,,,,,-555,0.172595078,0.054761905
,,,,,,-554,0.172371365,0.054761905
,,,,,,-553,0.172035794,0.054761905
,,,,,,-552,0.171756152,0.057142857
,,,,,,-551,0.171588367,0.057142857
,,,,,,-550,0.171252796,0.057142857
,,,,,,-549,0.170805369,0.057142857
,,,,,,-548,0.17041387,0.057142857
,,,,,,-547,0.1700783,0.057142857
,,,,,,-546,0.169798658,0.05952381
,,,,,,-545,0.169630872,0.05952381
,,,,,,-544,0.16935123,0.05952381
,,,,,,-543,0.168903803,0.05952381
,,,,,,-542,0.168568233,0.061904762
,,,,,,-541,0.168232662,0.061904762
,,,,,,-540,0.16761745,0.061904762
,,,,,,-539,0.167449664,0.061904762
,,,,,,-538,0.167337808,0.061904762
,,,,,,-537,0.166722595,0.061904762
,,,,,,-536,0.166331096,0.061904762
,,,,,,-535,0.16582774,0.064285714
,,,,,,-534,0.16549217,0.064285714
,,,,,,-533,0.165268456,0.064285714
,,,,,,-532,0.1651566,0.064285714
,,,,,,-531,0.164876957,0.064285714
,,,,,,-530,0.164317673,0.064285714
,,,,,,-529,0.164261745,0.064285714
,,,,,,-528,0.16409396,0.064285714
,,,,,,-527,0.163590604,0.064285714
,,,,,,-526,0.163143177,0.064285714
,,,,,,-525,0.162639821,0.064285714
,,,,,,-524,0.162024609,0.064285714
,,,,,,-523,0.161689038,0.064285714
,,,,,,-522,0.161185682,0.064285714
,,,,,,-521,0.160682327,0.064285714
,,,,,,-520,0.160178971,0.064285714
,,,,,,-519,0.159787472,0.064285714
,,,,,,-518,0.159563758,0.064285714
,,,,,,-517,0.159116331,0.064285714
,,,,,,-516,0.158668904,0.064285714
,,,,,,-515,0.158221477,0.064285714
,,,,,,-514,0.157941834,0.064285714
,,,,,,-513,0.157774049,0.064285714
,,,,,,-512,0.157326622,0.064285714
,,,,,,-511,0.156991051,0.064285714
,,,,,,-510,0.156655481,0.064285714
,,,,,,-509,0.156487696,0.064285714
,,,,,,-508,0.156263982,0.064285714
,,,,,,-507,0.155760626,0.064285714
,,,,,,-506,0.155257271,0.064285714
,,,,,,-505,0.154865772,0.064285714
,,,,,,-504,0.154250559,0.066666667
,,,,,,-503,0.153970917,0.066666667
,,,,,,-502,0.153355705,0.066666667
,,,,,,-501,0.152964206,0.066666667
,,,,,,-500,0.152740492,0.066666667
,,,,,,-499,0.152572707,0.066666667
,,,,,,-498,0.151845638,0.066666667
,,,,,,-497,0.151510067,0.066666667
,,,,,,-496,0.151286353,0.066666667
,,,,,,-495,0.150838926,0.066666667
,,,,,,-494,0.150782998,0.066666667
,,,,,,-493,0.150223714,0.069047619
,,,,,,-492,0.149888143,0.069047619
,,,,,,-491,0.149608501,0.069047619
,,,,,,-490,0.149272931,0.069047619
,,,,,,-489,0.149161074,0.069047619
,,,,,,-488,0.148881432,0.069047619
,,,,,,-487,0.148322148,0.069047619
,,,,,,-486,0.148210291,0.069047619
,,,,,,-485,0.148098434,0.069047619
,,,,,,-484,0.14787472,0.071428571
,,,,,,-483,0.147651007,0.071428571
,,,,,,-482,0.147483221,0.071428571
,,,,,,-481,0.147147651,0.071428571
,,,,,,-480,0.146756152,0.071428571
,,,,,,-479,0.146308725,0.071428571
,,,,,,-478,0.146029083,0.071428571
,,,,,,-477,0.145749441,0.071428571
,,,,,,-476,0.145581655,0.071428571
,,,,,,-475,0.145246085,0.071428571
,,,,,,-474,0.145022371,0.071428571
,,,,,,-473,0.144574944,0.071428571
,,,,,,-472,0.144295302,0.071428571
,,,,,,-471,0.144071588,0.071428571
,,,,,,-470,0.143847875,0.071428571
,,,,,,-469,0.143456376,0.071428571
,,,,,,-468,0.143176734,0.071428571
,,,,,,-467,0.142897092,0.071428571
,,,,,,-466,0.142281879,0.073809524
,,,,,,-465,0.141834452,0.076190476
,,,,,,-464,0.141666667,0.076190476
,,,,,,-463,0.141331096,0.076190476
,,,,,,-462,0.140939597,0.076190476
,,,,,,-461,0.140604027,0.076190476
,,,,,,-460,0.140212528,0.076190476
,,,,,,-459,0.139765101,0.076190476
,,,,,,-458,0.139485459,0.076190476
,,,,,,-457,0.138982103,0.076190476
,,,,,,-456,0.138310962,0.076190476
,,,,,,-455,0.138143177,0.076190476
,,,,,,-454,0.137583893,0.076190476
,,,,,,-453,0.137136465,0.076190476
,,,,,,-452,0.136800895,0.076190476
,,,,,,-451,0.136409396,0.076190476
,,,,,,-450,0.136073826,0.076190476
,,,,,,-449,0.13590604,0.078571429
,,,,,,-448,0.13557047,0.078571429
,,,,,,-447,0.135290828,0.078571429
,,,,,,-446,0.134899329,0.080952381
,,,,,,-445,0.134675615,0.080952381
,,,,,,-444,0.13450783,0.085714286
,,,,,,-443,0.134116331,0.085714286
,,,,,,-442,0.133948546,0.085714286
,,,,,,-441,0.133668904,0.085714286
,,,,,,-440,0.133501119,0.085714286
,,,,,,-439,0.133165548,0.085714286
,,,,,,-438,0.132829978,0.085714286
,,,,,,-437,0.132494407,0.085714286
,,,,,,-436,0.132158837,0.085714286
,,,,,,-435,0.131879195,0.085714286
,,,,,,-434,0.131543624,0.085714286
,,,,,,-433,0.131096197,0.085714286
,,,,,,-432,0.13064877,0.085714286
,,,,,,-431,0.130201342,0.085714286
,,,,,,-430,0.1299217,0.088095238
,,,,,,-429,0.129697987,0.088095238
,,,,,,-428,0.129362416,0.088095238
,,,,,,-427,0.12885906,0.088095238
,,,,,,-426,0.128747204,0.088095238
,,,,,,-425,0.128355705,0.088095238
,,,,,,-424,0.128020134,0.088095238
,,,,,,-423,0.127740492,0.088095238
,,,,,,-422,0.127293065,0.088095238
,,,,,,-421,0.126845638,0.088095238
,,,,,,-420,0.12639821,0.088095238
,,,,,,-419,0.126118568,0.088095238
,,,,,,-418,0.125950783,0.088095238
,,,,,,-417,0.125782998,0.088095238
,,,,,,-416,0.125223714,0.088095238
,,,,,,-415,0.125055928,0.088095238
,,,,,,-414,0.12466443,0.088095238
,,,,,,-413,0.124384787,0.088095238
,,,,,,-412,0.124217002,0.088095238
,,,,,,-411,0.123993289,0.088095238
,,,,,,-410,0.123545861,0.088095238
,,,,,,-409,0.123154362,0.088095238
,,,,,,-408,0.122762864,0.088095238
,,,,,,-407,0.122651007,0.088095238
,,,,,,-406,0.12253915,0.088095238
,,,,,,-405,0.122371365,0.088095238
,,,,,,-404,0.122091723,0.088095238
,,,,,,-403,0.121923937,0.088095238
,,,,,,-402,0.121756152,0.088095238
,,,,,,-401,0.121420582,0.088095238
,,,,,,-400,0.121029083,0.088095238
,,,,,,-399,0.120805369,0.088095238
,,,,,,-398,0.120581655,0.088095238
,,,,,,-397,0.12041387,0.088095238
,,,,,,-396,0.120246085,0.088095238
,,,,,,-395,0.119798658,0.088095238
,,,,,,-394,0.119630872,0.088095238
,,,,,,-393,0.119295302,0.088095238
,,,,,,-392,0.119183445,0.088095238
,,,,,,-391,0.118959732,0.088095238
,,,,,,-390,0.118512304,0.088095238
,,,,,,-389,0.118064877,0.088095238
,,,,,,-388,0.117785235,0.088095238
,,,,,,-387,0.117561521,0.088095238
,,,,,,-386,0.117281879,0.088095238
,,,,,,-385,0.117058166,0.088095238
,,,,,,-384,0.11655481,0.088095238
,,,,,,-383,0.115939597,0.088095238
,,,,,,-382,0.11582774,0.088095238
,,,,,,-381,0.115604027,0.088095238
,,,,,,-380,0.115380313,0.088095238
,,,,,,-379,0.115212528,0.088095238
,,,,,,-378,0.114988814,0.088095238
,,,,,,-377,0.114765101,0.088095238
,,,,,,-376,0.11442953,0.088095238
,,,,,,-375,0.114038031,0.088095238
,,,,,,-374,0.113702461,0.088095238
,,,,,,-373,0.113422819,0.088095238
,,,,,,-372,0.112863535,0.088095238
,,,,,,-371,0.112695749,0.088095238
,,,,,,-370,0.112304251,0.088095238
,,,,,,-369,0.111800895,0.088095238
,,,,,,-368,0.111409396,0.088095238
,,,,,,-367,0.111241611,0.088095238
,,,,,,-366,0.111017897,0.088095238
,,,,,,-365,0.110738255,0.088095238
,,,,,,-364,0.110402685,0.088095238
,,,,,,-363,0.110123043,0.088095238
,,,,,,-362,0.1098434,0.088095238
,,,,,,-361,0.109563758,0.088095238
,,,,,,-360,0.109284116,0.088095238
,,,,,,-359,0.108836689,0.088095238
,,,,,,-358,0.108612975,0.088095238
,,,,,,-357,0.10844519,0.088095238
,,,,,,-356,0.108165548,0.088095238
,,,,,,-355,0.107718121,0.088095238
,,,,,,-354,0.107494407,0.088095238
,,,,,,-353,0.107158837,0.088095238
,,,,,,-352,0.106879195,0.088095238
,,,,,,-351,0.106375839,0.088095238
,,,,,,-350,0.106319911,0.088095238
,,,,,,-349,0.106096197,0.088095238
,,,,,,-348,0.106040268,0.088095238
,,,,,,-347,0.10564877,0.088095238
,,,,,,-346,0.105369128,0.088095238
,,,,,,-345,0.105033557,0.088095238
,,,,,,-344,0.104809843,0.088095238
,,,,,,-343,0.104474273,0.088095238
,,,,,,-342,0.104306488,0.088095238
,,,,,,-341,0.10385906,0.088095238
,,,,,,-340,0.103467562,0.088095238
,,,,,,-339,0.103243848,0.088095238
,,,,,,-338,0.102908277,0.088095238
,,,,,,-337,0.102572707,0.088095238
,,,,,,-336,0.102348993,0.088095238
,,,,,,-335,0.102069351,0.088095238
,,,,,,-334,0.101845638,0.09047619
,,,,,,-333,0.101510067,0.09047619
,,,,,,-332,0.101118568,0.09047619
,,,,,,-331,0.100671141,0.09047619
,,,,,,-330,0.100279642,0.09047619
,,,,,,-329,0.100055928,0.09047619
,,,,,,-328,0.099776286,0.09047619
,,,,,,-327,0.099496644,0.09047619
,,,,,,-326,0.099105145,0.09047619
,,,,,,-325,0.098881432,0.09047619
,,,,,,-324,0.09860179,0.09047619
,,,,,,-323,0.097986577,0.09047619
,,,,,,-322,0.097762864,0.09047619
,,,,,,-321,0.097427293,0.09047619
,,,,,,-320,0.097147651,0.09047619
,,,,,,-319,0.096812081,0.09047619
,,,,,,-318,0.096588367,0.09047619
,,,,,,-317,0.096196868,0.09047619
,,,,,,-316,0.095861298,0.09047619
,,,,,,-315,0.095581655,0.09047619
,,,,,,-314,0.095134228,0.09047619
,,,,,,-313,0.094742729,0.092857143
,,,,,,-312,0.094574944,0.095238095
,,,,,,-311,0.094295302,0.097619048
,,,,,,-310,0.093959732,0.097619048
,,,,,,-309,0.093680089,0.097619048
,,,,,,-308,0.093456376,0.097619048
,,,,,,-307,0.093064877,0.097619048
,,,,,,-306,0.092841163,0.097619048
,,,,,,-305,0.092673378,0.097619048
,,,,,,-304,0.092393736,0.097619048
,,,,,,-303,0.092002237,0.097619048
,,,,,,-302,0.091722595,0.097619048
,,,,,,-301,0.091387025,0.097619048
,,,,,,-300,0.091163311,0.097619048
,,,,,,-299,0.090939597,0.097619048
,,,,,,-298,0.090659955,0.097619048
,,,,,,-297,0.090380313,0.097619048
,,,,,,-296,0.090212528,0.097619048
,,,,,,-295,0.089821029,0.097619048
,,,,,,-294,0.089485459,0.097619048
,,,,,,-293,0.089317673,0.097619048
,,,,,,-292,0.089038031,0.097619048
,,,,,,-291,0.088590604,0.097619048
,,,,,,-290,0.088143177,0.097619048
,,,,,,-289,0.087751678,0.097619048
,,,,,,-288,0.087583893,0.097619048
,,,,,,-287,0.087248322,0.097619048
,,,,,,-286,0.086856823,0.097619048
,,,,,,-285,0.086577181,0.097619048
,,,,,,-284,0.086353468,0.097619048
,,,,,,-283,0.086017897,0.097619048
,,,,,,-282,0.08557047,0.097619048
,,,,,,-281,0.085290828,0.097619048
,,,,,,-280,0.085067114,0.097619048
,,,,,,-279,0.084563758,0.097619048
,,,,,,-278,0.084228188,0.097619048
,,,,,,-277,0.083948546,0.1
,,,,,,-276,0.083836689,0.1
,,,,,,-275,0.08344519,0.1
,,,,,,-274,0.083165548,0.1
,,,,,,-273,0.083053691,0.1
,,,,,,-272,0.082774049,0.1
,,,,,,-271,0.082438479,0.1
,,,,,,-270,0.082214765,0.1
,,,,,,-269,0.08204698,0.1
,,,,,,-268,0.081543624,0.1
,,,,,,-267,0.081208054,0.1
,,,,,,-266,0.080872483,0.1
,,,,,,-265,0.080536913,0.1
,,,,,,-264,0.080425056,0.1
,,,,,,-263,0.080033557,0.1
,,,,,,-262,0.079697987,0.1
,,,,,,-261,0.079306488,0.1
,,,,,,-260,0.079138702,0.1
,,,,,,-259,0.07885906,0.102380952
,,,,,,-258,0.078691275,0.102380952
,,,,,,-257,0.078355705,0.102380952
,,,,,,-256,0.078020134,0.102380952
,,,,,,-255,0.077852349,0.102380952
,,,,,,-254,0.077516779,0.102380952
,,,,,,-253,0.077348993,0.102380952
,,,,,,-252,0.077069351,0.102380952
,,,,,,-251,0.076901566,0.104761905
,,,,,,-250,0.076454139,0.104761905
,,,,,,-249,0.076174497,0.104761905
,,,,,,-248,0.075894855,0.104761905
,,,,,,-247,0.075559284,0.104761905
,,,,,,-246,0.075111857,0.104761905
,,,,,,-245,0.074888143,0.104761905
,,,,,,-244,0.074552573,0.104761905
,,,,,,-243,0.074217002,0.104761905
,,,,,,-242,0.074161074,0.104761905
,,,,,,-241,0.073825503,0.104761905
,,,,,,-240,0.073434004,0.104761905
,,,,,,-239,0.073322148,0.104761905
,,,,,,-238,0.073154362,0.104761905
,,,,,,-237,0.073098434,0.107142857
,,,,,,-236,0.072818792,0.10952381
,,,,,,-235,0.072595078,0.10952381
,,,,,,-234,0.072259508,0.111904762
,,,,,,-233,0.071923937,0.111904762
,,,,,,-232,0.071756152,0.111904762
,,,,,,-231,0.071532438,0.114285714
,,,,,,-230,0.071252796,0.114285714
,,,,,,-229,0.070917226,0.114285714
,,,,,,-228,0.070749441,0.114285714
,,,,,,-227,0.070693512,0.114285714
,,,,,,-226,0.070190157,0.114285714
,,,,,,-225,0.069742729,0.114285714
,,,,,,-224,0.069071588,0.114285714
,,,,,,-223,0.068903803,0.114285714
,,,,,,-222,0.068791946,0.114285714
,,,,,,-221,0.068512304,0.114285714
,,,,,,-220,0.068176734,0.116666667
,,,,,,-219,0.068008949,0.116666667
,,,,,,-218,0.067561521,0.116666667
,,,,,,-217,0.067225951,0.116666667
,,,,,,-216,0.067058166,0.116666667
,,,,,,-215,0.06689038,0.116666667
,,,,,,-214,0.066498881,0.116666667
,,,,,,-213,0.066219239,0.116666667
,,,,,,-212,0.065883669,0.116666667
,,,,,,-211,0.065324385,0.116666667
,,,,,,-210,0.065100671,0.116666667
,,,,,,-209,0.064876957,0.116666667
,,,,,,-208,0.064541387,0.116666667
,,,,,,-207,0.064373602,0.119047619
,,,,,,-206,0.063926174,0.119047619
,,,,,,-205,0.063758389,0.119047619
,,,,,,-204,0.063422819,0.121428571
,,,,,,-203,0.063310962,0.121428571
,,,,,,-202,0.063255034,0.121428571
,,,,,,-201,0.06303132,0.121428571
,,,,,,-200,0.062695749,0.121428571
,,,,,,-199,0.062248322,0.121428571
,,,,,,-198,0.061856823,0.121428571
,,,,,,-197,0.061577181,0.121428571
,,,,,,-196,0.061297539,0.121428571
,,,,,,-195,0.061017897,0.123809524
,,,,,,-194,0.060794183,0.123809524
,,,,,,-193,0.06057047,0.123809524
,,,,,,-192,0.060234899,0.123809524
,,,,,,-191,0.0598434,0.123809524
,,,,,,-190,0.059619687,0.123809524
,,,,,,-189,0.059116331,0.123809524
,,,,,,-188,0.058892617,0.126190476
,,,,,,-187,0.058557047,0.126190476
,,,,,,-186,0.058277405,0.126190476
,,,,,,-185,0.057885906,0.126190476
,,,,,,-184,0.057774049,0.126190476
,,,,,,-183,0.057550336,0.128571429
,,,,,,-182,0.057270694,0.128571429
,,,,,,-181,0.057158837,0.128571429
,,,,,,-180,0.056823266,0.128571429
,,,,,,-179,0.056375839,0.128571429
,,,,,,-178,0.05598434,0.128571429
,,,,,,-177,0.055480984,0.128571429
,,,,,,-176,0.055201342,0.128571429
,,,,,,-175,0.055033557,0.128571429
,,,,,,-174,0.054865772,0.128571429
,,,,,,-173,0.054697987,0.128571429
,,,,,,-172,0.054362416,0.128571429
,,,,,,-171,0.054138702,0.128571429
,,,,,,-170,0.053747204,0.128571429
,,,,,,-169,0.053579418,0.128571429
,,,,,,-168,0.053020134,0.128571429
,,,,,,-167,0.052572707,0.128571429
,,,,,,-166,0.052293065,0.128571429
,,,,,,-165,0.052069351,0.128571429
,,,,,,-164,0.051901566,0.128571429
,,,,,,-163,0.051733781,0.128571429
,,,,,,-162,0.051565996,0.128571429
,,,,,,-161,0.051286353,0.128571429
,,,,,,-160,0.05106264,0.128571429
,,,,,,-159,0.051006711,0.128571429
,,,,,,-158,0.050894855,0.128571429
,,,,,,-157,0.050838926,0.128571429
,,,,,,-156,0.050727069,0.130952381
,,,,,,-155,0.05033557,0.130952381
,,,,,,-154,0.050167785,0.130952381
,,,,,,-153,0.049832215,0.130952381
,,,,,,-152,0.049496644,0.130952381
,,,,,,-151,0.049049217,0.130952381
,,,,,,-150,0.048657718,0.133333333
,,,,,,-149,0.048489933,0.138095238
,,,,,,-148,0.048266219,0.138095238
,,,,,,-147,0.047930649,0.138095238
,,,,,,-146,0.047706935,0.138095238
,,,,,,-145,0.047595078,0.14047619
,,,,,,-144,0.047483221,0.14047619
,,,,,,-143,0.047203579,0.14047619
,,,,,,-142,0.047035794,0.14047619
,,,,,,-141,0.046700224,0.14047619
,,,,,,-140,0.04647651,0.14047619
,,,,,,-139,0.046196868,0.14047619
,,,,,,-138,0.046029083,0.14047619
,,,,,,-137,0.045749441,0.14047619
,,,,,,-136,0.045525727,0.14047619
,,,,,,-135,0.045246085,0.14047619
,,,,,,-134,0.044966443,0.14047619
,,,,,,-133,0.044686801,0.14047619
,,,,,,-132,0.04435123,0.14047619
,,,,,,-131,0.044239374,0.14047619
,,,,,,-130,0.04401566,0.14047619
,,,,,,-129,0.043791946,0.14047619
,,,,,,-128,0.043568233,0.14047619
,,,,,,-127,0.043232662,0.14047619
,,,,,,-126,0.043120805,0.14047619
,,,,,,-125,0.042841163,0.14047619
,,,,,,-124,0.04261745,0.14047619
,,,,,,-123,0.042449664,0.14047619
,,,,,,-122,0.042337808,0.14047619
,,,,,,-121,0.042058166,0.14047619
,,,,,,-120,0.041778523,0.142857143
,,,,,,-119,0.04155481,0.145238095
,,,,,,-118,0.041275168,0.145238095
,,,,,,-117,0.041163311,0.145238095
,,,,,,-116,0.040939597,0.145238095
,,,,,,-115,0.040715884,0.145238095
,,,,,,-114,0.040548098,0.145238095
,,,,,,-113,0.040548098,0.145238095
,,,,,,-112,0.0401566,0.145238095
,,,,,,-111,0.039876957,0.145238095
,,,,,,-110,0.039485459,0.145238095
,,,,,,-109,0.039373602,0.145238095
,,,,,,-108,0.039038031,0.145238095
,,,,,,-107,0.038702461,0.145238095
,,,,,,-106,0.038534676,0.145238095
,,,,,,-105,0.038478747,0.145238095
,,,,,,-104,0.038255034,0.145238095
,,,,,,-103,0.037863535,0.145238095
,,,,,,-102,0.037807606,0.145238095
,,,,,,-101,0.037639821,0.145238095
,,,,,,-100,0.037583893,0.145238095
,,,,,,-99,0.037416107,0.145238095
,,,,,,-98,0.037304251,0.145238095
,,,,,,-97,0.037136465,0.145238095
,,,,,,-96,0.037024609,0.147619048
,,,,,,-95,0.036800895,0.147619048
,,,,,,-94,0.036521253,0.147619048
,,,,,,-93,0.036297539,0.147619048
,,,,,,-92,0.03590604,0.147619048
,,,,,,-91,0.035682327,0.147619048
,,,,,,-90,0.035514541,0.154761905
,,,,,,-89,0.035234899,0.154761905
,,,,,,-88,0.035234899,0.157142857
,,,,,,-87,0.035011186,0.157142857
,,,,,,-86,0.034563758,0.157142857
,,,,,,-85,0.034395973,0.15952381
,,,,,,-84,0.034228188,0.15952381
,,,,,,-83,0.033780761,0.15952381
,,,,,,-82,0.033557047,0.15952381
,,,,,,-81,0.033165548,0.15952381
,,,,,,-80,0.032941834,0.15952381
,,,,,,-79,0.032494407,0.15952381
,,,,,,-78,0.03238255,0.15952381
,,,,,,-77,0.032326622,0.161904762
,,,,,,-76,0.032158837,0.161904762
,,,,,,-75,0.031879195,0.161904762
,,,,,,-74,0.031711409,0.161904762
,,,,,,-73,0.031543624,0.161904762
,,,,,,-72,0.031263982,0.161904762
,,,,,,-71,0.031208054,0.161904762
,,,,,,-70,0.03098434,0.164285714
,,,,,,-69,0.030872483,0.164285714
,,,,,,-68,0.030592841,0.164285714
,,,,,,-67,0.030480984,0.164285714
,,,,,,-66,0.029977629,0.164285714
,,,,,,-65,0.029642058,0.164285714
,,,,,,-64,0.029362416,0.164285714
,,,,,,-63,0.029082774,0.164285714
,,,,,,-62,0.028803132,0.164285714
,,,,,,-61,0.028635347,0.164285714
,,,,,,-60,0.028467562,0.164285714
,,,,,,-59,0.028131991,0.164285714
,,,,,,-58,0.027908277,0.164285714
,,,,,,-57,0.027628635,0.164285714
,,,,,,-56,0.027181208,0.164285714
,,,,,,-55,0.026957494,0.164285714
,,,,,,-54,0.026733781,0.164285714
,,,,,,-53,0.026621924,0.164285714
,,,,,,-52,0.026510067,0.164285714
,,,,,,-51,0.026286353,0.166666667
,,,,,,-50,0.026118568,0.166666667
,,,,,,-49,0.025950783,0.166666667
,,,,,,-48,0.025894855,0.166666667
,,,,,,-47,0.025615213,0.166666667
,,,,,,-46,0.025447427,0.166666667
,,,,,,-45,0.02533557,0.166666667
,,,,,,-44,0.025167785,0.166666667
,,,,,,-43,0.024888143,0.166666667
,,,,,,-42,0.024832215,0.171428571
,,,,,,-41,0.024720358,0.171428571
,,,,,,-40,0.024496644,0.171428571
,,,,,,-39,0.024384787,0.171428571
,,,,,,-38,0.024217002,0.171428571
,,,,,,-37,0.024105145,0.171428571
,,,,,,-36,0.02393736,0.171428571
,,,,,,-35,0.023825503,0.171428571
,,,,,,-34,0.023657718,0.171428571
,,,,,,-33,0.02360179,0.171428571
,,,,,,-32,0.023434004,0.173809524
,,,,,,-31,0.023154362,0.176190476
,,,,,,-30,0.022986577,0.176190476
,,,,,,-29,0.022762864,0.180952381
,,,,,,-28,0.022483221,0.180952381
,,,,,,-27,0.022315436,0.180952381
,,,,,,-26,0.022259508,0.180952381
,,,,,,-25,0.022147651,0.180952381
,,,,,,-24,0.022035794,0.180952381
,,,,,,-23,0.021700224,0.180952381
,,,,,,-22,0.021532438,0.183333333
,,,,,,-21,0.021252796,0.183333333
,,,,,,-20,0.020805369,0.183333333
,,,,,,-19,0.020693512,0.185714286
,,,,,,-18,0.020637584,0.188095238
,,,,,,-17,0.020581655,0.188095238
,,,,,,-16,0.020581655,0.188095238
,,,,,,-15,0.020469799,0.188095238
,,,,,,-14,0.0200783,0.188095238
,,,,,,-13,0.019910515,0.188095238
,,,,,,-12,0.019742729,0.188095238
,,,,,,-11,0.019630872,0.188095238
,,,,,,-10,0.019407159,0.188095238
,,,,,,-9,0.019183445,0.188095238
,,,,,,-8,0.018903803,0.188095238
,,,,,,-7,0.018736018,0.188095238
,,,,,,-6,0.018512304,0.188095238
,,,,,,-5,0.018456376,0.188095238
,,,,,,-4,0.018456376,0.19047619
,,,,,,-3,0.018344519,0.19047619
,,,,,,-2,0.01795302,0.19047619
,,,,,,-1,0.017729306,0.192857143
,,,,,,0,0.017449664,0.192857143
,,,,,,1,0.017281879,0.192857143
,,,,,,2,0.017002237,0.192857143
,,,,,,3,0.016946309,0.192857143
,,,,,,4,0.016778523,0.192857143
,,,,,,5,0.01655481,0.192857143
,,,,,,6,0.016275168,0.192857143
,,,,,,7,0.016163311,0.192857143
,,,,,,8,0.015995526,0.192857143
,,,,,,9,0.015883669,0.192857143
,,,,,,10,0.015771812,0.192857143
,,,,,,11,0.015604027,0.192857143
,,,,,,12,0.015604027,0.192857143
,,,,,,13,0.015604027,0.192857143
,,,,,,14,0.015548098,0.192857143
,,,,,,15,0.01549217,0.195238095
,,,,,,16,0.01549217,0.195238095
,,,,,,17,0.015380313,0.195238095
,,,,,,18,0.015268456,0.195238095
,,,,,,19,0.015044743,0.195238095
,,,,,,20,0.014932886,0.195238095
,,,,,,21,0.014653244,0.197619048
,,,,,,22,0.014597315,0.197619048
,,,,,,23,0.014373602,0.202380952
,,,,,,24,0.014373602,0.202380952
,,,,,,25,0.014317673,0.202380952
,,,,,,26,0.014149888,0.202380952
,,,,,,27,0.014038031,0.202380952
,,,,,,28,0.014038031,0.202380952
,,,,,,29,0.013758389,0.202380952
,,,,,,30,0.013590604,0.202380952
,,,,,,31,0.013478747,0.202380952
,,,,,,32,0.013255034,0.202380952
,,,,,,33,0.013199105,0.202380952
,,,,,,34,0.013143177,0.204761905
,,,,,,35,0.013087248,0.204761905
,,,,,,36,0.01303132,0.204761905
,,,,,,37,0.012807606,0.207142857
,,,,,,38,0.012751678,0.207142857
,,,,,,39,0.012527964,0.207142857
,,,,,,40,0.012416107,0.20952381
,,,,,,41,0.012304251,0.20952381
,,,,,,42,0.012248322,0.20952381
,,,,,,43,0.012248322,0.20952381
,,,,,,44,0.012080537,0.20952381
,,,,,,45,0.012080537,0.20952381
,,,,,,46,0.01196868,0.214285714
,,,,,,47,0.011800895,0.216666667
,,,,,,48,0.01163311,0.216666667
,,,,,,49,0.011521253,0.216666667
,,,,,,50,0.011521253,0.216666667
,,,,,,51,0.011353468,0.219047619
,,,,,,52,0.011129754,0.219047619
,,,,,,53,0.011129754,0.221428571
,,,,,,54,0.01090604,0.221428571
,,,,,,55,0.010738255,0.223809524
,,,,,,56,0.010738255,0.223809524
,,,,,,57,0.01057047,0.223809524
,,,,,,58,0.010402685,0.226190476
,,,,,,59,0.010346756,0.226190476
,,,,,,60,0.010123043,0.226190476
,,,,,,61,0.010011186,0.226190476
,,,,,,62,0.0098434,0.226190476
,,,,,,63,0.009787472,0.226190476
,,,,,,64,0.009731544,0.226190476
,,,,,,65,0.00950783,0.226190476
,,,,,,66,0.009395973,0.226190476
,,,,,,67,0.009284116,0.230952381
,,,,,,68,0.009004474,0.235714286
,,,,,,69,0.008836689,0.235714286
,,,,,,70,0.008836689,0.235714286
,,,,,,71,0.008612975,0.235714286
,,,,,,72,0.00844519,0.238095238
,,,,,,73,0.008389262,0.238095238
,,,,,,74,0.008333333,0.24047619
,,,,,,75,0.008165548,0.242857143
,,,,,,76,0.008053691,0.242857143
,,,,,,77,0.007997763,0.245238095
,,,,,,78,0.007885906,0.245238095
,,,,,,79,0.007829978,0.245238095
,,,,,,80,0.007550336,0.245238095
,,,,,,81,0.007550336,0.245238095
,,,,,,82,0.007494407,0.245238095
,,,,,,83,0.007438479,0.247619048
,,,,,,84,0.00738255,0.247619048
,,,,,,85,0.007214765,0.247619048
,,,,,,86,0.007214765,0.247619048
,,,,,,87,0.007158837,0.247619048
,,,,,,88,0.007102908,0.247619048
,,,,,,89,0.006991051,0.247619048
,,,,,,90,0.006879195,0.247619048
,,,,,,91,0.006767338,0.247619048
,,,,,,92,0.006543624,0.247619048
,,,,,,93,0.006431767,0.25
,,,,,,94,0.006263982,0.25
,,,,,,95,0.006208054,0.25
,,,,,,96,0.006152125,0.252380952
,,,,,,97,0.006096197,0.252380952
,,,,,,98,0.00598434,0.254761905
,,,,,,99,0.005928412,0.254761905
,,,,,,100,0.005872483,0.257142857
,,,,,,101,0.005816555,0.257142857
,,,,,,102,0.005760626,0.257142857
,,,,,,103,0.005760626,0.257142857
,,,,,,104,0.005704698,0.257142857
,,,,,,105,0.005592841,0.257142857
,,,,,,106,0.005592841,0.257142857
,,,,,,107,0.005592841,0.257142857
,,,,,,108,0.005592841,0.257142857
,,,,,,109,0.005480984,0.257142857
,,,,,,110,0.005425056,0.257142857
,,,,,,111,0.005369128,0.257142857
,,,,,,112,0.005369128,0.257142857
,,,,,,113,0.005313199,0.25952381
,,,,,,114,0.005257271,0.25952381
,,,,,,115,0.005257271,0.25952381
,,,,,,116,0.005201342,0.261904762
,,,,,,117,0.005201342,0.261904762
,,,,,,118,0.005145414,0.261904762
,,,,,,119,0.004977629,0.261904762
,,,,,,120,0.0049217,0.264285714
,,,,,,121,0.004753915,0.264285714
,,,,,,122,0.004697987,0.264285714
,,,,,,123,0.004697987,0.264285714
,,,,,,124,0.004642058,0.264285714
,,,,,,125,0.00458613,0.266666667
,,,,,,126,0.004474273,0.266666667
,,,,,,127,0.004362416,0.266666667
,,,,,,128,0.004250559,0.266666667
,,,,,,129,0.004082774,0.266666667
,,,,,,130,0.004026846,0.266666667
,,,,,,131,0.003914989,0.266666667
,,,,,,132,0.003803132,0.266666667
,,,,,,133,0.003747204,0.271428571
,,,,,,134,0.003691275,0.271428571
,,,,,,135,0.003635347,0.271428571
,,,,,,136,0.00352349,0.273809524
,,,,,,137,0.003411633,0.273809524
,,,,,,138,0.003355705,0.273809524
,,,,,,139,0.003299776,0.273809524
,,,,,,140,0.003243848,0.273809524
,,,,,,141,0.003187919,0.273809524
,,,,,,142,0.003076063,0.276190476
,,,,,,143,0.003076063,0.276190476
,,,,,,144,0.002964206,0.276190476
,,,,,,145,0.002964206,0.276190476
,,,,,,146,0.002964206,0.276190476
,,,,,,147,0.002852349,0.276190476
,,,,,,148,0.002852349,0.276190476
,,,,,,149,0.002796421,0.276190476
,,,,,,150,0.002740492,0.276190476
,,,,,,151,0.002740492,0.276190476
,,,,,,152,0.002684564,0.278571429
,,,,,,153,0.002572707,0.278571429
,,,,,,154,0.002572707,0.280952381
,,,,,,155,0.002516779,0.280952381
,,,,,,156,0.00246085,0.280952381
,,,,,,157,0.002404922,0.280952381
,,,,,,158,0.002348993,0.280952381
,,,,,,159,0.002293065,0.280952381
,,,,,,160,0.002293065,0.280952381
,,,,,,161,0.002293065,0.280952381
,,,,,,162,0.002181208,0.280952381
,,,,,,163,0.002181208,0.280952381
,,,,,,164,0.00212528,0.283333333
,,,,,,165,0.002069351,0.283333333
,,,,,,166,0.002069351,0.283333333
,,,,,,167,0.001957494,0.283333333
,,,,,,168,0.001957494,0.283333333
,,,,,,169,0.001901566,0.283333333
,,,,,,170,0.001901566,0.283333333
,,,,,,171,0.001901566,0.285714286
,,,,,,172,0.001901566,0.285714286
,,,,,,173,0.001901566,0.288095238
,,,,,,174,0.001901566,0.288095238
,,,,,,175,0.001845638,0.29047619
,,,,,,176,0.001845638,0.29047619
,,,,,,177,0.001733781,0.29047619
,,,,,,178,0.001677852,0.29047619
,,,,,,179,0.001621924,0.29047619
,,,,,,180,0.001565996,0.292857143
,,,,,,181,0.001565996,0.292857143
,,,,,,182,0.00139821,0.292857143
,,,,,,183,0.00139821,0.295238095
,,,,,,184,0.00139821,0.295238095
,,,,,,185,0.00139821,0.295238095
,,,,,,186,0.00139821,0.295238095
,,,,,,187,0.001342282,0.295238095
,,,,,,188,0.001342282,0.295238095
,,,,,,189,0.001286353,0.295238095
,,,,,,190,0.001230425,0.295238095
,,,,,,191,0.001174497,0.295238095
,,,,,,192,0.001174497,0.295238095
,,,,,,193,0.001174497,0.297619048
,,,,,,194,0.001118568,0.297619048
,,,,,,195,0.00106264,0.297619048
,,,,,,196,0.00106264,0.302380952
,,,,,,197,0.00106264,0.302380952
,,,,,,198,0.00106264,0.302380952
,,,,,,199,0.00106264,0.302380952
,,,,,,200,0.001006711,0.302380952
,,,,,,201,0.001006711,0.302380952
,,,,,,202,0.000950783,0.302380952
,,,,,,203,0.000894855,0.302380952
,,,,,,204,0.000727069,0.304761905
,,,,,,205,0.000671141,0.304761905
,,,,,,206,0.000671141,0.307142857
,,,,,,207,0.000615213,0.307142857
,,,,,,208,0.000615213,0.307142857
,,,,,,209,0.000615213,0.307142857
,,,,,,210,0.000615213,0.307142857
,,,,,,211,0.000615213,0.307142857
,,,,,,212,0.000615213,0.307142857
,,,,,,213,0.000503356,0.307142857
,,,,,,214,0.000503356,0.30952381
,,,,,,215,0.000503356,0.30952381
,,,,,,216,0.000503356,0.311904762
,,,,,,217,0.000447427,0.311904762
,,,,,,218,0.000447427,0.311904762
,,,,,,219,0.000447427,0.314285714
,,,,,,220,0.000447427,0.316666667
,,,,,,221,0.000391499,0.316666667
,,,,,,222,0.000391499,0.319047619
,,,,,,223,0.000391499,0.323809524
,,,,,,224,0.000391499,0.323809524
,,,,,,225,0.000391499,0.326190476
,,,,,,226,0.000391499,0.326190476
,,,,,,227,0.000391499,0.326190476
,,,,,,228,0.00033557,0.326190476
,,,,,,229,0.00033557,0.328571429
,,,,,,230,0.00033557,0.328571429
,,,,,,231,0.00033557,0.330952381
,,,,,,232,0.00033557,0.330952381
,,,,,,233,0.000279642,0.333333333
,,,,,,234,0.000279642,0.333333333
,,,,,,235,0.000279642,0.333333333
,,,,,,236,0.000279642,0.338095238
,,,,,,237,0.000223714,0.338095238
,,,,,,238,0.000223714,0.338095238
,,,,,,239,0.000223714,0.338095238
,,,,,,240,0.000223714,0.338095238
,,,,,,241,0.000223714,0.338095238
,,,,,,242,0.000223714,0.338095238
,,,,,,243,0.000223714,0.338095238
,,,,,,244,0.000223714,0.338095238
,,,,,,245,0.000223714,0.338095238
,,,,,,246,0.000223714,0.338095238
,,,,,,247,0.000223714,0.342857143
,,,,,,248,0.000223714,0.342857143
,,,,,,249,0.000223714,0.345238095
