197.5042211425604,127.45186024209737,122.53321585499242,171.38184588315167,176.21164663917685,202.34962792020954,182.29189986866086,175.64932506854305,143.75957300626376,204.14156334536793,185.9289367963328,204.41512762702737,199.6019923374361,196.35761970163915,130.35510522360516,185.37456363244226,158.66075445899583,165.87438503872286,210.31456669236414,112.04558410544871,187.55855454151006,185.32925754014346,149.73397655575167,62.500492164876064,128.61471578895697,127.53506017515724,179.44342634260434,174.56711423522043,129.89800228315383,154.8495205800416
138.01914283943998,139.98567244058782,195.48023491294572,165.0412782588841,162.0105175051013,196.3726308697789,148.7387686260919,113.1135844636665,193.103592067001,141.9037941614187,198.78536080789848,202.57372326359058,175.79258548253796,140.21404620504225,179.9236927686955,140.35882034031218,186.95490984198779,138.00293446777894,166.23194559530162,184.09849744371246,173.77904343025267,138.74477553258012,38.249048570902374,174.76129515938834,146.53679408307875
176.161996892773,189.12331698017636,188.07077325726175,189.01917185615628,159.18497308325766,139.62146781926765,168.9471482636875,185.2200694257249,146.48193714367926,129.313041079953,170.79150470430068,167.44512102986664,192.58044818216848,161.82563606432382,166.3250884606731,114.36026373047669,163.0529639642724,148.53358087834306,108.62770206113949,187.71150270608746,146.23250340185928,134.91130714757298,169.58695369577154,-99.36340979540647,163.625869933142,147.18837514610243,176.23007821570383,176.95375104647223,125.11206523082829,184.10533824215688,86.20020394270257,-296.64412548794235,133.6670936413655,107.38404201396263,103.88534397882694,139.2993022230968,156.46865452038986,143.39181737219974,166.80928822030262,147.89853939920147,174.0918856472142,131.71976428459965,-36.25867265692363,174.8542846756268,122.86842526281028,125.03634536124913,130.07935507650768,-76.3339987105675,178.52304520793996,165.6086793003219,96.96665103873873,-20.24025501815742,110.88116734919016,180.3863371222799,184.02532129042174,-130.81388554629953,179.94214162827953
197.82767437639762,192.4208055047219,199.65833810145716,181.3365212036644,173.5040043819532,193.2162326385616,189.77843862220732,161.420354261172,197.3523506098599,149.1789702687921,212.61439847329518,204.77551437557443,204.7755148524116,190.21160651390977,196.16739081078902,170.01566218271438,202.13631190792594,158.66589239990634,137.12693537258752,185.7176737223264,-244.94755476814385,183.479241907651,150.86444950493927,184.45597363456181,-164.73814850164234,120.93001935759416,187.17517079400898,185.94276439214852,193.86893558318053,30.295580308271425,21.484472440207398,164.1093405901579,148.6350942335261,75.68285414228562,180.34019626524042,196.54990663721986,158.56635602777038,148.5914947071746,-261.17105127010086,189.5554953400036,103.22563615256995,30.506613163720928,189.65910663551423,-117.59300794977294,119.90027091969314,149.3607193528535,181.89136021166684,186.5739060772106,184.18386878169284,191.43103088413142,201.129367210327,183.70978168199423,195.9085811311946,116.2077288741388,199.20447368197745,164.73752644692496,116.3829238779715
158.7958682096386,177.55987779031287,178.6293752548571,211.9265941750489,188.06395349549467,181.45228823481594,198.86983771774422,210.2016396806928,149.2409685836628,210.00210729162077,186.41516246801805,186.0356659352912,159.56263825395192,191.82633183227708,169.7171584334444,135.83243288353913,198.63983690157275,161.24192071436664,181.99978933044704,156.65584461546544,125.37841406579042,198.51897076323226,205.63297330587673,189.92485637200642,-136.93883791128792,166.29732545650313,145.00254670779964,30.955094213570305,16.460316538310288,-2.570875087349,156.35451080450366,-388.8955201647569,178.68738997261698,78.02625613556893,141.66481538483276,187.3581645281273,33.585705677267704,-139.32155895685287,200.78292171314368,-157.67698046151145,-157.32846617404502,-35.08841444343784,181.71195438586315,39.25550686496582,116.09141555850911,178.85812078222966,-1008.0604300491733,208.998354879569,36.25717417033955,185.22111921346405,84.08213625388332
185.4512938610749,131.78985740328145,162.47811287089996,177.313206077591,153.90792874203245,146.95459528650306,886.6382798357786,101.74022794747165,157.16920999907913,169.8181466865175,189.98510229714216,107.40064862160025,182.95529892782596,149.18503373613828,145.86257402766685,190.29457882949677,91.8305162588094,180.05955616645448,185.93614124416982,171.8293328400347,173.279301555685,-267.93373779126637,193.1899506023747,104.61748659776943,175.91680098286895,184.51253197657266,122.03840662590125,147.2030183256647,70.37801436937049,166.41674910580767,189.80288135881673,83.75661375678676
195.05665516342654,268.6459322677617,209.23993807828484,192.92919907301476,268.0254703141724,205.58559995267046,267.46580362567073,170.34524849098503,191.61623425544516,205.72047113635765,234.33929828401938,272.96771644537375,258.8718791146837,225.92678558896455,263.09241069030986,217.72105273441903,263.55850318638244,225.86989050589398,277.8044147925442,276.0580342240627,256.16470857139876,189.02832255409967,198.5184550654104,162.51331137497974,274.5620438594536,198.61631476778393,210.86610095224265,207.93496073446047,254.33409448269754,-109.72672050632657,260.51396821128594,279.07428280992247,283.6763499919574,214.4575773536479,-16135.276553768914,263.2008878758172,147.05292285437915,-423.78190049317027,-213.52949025400287,175.03000712531664,261.650944607286,162.00112420933434,-509.064952083613,261.0037604524234,232.74155491340665,234.7136732016006,89.23420077904863,185.0928736182462,232.4348467480566,276.61310475342515,216.6707631032136,191.87320946546927
216.6078814292184,233.37424095607503,249.03023445594374,241.32191957730424,235.0939623252492,242.4018514311232,283.1592810713209,176.19382375849074,205.88501874714166,238.35643159665108,242.9903643881447,204.97066313274553,230.89953284495903,167.13137332186068,225.67686422734937,203.36261342299144,206.55062853888307,234.13217272558177,283.15929633010995,200.8967642930623,231.25011841530534,182.35327658474552,248.27178051903718,186.74515440064164,177.75936146906562,145.81027556855287,224.91577433080033,-2543.3760372296483,105.65929528869783,196.2009664020345,214.3342528645311,-247.69678717253336,140.43823603642682,228.89967176364308,213.60573399316354,230.5951077166672,215.1836530110619,17.595313270302892,115.60162975127426,238.0394107634428,233.31319324268225,207.3761556256763,214.58685226454938,181.42647606234016,229.5714005237827,119.97720209139125,249.59241758403886,246.98445634169695,53.923318238712866,98.25058036910123,196.7042648462534,238.59255126285018,217.1849817758721,196.0515810839355,-210.9222972022091,218.74168954315257,218.13517997385463,145.23958328942456,206.4581405567459,226.4652747905169,186.09272163634733,231.2869141417998,218.77685105020066
174.36391286552146,165.14103925570157,168.28858408196513,166.84012796290472,172.6373648562549,167.56750524429617,169.0978660329917,164.15492259094012,161.79373240866363,155.33914345015828,170.3631602968383,118.73775870498913,886.6415576001017,161.42697874412048,172.39930248649685,127.38706770546766,130.86771102509303,100.06259868388783,153.87198608212307,107.52812921773996,161.52025699401648,90.89795701946795,46.3559262360537,144.09368378369618,110.1613167640564,6.0022272721102645,168.32396391512728,163.61477422771128,-16.185001391386027,140.12918127148174,7.491612605493817,152.37141000898174,164.27797045959292,174.7221451393674,22.667737559069412,112.22048716084335,155.4971705756031,108.57033508953808,-14.391811059628695,159.00547303435715,110.22776638920983,-272.5318033022836,168.1679334305707,156.0974815107272,99.37937657345817,105.50017718153137,155.0411609965421,6.924524733064927
180.89105331780064,180.11597237328255,242.14603820114328,173.20473073426746,175.67563125432588,172.16193573013237,178.87284280815737,144.41018835769293,167.68045513221585,184.02459360456868,181.68471335453086,177.62092108213977,124.51077807995892,136.41167767814858,159.28850722621945,178.79926918529856,187.04303477471598,183.42576375270409,174.28889473308237,182.29238072765514,117.38556370447549,121.9139679027441,170.4498995201838,169.4175802368615,175.73916547208017,68.42896784700378,156.25495575145936,42.357811502242555,178.49537679491112,174.88544790469172,158.38721792710402,190.27107951063175,151.37289686621529,163.17832400249193,181.10896389153316,-4327.213830679736,188.22321896753687,101.0534511539758,183.77022470056903,175.4603904330217,88.04487037982102,173.1663827209763
217.64290228772725,227.29146812023,227.71920223281532,208.0810889795588,222.8271837299673,222.2866832431769,218.4282258017113,212.11570070758594,290.4033081680455,211.00167155998602,165.02528137979894,196.38338786790538,209.6736524514255,176.72926808747198,211.54837417555214,200.1132547950203,206.5003731559049,213.8375707058257,215.55389802252668,162.8147099073382,19.8429638497136,209.82103278614855,212.66076120860023,210.18246849473522,204.43970520796304,-76.61763916838352,214.49065645373562,212.32988244578954,221.66520203778705,203.14736046735678,202.15337281461566,-829.9612928213182,128.3596816407361,224.2444694905818,28.02048262991586,211.5816702846354,88.18049552143673,201.3398390427691,194.01738900946626,222.53165047331018,214.42528797767014,188.92018998589472,224.81418997246456,216.65850360906498,215.29272025928745,221.81471917726984,127.58244663410521,209.61956423716688,62.28472577202835,-18.7381675869063,209.55119493913745,122.64956963172942,-14.580338624653521,212.57334396570437,204.6881777233597,-340.34955807516064,193.63781369958966,214.66074016289454,207.80818015331275
130.77513910214466,178.36361822703768,115.35064447154106,179.62714610818566,172.96053808929724,169.05499520863475,115.3326654143522,140.12679385747694,165.3323707722098,125.02210091261203,176.00845187794621,173.83813280194576,109.75700749399532,155.62827977488675,165.1217833078214,184.28513320739032,116.86790657014636,127.62497997753897,172.5768609570669,167.6399590938762,174.08178374589966,158.95051117730767,-19.153998775751624,168.9285116397094,21.209009830989693,114.7734830294837,108.53426188141721,15.587524751445024,188.4043371176621,-215.66887309312284,45.9422736326464,98.81655297614041,153.520231672861,119.42810815249682,116.16970849242135,183.82149527352433,142.03903906210368,160.99469225279256,185.0909682671776,176.21644887702416,165.757307708662,68.72351955592217,112.03241348420677,149.86800632726545,41.485792579029926,114.23815311501077,175.29697952770405,151.31595526868816,181.51437359176182,123.41596111537739,176.33888170976937,145.255458889674,-1.556366990588044,108.0105507130563,166.4224059455279,167.96665556136543,178.5339659780324,128.35055875094835,180.08018193233676,130.85097007104775,195.3238607626577,152.31112314505233,172.89190266716463,143.32062854952287,186.67205877163903,178.24593621577807,162.76967206094636,175.2796258885542,3.6919071804152748,160.4539800374163,127.06885088328507,124.55859822424911,165.83291905186846
205.64784726775792,174.19042810387486,181.92289417178335,171.70989833454257,169.2429866161924,203.51555980214783,164.9218339406994,208.64488173460117,217.99236975082937,184.33411034476205,199.96719543505213,211.37657974015661,172.97413991406682,185.28042123788907,167.45389399342326,190.92157933066517,191.28977510697632,181.74715281647343,158.61008923156865,153.49513307976008,194.75157316017552,193.48691054148384,201.39685361920488,118.44254622181337,190.47597121406721,176.09206885368113,118.10615093956231,198.03910319324433,124.80215093814873,126.13311345874625,185.88353703613402,196.9507944319634,211.68609594560257,192.42021292617295,209.63775732512278,186.73302158034915,182.377032760055,205.2474691473928,162.30669452486643,208.85312641501702,174.9727245675919,184.29253344039475,172.87347010113078,123.82798940870657,194.72583149334997,186.40877623093422,180.06506015563394,154.23547283452444,111.16785269615049,167.57099017918972,203.67485927173993,217.82919994161426,182.78577299773698,208.0889001140551,196.6655621524396,159.31811218834127,177.61514260875157,-224.4853536537729,192.01727844736075,-692.0295315763567,164.10096159924132,206.90352267154339,174.31151302348138
196.93728513602164,138.15656605151764,184.3257424213613,218.87548456699673,205.30452829017761,196.3738874868299,220.91028998405758,205.4609380491161,206.0377628690118,198.90949577609504,155.04308545482002,217.49247267831495,210.39843824743323,210.18851135414255,143.29355519915282,185.95080601149587,135.95619291961214,226.98734691826533,199.53768549371833,223.34125169071322,194.59630141924632,102.39185148314003,209.4460727432793,165.0791714741022,209.16250528083268,-11.3099462392487,215.85488761211084,120.9564793208701,213.9969397442451,175.738041739772,204.57274183688017,-2916.2732104669467,143.80802900350284,132.9739576053712,188.52263816002827,208.38345454101628,174.41558492785228,-53.41168369550191,128.30062793806326,199.19331998105466,193.37978819800028,211.5035674981123,175.46742797109167,46.94771257922751,201.35427096197182,196.5495398965618,-103.69380135286475
247.06530302218363,886.6433971511759,239.35297831393,227.58354552551276,197.7950085594804,236.1639013122969,200.29409026485536,258.02085514773165,230.43155992157887,233.13989567904088,219.91656473314157,205.8768348993455,243.9784669187357,256.04156433949305,235.43411496757648,253.97652649259823,221.11958089309252,222.66924858544093,200.48669519214687,206.81013351897505,125.23328628196151,33.587309229480695,-248.57427176102456,236.32242508233065,246.92443236387209,208.8044453985736,243.7054860024087,242.9888696796441,235.0892689172676,99.11269265051413,242.22847034890577,-608.8629402569568,249.64719210932668,226.44414851393742,242.3817256005612,-154.4259764283825,-306.5547133190927,243.98622591942234,65.930582634583,7.284303054930357,251.37199001518258,191.49068080836497,-330.63246889813206,171.81583532216308,-206.89429158025894,224.94525227624814,235.07795004824828,201.90546182353427,-56.81772392514,216.29818475701148,194.3755934982534,214.39507957117382,246.55381623686816,207.320425343105,244.6391877334725,241.31910368217467,228.0688395974226,-22.79853689174439,-570.1283698037369,238.24051660039748,-45.96521772389118,195.62636748200913,235.02075904627128,190.725748113581,210.36838634500583,248.8564767574441,245.101862075969,77.71911698205707,222.26352935715846,231.56452726723313,-497.2865084598924,240.5054623742505,-677.1678658392685,-365.71155909816537,190.3221394485634,178.40625547498422,255.06091294601612,-692.6614198480875
144.06616550490673,113.62204233600148,175.2928129767224,155.82729258820856,151.0937557223518,164.88435621633369,175.68665294442096,169.53595471145135,181.75609268515902,159.16955994098956,177.4073942709475,132.05420294841144,160.5678815376128,169.1784749678953,170.58458565219883,164.24475285219427,159.63034879504724,166.91088326102894,180.90881775348947,163.93465080916147,164.46860718591924,114.06199038764562,163.39123358457525,173.2792402185398,114.7169517728283,179.65762777867704,148.85532400306485,162.866328571352,-695.1954832953804,184.21194942966034,171.9938645335353,156.87583481390885,-38.84193393236335,-1377.6249655498366,173.4365677375923,87.38287315584859,115.76979047283581,162.82591391811806,141.44878323940074,120.45011951894563,170.1279630563416,102.95603684599556,104.45317322254792,150.00057202496336,175.3039984482983,160.5577427758703,169.99709608228417,32.61630929404387,-212.40687112469104,143.57539715564585,158.1216403073989,159.63485965246136,-87.17464023483089,171.59141848385335,53.94119194005262,173.54007488096144,175.5802277738022,166.42570794265598,173.50066450216067,182.66400771567746,181.14679829420274,164.81151453028062,173.4249573949197,130.0597215987566,50.00226257770823,112.20157255971979,-11.56975124215873,123.71757917441467,131.2457911649571,140.55492892302615,174.30546593221035
87.21710166401736,172.41035708304858,151.0753847218142,172.43358181392276,149.2510607709209,110.17265601870315,151.56039331799457,156.51525351441302,147.45777527958842,127.5655018673033,114.84427180009855,132.28243669348532,121.953469423633,125.56401174350708,110.47801050826364,151.72049929010177,181.30408627776004,152.18289446062377,166.6320425422064,167.8470068417361,139.10380661632385,137.8640893529598,63.93307370463962,138.2215104208423,94.51994351660348,-5.46520260615431,87.83385593113714,99.63415501160787,105.15708944070427,126.33066653315734,120.63618948377211,125.710152673239,97.72166765728618,141.49035474014744,152.3806416163132,-57.231140180607085,-14.286832924515913,86.85192670398186,-259.2920405854617,156.95600676057157,144.0753064994666,117.97733963840163,151.2918543815621,-29.649595252870874,81.85670748024609,132.58370065745015,-71.8531537837116,68.49293237389163,132.46977433950832,146.8071602029226,119.49426467803866,172.8329992877693,92.00330570690984,147.42583118403672,115.89974324450083,149.2913982714263,140.35910761368189,137.47195809984794
174.58594597328317,114.36556413213884,157.0803982708787,187.1913042880047,161.6961856228795,195.5498654928743,886.6376615147583,187.37739557198609,169.79278383577326,136.32828126433554,165.5282217723036,160.52291413623445,183.36979898540454,191.19568986845348,121.83406569749911,197.51329400126895,190.55777552656417,191.8124279943981,145.32483563576736,164.73662547552237,160.4123522764055,164.99399933110266,156.68457803809815,196.27407239451526,-50.56604895766054,173.71951397243282,134.0225521879513,107.07106128423106,55.23218569680853,189.1319687217706,152.86156207070894,188.22564191618278,133.7429241152463,196.56756762186984,152.29826105094435,172.75606974839144,191.8872623671329,189.86778473303877,186.57699554454598,80.83673493887306,166.72216826755334,180.082277097587,178.5183225106781,153.56293477737336,199.46517682305392,125.19040103545494
220.43795452472514,160.66659454002559,138.15026246431194,181.28333594999208,191.92977524459025,149.92894953629025,183.3514712664059,172.78558086809056,133.63436885077715,192.47337814789023,125.38619401888272,220.43795448002166,175.94249940738416,131.66025119488677,159.57336530851524,86.53214376220365,187.28425801477692,168.6168709098996,143.4647278246042,168.25847319319848,-132.10257685676186,189.05722582311319,190.39170773168144,171.72474954652512,76.0852924265772,176.5215340391942,178.5038482979728,182.70619769835662,156.02212769155653,186.46341340435367,183.12049777607274,171.2672405871411,175.14159174410963,120.10513850136594,153.97240572941962,194.29005714763446,112.54066043116934
204.75717164328776,145.50322678653623,146.5695680178306,182.2640933882368,188.6799897662311,195.86063275895677,217.3279572836665,180.0881835374055,135.26250075572952,166.57680398085247,172.34179387792864,183.5056833915751,169.37406766083575,199.5521272072581,212.62687360310557,162.3042073874903,176.6789353415322,195.5622905359223,170.77991739569623,161.79866851468043,199.7030085980124,97.95634472205178,165.72323879176642,184.0525020783231,108.95046841469575,154.32716797127281,100.76743164685975
182.91601779949008,180.17968587589814,177.07630175381004,192.22055961050307,147.5853874325575,184.94842949244128,193.31300911258006,211.92224798969085,196.79188651588052,203.0424708064827,192.42850989563328,199.73099033744757,216.17181671055158,196.61858717842813,203.88561941279113,183.42773701014394,204.44685698698822,183.51174562901235,191.88640970959332,188.08544806214343,188.46110130595713,190.76736251086464,171.46248825137096,193.86214200634413,109.53984350779098,185.3870766779828,210.21500923978726,202.2422856176389,139.57962467602067,199.09656875965567,177.55312064620125,175.95992888138903,140.38268126301082,196.68418520941205,136.46183542556597,194.7126943587901,202.34639957485217,168.22560263668393,166.57017428810386,105.92015619211901,116.37262365323807,176.17310973381228,-65.33726534784418,199.16854067914645,172.8248259494443,148.57886951992387,139.3020994344348,183.8583837666106,183.4954171650807,20.49519428563499,185.90054511981964,124.04471680190763,195.41509646349118,134.2989276613871,192.34210368230094,176.2202162670318
172.66426707204255,198.7211358103014,120.03317731561653,157.897047703603,154.62948539781985,174.37178836609291,134.71301121363388,226.83261506645212,183.2496200154592,187.31285308023462,209.1464947537387,158.57943483710565,174.80149873499067,205.31042821277998,178.19714233818672,211.3368966950648,191.75802627375373,162.42093847114063,226.8326131591035,187.77532297408086,197.725091866242,-422.29533213113854,182.7434603412727,151.72799347372438,205.72145426202445,-2319.072943592714,193.04475795340505,194.11137346144938,172.17875252613757,190.03898471396798,135.07911976861544,79.19875959472223,169.25333870067428,191.8133971601884,147.3962760638213,202.68550840942441,57.62207779982556,106.02172952569823,197.89964294947373,197.1448789105799,90.0246093627925,198.36856432649466,-23.316885015032593,22.182520288784996,184.362179195971,200.13324408162663,-32.18264482876553,118.89164256350786,187.03197036203017,94.2842401885231,206.96065926429685,167.80894638954393,188.62843373626998,199.31725800491932,197.68664288003998,193.10184642684726,189.73068971286824
166.63191615229636,155.56012473351169,160.40425989081422,154.68613132691357,152.00033106164182,167.624823110779,139.4308526806497,162.72699004342024,159.50923311464572,131.67664762421683,126.21465943573584,169.96153377895155,176.4904852685818,137.34924335542374,157.04765417196361,144.0527672038075,184.372779093818,179.79449712101987,162.11135252726606,160.9669073431658,119.42055835583609,178.7852304699726,137.85890740798735,186.9249611048523,150.0374129398497,49.15505589889969,130.2053257131057,114.61465776586337,117.0230944295595,144.7278655480225,170.65178835370332,13.446109140419004,82.4679889810221,159.2800823381949,151.50584979013237,128.6054011878847,164.366625257145,160.30919585399346,-370.7569479365777,147.4529290579907,158.55138230209428,125.23567188915821,144.01459750841258,-29.392252810474112,151.0533779191435,158.83778747117756,81.32904759397907,144.93113166317886,138.90373428901609,155.15263375004676,149.27186428141007,161.83056858147776,177.49035659806816,156.0851659095515,160.62251368205472,162.16170845766288,155.60587322744087,136.59961858951579,123.8709059429028,147.83996597491685,167.38951936943184,83.85988644069063,150.49323521600644,143.52249014618843,178.8540094350572,-31.02817043500456
225.99275297481424,165.04687626082432,219.33838787807574,213.57375938635957,233.1769856260416,225.55812301373496,215.66588950714547,207.5605119524939,201.3583956708496,206.9353794909657,203.38446216652662,179.36992157087042,186.4411157087541,217.4311881975389,224.5148076839939,222.59841262937059,216.8734764828748,209.54583927044038,215.24712798700577,198.64370867029854,121.26558486853527,206.73331009809024,194.52229339558923,211.432134045242,87.55477816547682,106.40041704750406,203.51157861512635,223.80475620560148,86.2691753858242,141.90685183031962,63.706384061867496,190.35159586244797,179.69676560130668,213.59298071214877,207.93761120873316,221.72960474562362,233.86610488445442,131.26312118177472,-99.17372056694288,203.05071580369778,219.00886371372732,108.76412554300012,52.25929045976275,132.7066552297815,7.986037839398679
208.24995283936616,210.4080232052489,191.87990972581602,184.31293697961772,179.5401951118707,188.37316000959,204.38843624812242,192.87116333283294,195.9930758684309,162.34048318477392,208.71644628872477,137.6247215282978,173.7924310432459,190.92280364687983,181.85394041340314,128.28417249787339,183.65904940782113,139.62214548125576,193.3453629791468,193.89810537629725,200.91476770498977,138.93558260557234,200.09385348483355,139.62415138355658,138.58872740538624,146.46385167927946,173.8767631748893,210.9423499823071,205.98746548642455,219.36216123519577,129.61585852488466,185.44282976213972,174.18640772100807,203.66569293864566,156.45293089472148,106.33988573785147,149.73203693607778,207.47152957593786,192.8641977651803,199.67138561745932,208.12298100805808,191.607709406412,192.92022349345623,196.5103517247173,198.65270779658633,140.57632369325611,208.72166570477142,201.08303066201395,203.22001203579728,149.1993187506057,197.3437485977278,111.0634524627342,201.14930658182695,151.58533576173323,202.53602112431824,147.29864688014686
210.29822664219267,219.71228762910732,163.2415676860695,220.6428997169042,147.93890687506956,184.9067605106833,165.27345122508345,219.14841681421427,224.1833705244464,167.96675042783693,182.52550925003737,191.14638460577044,225.56532062522535,181.29122753028392,217.8907186958661,206.74271507217662,185.3908164824724,181.59736388234379,204.94637548105663,167.17647309672225,153.49063894277242,164.1401779525977,-634.5192867463854,107.15088292711084,119.02272137967765,159.8639047843526,117.86535347943334,124.69171050563273,148.74947210071855,157.47835986216455,131.95930194485143,-123.70994678829811,153.72832809679574,170.68730330491402,153.66311806486047,155.24260058948278,152.94682180635823,-37.225454364477166,179.097610340226,-71.8805561883556,107.62073399278907,153.80900640514596,-322.98503944440984,200.51610832992776,123.21276976703784,-72.34138551648122,175.39966623516966,-1653.4059373262085,212.59424222569214,190.50576729567217,158.6092699225169,202.4330555035537
130.67192282494665,165.96316017545496,159.1165849891746,196.15534671080002,190.1510182063402,170.40567801204668,190.39648041858055,190.24416904006014,203.4007206157783,156.26612413849,165.80500272234747,127.55883798722351,167.66935631459947,166.17852510405618,170.43290294992244,193.54089821358883,169.96247890302175,179.35558336309447,178.5275978404738,138.58504188787506,-21.891138515947716,146.6110918576859,191.55324706759828,196.02236617936293,124.57280048633237,162.06986828640115,69.28438699980273,-220.44929229997388,166.22472926029934,-130.32561642593328,188.3577936682045,198.31526677291862,149.29119322438908,173.53676946633465,183.58567012353177,175.64119828004158,159.6733624260337,198.30252553959082,180.65869273367622,81.79402616006195,187.5654530208032,184.47084209627513,193.4690256634137,156.7423345583506,182.67053554411876,140.61044003601575,-643.2309397750685,-3043.6537110859836,180.828454652812,177.37211715968354,162.6852821430523,158.65627998682896,176.33526138858468,187.11232919032838,194.1544377782805,162.1050917921943,143.14232921967113,99.00984426578066
203.89354207034683,236.01688588890278,197.07020553509903,249.41184832317984,245.6013599182039,211.12307825866205,204.02239384198356,232.78520720026097,246.79443919452643,248.03897915653778,228.4546745074255,241.4404644875557,239.350435705465,216.27744981701258,242.53447439084005,233.67046179537004,226.1367037334507,240.91197943931064,232.87062783303645,248.7172987782486,157.3035153524965,200.8156800229262,41.31075377104536,179.75007863749437,171.71514738303244,231.3846390533335,240.33912622415346,210.80775225403568,254.0346984368883,238.7332673992447,-1825.1135071236113,232.25609135285046,184.82534847857522,109.88922627834101,202.929073507726,-112.31257872017643,231.05505026177542,225.95378021724582,173.45817063627544,193.0941593506313,246.2928309394213,136.08232482630194,235.33666203048506,224.189339402687,222.0635994705093,215.1340508911773,205.26645856433936,238.5113812646099,215.61606439626843,31.926945776566864,180.0166734563888,191.58558034403273,-1708.0689950399694,228.69392504281453,-65.12614099850781,237.40674261806734,242.6093162267362,202.90600302927479,237.7177669359993,193.66925192549292,188.9225248317233,190.21777682892204,193.3187997576855,-4841.272380688795,232.99724495309968,226.75082643542078,-813.1349245162821,209.9445710768262,236.09915455658546,242.5253778707629,171.74422525988635,236.5049309323955,241.82708900759738,214.38875665257467,220.7465468424133,231.5997974610461,228.42986396102276,239.423438308421,195.1238851143329,226.43158616661015,237.5829566576508,231.04616442350851,244.07015092862787,233.430371121248,226.58286864636233,216.52452794186019,216.16679160327902,207.37571697923386,216.0683800049321,231.48624681412207,233.4194968693636,182.5439429379139,215.04721411208467,-164.665153518957
187.8670614785225,218.8224107401658,199.61791152792978,182.972457690658,206.78621778481303,203.64697070293977,146.80315402679886,208.5442069907922,161.36938035755836,192.80174469459067,198.05068681242915,209.1436062315661,184.12300643829502,197.95726143871505,150.2838755813316,202.28130572089,207.16600582103027,178.74764451219127,168.15037439713976,216.299620208664,201.46105870755673,-33.55913289302402,210.54710739111763,197.37440925146123,206.62738039506456,115.1623142143849,81.03273226560688,131.74611865564347,72.70561780748669,174.4402208183761,188.7565903333752,200.63822117557535,203.98865755441716,194.2433098384737,199.45056537283187,97.08897144019775,191.4816919670412,202.09307762314526
218.44004889617736,202.48160422055253,218.54495883762206,217.4564328988162,177.99049401429306,198.11187034543323,161.33282065151957,197.64570485085278,201.38382198476256,211.3758911117979,195.40950596643157,233.15598582163867,180.29317314009472,212.6536153873816,212.60822954565742,175.13706964635253,169.0827160091391,224.68524777078267,203.41035781780022,203.17302000446344,174.3845674640711,200.56267740295573,96.69773095504773,156.31397221764198,141.98313715010477,129.9765244327366,-228.51171934148843,-776.9088545939165,154.17330109439376,52.592414285462596,177.18615105789945,122.57739455289878,109.4547604404389,177.54198523907624,180.74490811816986,170.57215429136545,52.7762147571418,209.60970823617225,197.44800217281232,190.26492002518162,203.73506375474267,211.389509324378,67.05871965927757,133.86630188559297,16.026031271327373,164.13319822082963,50.28952474976744,41.26200592581516,143.9018989015819,209.42545308840442,13.060061216295924,112.8091816955413,207.45235992671724,63.477814235328786,198.64618239390086,127.51536244038864
207.00570082553088,887.0891025335472,233.22564612564418,225.0747360540945,217.52250388261507,208.91020737207566,234.67767898528984,226.0853923052249,209.2961286508945,221.9739513154392,228.1473850856388
220.49337597211675,229.74961760442616,184.1837521941979,185.08006288198467,250.73953731033535,207.2835035353663,182.06671236243426,229.55803730185758,201.94847815803348,233.17571649532456,242.7614672964784,230.80056669572892,239.05915239243487,246.48647032859085,182.89136479875822,238.28164221052307,198.45601354750525,215.89817849609602,218.42082401388816,203.30022564004997,240.576715383549,-450.7285792426025,-30.3841792811378,237.09995554010848,243.40766166934046,216.82153413966458,239.36030025136156,243.04505088586544,-17.369859490656506,211.72413037961948,232.4756252494805,232.66799347851853,-751.8726334175582,200.22530151686092,217.8264263126413,-2549.7970615965114,87.31956492997311,197.59346421239562,246.95879473939218,212.8459198300085,122.78098906672345,211.17618085591099,154.89462137587256,216.72409524789296,-894.7668091129609,198.4912701048584,181.54975227072933,228.30325949542308,91.51624145874437,84.68463420636395,242.28089398781336,143.03491601396388,157.5948670319956,237.02210989539245,57.805215355740025,146.04320178337088,221.00606905978125,-1520.1314379864646,238.83781269236184,205.48927869863647,-346.562763959788,160.3339531183599,-225.72037934836743,239.98330979846938,232.465461717154,151.40870327000016,240.05963045247532,160.60014194462644,227.6207604758255,197.95298419622955,247.17415437287278,197.32923277138696,214.03327646301855,214.37468130024,-18.534910214877538,242.16563581329424,242.35514222239559,181.30437781335482,192.88092326812617,209.83536914219275
192.0320771145962,235.10246043263072,225.0452846033731,209.83051381630676,226.55613895158533,218.2475673658733,222.9539281303412,216.74614595379538,231.14434488447412,238.22172072892323,228.6272495148489,228.08234701852558,221.85296926192078,212.82258441502248,169.79236131471728,217.6405429113909,224.47367753918837,209.8305443338849,210.05062374011084,245.79310025960825,-160.01001512803097,180.83727088372123,-155.98987312011784,158.20311270699986,-102.75328162739378
218.08501188619667,202.1467641501636,203.78332523585678,157.21204129930635,227.4464754441257,206.29658587261034,168.61953042358988,228.25210355459822,223.03559419007834,180.00637829636645,172.56064210745913,218.24133518442105,161.3081052810763,227.33538350626478,213.6078142388923,158.25892739058025,199.86395276263445,213.60265593123646,99.8207671689904,156.70739817149257,74.7586185299076,190.12811175839093,206.18977820101637,151.44798991766146,123.4987468642274,227.55500276964008,213.41622208450522,186.44143833755325,220.87696202327325,209.3226759496595,205.41652955176178,176.78610832361147
252.68528763740917,231.34124874053654,245.89980026266235,241.98691379233432,217.29875896955397,249.28128276217555,233.51813403765735,255.89443598689897,258.2654556974636,242.00284000927203,229.04979316108583,210.64845376713507,243.78812906195364,230.43022605634857,230.54051686344368,250.04647855470185,236.6099214681793,243.3813237392691,256.5367246297329,241.37750301472917,235.55607943764565,246.60934743026345,169.50333722631675,235.05307960363896,144.76402122595786,256.06411707427316,209.04705347005316,258.46420114923734,135.17722835700394,260.09956565552426,260.96046140987215,247.07963264489663,255.11862584856507,252.90485382000261,248.35067307478957,239.28114653379137,223.24875373166114,248.13410294652394,208.42574601548458,-303.7250809343437,249.3671686563459,85.0168582818229,257.3556227522909,248.20993933837198,232.6009290723699,253.11409136008749,-2448.1333563836006,251.11634084547157,246.8762049501597,227.93730145609302,249.38093985631704,216.65672607021278,240.8349904009937,262.5092445706613,252.44248373270258,238.16177123011224,-40.58153108807972,-362.2358285229365,264.4073829938372,146.8079138784261,243.4285657685887,247.63993679469004,242.19638053882912
171.22638353176424,118.81140109141401,166.5431611257815,195.57160922524812,215.21340759213078,203.94873110561798,191.42020683022574,202.4470461770967,228.85574307442172,182.07428850596585,201.97890995125644,161.24350545221287,209.6216203291867,208.3808337455386,203.77318445252556,174.63081930260708,207.31677315160718,217.75708765911529,221.34254175951693,207.15807323097042,93.50560102960186,218.20259663751492,203.7181376308591,224.07916368579342,204.3003819509813,146.6775227440572,189.97757250241963,196.43935478018994,-624.0443785475953,140.35056208732246,195.83205685176446,160.4323303627734,9.62846723474617,179.35278431616874,175.48398577904717,218.92979342947316,-97.40911516074856,106.87027621941787,166.3364865046835,218.67815066270146,232.13950890494354,214.66201112241103,204.4590595766151,175.25943041627568,107.00693862087617,-397.83133652892803,184.00760040984693,204.38219483344866,201.0459265181258,219.4025839743608,141.75450391909496,149.1678336190101,199.1107296892857,230.7078389890075,-199.60856967838654,219.73686043979544,158.92641514395447,180.5801708829808,173.85103414259484
165.09876218198477,165.0846611798052,141.14046984406752,137.09789992261963,209.4089625051153,133.76346072636525,189.1238683092982,191.91715195247565,207.56650595893535,103.06211801173086,202.35716056650614,202.92452180064384,179.20327247112306,167.42429838648698,177.93847159001763,199.75756173707742,132.63141331863076,216.23179939008372,206.21730676387,157.41915460718172,175.19965016990733,197.96847479455965,-406.47159758207954,144.21832944420652,192.7467942516102,183.7255760842075,89.5874960698917,130.4184396521422,103.95390979159903,165.7494916862247,209.4834646997718,127.11082963825982,155.21466911838291,-1540.6909454988058,118.58656198433337,150.92788216817897,204.8387401763784,132.57037013068552,210.57612092378196,163.61666365006377,125.87097953394868,215.25725943399976,207.92442678593073,208.00154321981046,163.9383225679283,160.82493087653452,141.49537652313816,60.232448138741326,97.13356852205304,168.47693956618167,206.1932960970434
251.70797090495753,260.28093888485154,220.33984552783195,240.56845837049096,260.33526903279807,255.85813885554322,249.57441739593915,247.89748359842807,244.10301894802953,231.48214885275493,249.32986113119424,180.9703033687301,228.32866592068578,243.30125152305314,250.47973909015982,211.935079166657,257.1790965136901,198.5275153079128,205.17719770315367,231.17607632802597,249.72619993639924,-268.5752184837344,237.3031546941825,225.89989492157352,228.34291515095757,244.04679552991038
162.79206950308009,193.03756072080165,285.33353619327585,134.79908898733493,209.80775871284737,181.6579480379554,213.5659962211896,187.1869732578424,138.77113724699956,194.41952001620444,210.17747674066493,178.02691863124846,204.74033390299502,179.8935925102981,169.91698744816983,196.0923503591493,285.333566710854,182.13044392339884,166.8795133657897,162.68700993106245,183.3017587301369,47.682914941116096,25.23590712371775,180.22357059551865,200.45134324256617,-5.920826264551706,144.2159491597376,151.81185910134462,114.28848285091594,159.806042336237,81.81829525600936,111.64408773782439,200.3407493353971,204.56607847318872,201.13313907209744,88.53093470531915,170.318465866746,126.42408042001965,107.15726557966265,172.8483812809671,193.53353572587343,169.68038144435076,163.0932360088999,192.16188036593047,152.89664592564858,211.136812416647,186.13969693423854,153.3290164239183,167.08921614325027,199.71174409168356,205.8317077946881,129.02373328972197,206.58184424310792,163.22949779489306
191.30486897451013,147.47357055162126,193.28790914183347,213.42964119343983,206.8075742326029,134.54230203041155,188.35024512346888,200.15400013542208,187.7163039986625,194.12191140598102,201.55442395430205,184.56548922421723,135.37439263434342,196.99757611107194,190.84983878253084,207.4649761057041,210.35417178100752,208.62463445195877,169.44069456159596,196.82209473536946,111.64688722220104,-155.88695981002908,130.00619754722268,201.52634989718027,220.66887787711758,201.6794573024778
180.9895126171179,184.96670882619452,191.42164694590969,109.76727501421789,161.87486863091982,209.699721728004,195.74686856293027,109.35619391930226,143.65994506476747,188.8461257434456,185.11097841997065,184.52901273807737,127.75946693734645,186.95833587561464,189.0007650503253,129.36160890081337,209.69972184721328,191.54306902980653,184.28420548234573,186.83017774941868,160.1545290103267,166.64519244023217,82.61020745227904,113.01358043964619,184.22018469875178
228.89200099695273,236.3295892648269,187.5216313429974,216.6844582208576,220.59823368837584,192.30988529949312,177.19579410474051,175.44894228714242,156.32056376891654,202.25179220871794,221.50321180577072,195.50988694802078,235.24563800789207,218.61663534045357,204.13860922909777,219.1716158627376,204.77319774809604,195.89514050347208,179.45959072179443,219.26061946544024,170.77051710634535,170.11446024965366,219.74095211512355,220.72638874459273,127.76903095562173,231.43792395066208
199.8549096925733,233.50167424928236,206.6918223018567,219.29984104512567,194.45820595242967,194.45820595242967,886.6435360706698,227.929001794221,220.77956482516487,221.9480031620414,220.36852020311267,216.5609420192007,229.66673224569274,199.70974529270438,150.86148750180143,192.81407079428737,199.03640680656724,211.02868131402738,217.61607309273467,199.50419916232443,-95.93268239053144,168.98052019396084,224.8099281026628,226.0101089732525,220.15231488810127,163.91239483602686,-92.77843274243604,213.7446633664781,-414.1623770377102,166.1454864832677,211.18723100012778,171.90679775365447,-40.185893531835056,201.68095313640117,213.13640496114874,13.119362193961829,207.71324102110145,210.98226362555943,166.49405456460374,222.68814423902558,217.21530424363266,172.99847304900436,145.12445707071993,-863.7999591436745,-217.4642841483747,205.4419095235138,-502.598740437177,226.53369154956124,-1872.9564571473009,72.47913041333267,163.71102249907392,208.16295853892007,227.51165376715318,226.21076653589955,213.70972596424065,220.978295184839
238.72580978434164,219.12154953208275,175.17220705923447,212.19015807252228,219.06272993453896,178.96467271237597,191.83080600727632,185.45651470080335,161.62730298859682,221.38522400138933,224.85768340728575,223.0472217208264,173.47798028562963,194.23181681677463,232.04273734452997,223.5487130326048,215.01956959428614,215.45789463821617,189.3954575721419,162.98215407472387,239.19519051811127,66.06555894524192,159.1510249352004,216.66477664021906,219.866512280126
218.96101232938972,219.04281673315037,203.71460366576522,201.96263928276392,215.33815425148495,217.04871896678205,210.44624759493135,215.91627744179831,199.69837057441973,210.0005136984838,221.3330065649039,231.12856171279836,192.36444800955553,218.66526148749207,214.18756225100887,219.7824807195171,158.07227630188763,133.87895600778222,194.1108378474138,210.60786488859432,228.5585955588609,188.91380012466524,181.53131171403547,214.8677303823557,165.95053011321087
226.41832009144062,229.0416748228993,176.328612121468,223.44559925221827,175.44785315032274,202.2386496432541,186.9337174718142,236.94112307998083,197.52854928274192,209.96069726948622,196.85756571122093,216.4097897434315,188.64889973128902,234.93426105951747,180.39506843539266,191.96738591311103,233.84312942690647,211.57444928092477,216.88218009610702,236.72907866078938,201.08901139224673,54.51162134804392,227.7534682552612,183.7059811706781,210.1762509821734,217.45617270105,202.20087704112086,183.0592527831307,216.2767005918764,13.613254423888248,171.28535035539224,202.46666376598367,228.16006773005327,213.81500807412638,218.4093986680157,194.60741890029107,222.32974268560048,195.7602266895438,177.7057390932334,140.635457906593
214.1322663399299,207.8675810564533,205.47867440357444,216.01123382620773,210.0503157775787,224.66836496148704,168.1268802741416,220.04024826540268,233.17735658694875,222.6215473682224,221.40078588810508,194.40136990716883,233.75571453344725,190.68037797334168,233.38796317714974,194.93887125396517,212.2917156947654,217.48343101426562,176.85289533773863,222.1875109094586,89.58327915129628,-50.951803435912936,187.64437769202263,57.21652184590364,149.70909258358742,196.96796982968482,224.99748969760304,152.943512913199,-16.97148208217133,177.64313218881452,219.26097258415012,177.1669613297398,233.72297472315728,211.99700644102364,80.7922207895527,218.5377203804979,207.24984856415887,163.84991893384048,189.03275940720988,226.65872307376372
243.15465215936626,220.49446221933331,200.56245509787414,235.60679532490926,205.7245606721336,190.95947724134487,221.27279647374723,246.23612681360632,199.4418575326681,242.00266846746715,241.33875402758432,238.84111500929416,246.84231287453633,235.82939596692717,243.6608787317605,228.0846670436864,235.40448304540496,216.55036186666425,241.8987725769404,235.78888947405434,137.77860886300596,74.22420297145368,221.686685758391,239.72987676612647,229.40934398321687,236.90371791417405,-1641.1592636795,174.14611657539248,144.1632148507786,-341.2085577854421,191.69069903867123,206.76728089999165,-128.09477312163017,186.1671254445913,221.83055074000873,143.805414009536,233.47385889077847,57.6927781489353,216.7612817182704,231.62218179786976,129.41659618647455,149.2528435005438,117.59445528370418,231.16603214164763,246.813851987721,243.99253402162083,220.30524138917028,205.12753813908284,218.67413221339945,191.61511940643254,224.6499328895164
112.92970116052534,126.5666066025931,92.85335732861921,116.66788085706663,87.73305755586252,105.07480005078419,98.49257596442858,148.0049091936132,90.11152095350236,134.47392211139376,144.12245436545376,101.92539588877806,134.90784734759663,142.89645996548123,111.2928912036836,117.13101422259219,123.79581448859174,130.26880316040294,119.34050082413246,104.64521382497554,131.04915949194967,131.88789845619036,-274.74233377146624,19.30100495914617,136.34801936781062,140.63048087289522
183.22682344181115,182.41876412122852,176.60129985179606,187.5951036399537,177.15003933835456,188.0227189907712,138.88287835616217,189.9933598000313,190.99529124515178,193.05007983426518,160.28384228888822,202.47599753835667,121.32201524957571,178.12290598736755,134.09902343693744,182.27209901623192,151.6127310774537,184.81609954449735,186.7665393941949,190.50303642469922,108.90744072559927,160.371946968147,180.5196716707134,-295.17331547959674,156.46958946018196,-20.521221958611175,135.692326794234,173.22309794786935,-192.7730718379281,170.56906909042337,165.89316047515072,95.23512180909036,194.14227096721925,183.3063235507316,119.3544350220066,191.2162128611598,133.26333973762786,40.208800628064026,98.21081246320962,164.4637432049848,180.18618110719072,123.03208982471948,119.4174715702332,194.89471961150392,-7.9004361806822025,172.84823858789971,184.69727020661813,193.8922702804073,-245.19821867300485,121.53279128533381,183.59477380771145,-3.6748815212511485,93.08081072200658,126.67825703834835
192.27198307770652,198.1035758898446,162.9941627327497,196.17299057248408,146.0765818517335,151.26555584055498,194.29652219856,193.4194848257265,205.21461441248616,215.77131263226258,205.0891277819591,193.89251232055625,202.04347391003347,123.23169070989908,210.7795601692344,198.0891346459332,168.92544005852974,187.8025627138503,184.60519139597804,143.13840188139844,201.31147017678026,190.55889313781506,150.2993441360534,189.50086556557753,205.9047764581233,189.427288517928,184.87142762821637,194.84358423020475,153.33569506683213,190.3677285481334,191.70559093110836,30.84866725098047,-6.677954473753166,163.13500705714813,200.2120715449109,197.0232276666928,184.9215440930966,192.18246887765596,196.64523411473226,111.14534760071193,184.67109009067264,186.6079771051969,161.19576799080616,198.56524928881248,159.96604531937663,147.59206301722818,195.50390090312328,206.43431682613593,173.23633292747488,168.58787387823085,205.4414442057285,134.4198998807316,189.08075615027383,200.55055320933783,183.71455221785152,182.84635726935403
130.3642069851304,185.66053774040307,225.21203160402067,199.06974481339506,185.243420889737,164.94274153788214,170.16445209340938,157.4244129988386,145.04152465582834,225.21190953370817,199.67483460083196,171.45228552164562,126.15535150797771,174.32931684030308,187.7952675782921,154.64224444741723,186.39328529520364,192.50079584465965,197.26331655593475,188.7813788875789,184.1298445888538,189.96817083255735,183.3686036919211,181.13227090470724,155.17011707180387,114.94576092312747,188.75915010801253,164.3463898829686,183.57167532705253,163.4799782720389,182.84839553911686,193.85898093344036,-272.7104778594221,163.62862171435594,153.55084121903298,147.55898891978939,167.04966729182163,171.4368948600739,179.08630067473808,148.7377689169135,151.14586716508924,125.68882040590009,43.32575249710778,182.70263379295938,163.68801248357758,189.8711850182498,155.37104020957548,137.25726909170768,176.577654417148,166.68316885232676,160.55361613083306,186.4674075000666,109.96488532348285,168.24357906328487,172.3670842611553,166.60857647546274,113.14073599467,169.0600370053247,-461.8643260267154,110.07530739297175,58.08094755125985,179.4866107194558,-605.0215383472682,172.4522718067291,156.77580528724292
178.67065031780564,191.87538797172127,173.67190011448898,159.6656099892427,206.88492356082267,198.5588655981882,173.9092955204164,192.02548651421895,206.70189558230308,193.0523490718479,132.30979459025062,209.14059371809148,166.01603822197572,183.7345306565468,160.79957567915577,158.63633849093006,205.28659216595557,175.84239723520673,199.0214476526559,171.51723094808276,199.63041975288203,171.95209772195446,179.13192717224476,119.32855785812913,48.303758650751845,147.77775299446745,155.66630547888673,118.7289858179528,175.34888915837763,150.81196915771844
153.9584518716101,149.1041182583704,154.24651729749294,223.26402889781,95.31881836969283,151.36107406539932,158.06575280978646,153.53832977987898,160.44613676695778,159.35992361860272,145.23964020846458,158.09489784040048,223.26403080515863,136.943940287973,122.7062510855568,155.86691964237266,138.72568639137162,13.870486084961655,168.7028297569913,144.91399472821288,161.6127817226533,136.1887147693948,98.96911682931356,157.75683636025903,156.26708554091303,156.19299468442975,-250.4298653413875,134.7718816240774,142.52872645214055,135.9285024284185,154.00184289107844,167.16017250169952,162.55367780641708,72.71556160263877,-155.82508764526526,123.74184388149376,149.04269816546102,121.46771702067818,141.82379357520696,-111.12721570219533,128.70456124703608,143.98075653698012,147.84543239730473,96.94905480267236,153.40293061923146,107.64861319100258,-263.93978356461463,-361.18688432317015,152.239353358542,162.15764577206792,98.50737223624434,-242.28812498554086,143.17430856620607,127.01371421998735,129.87037292788753,48.8715479638402
248.16204964402047,229.11040486910414,213.71914117856528,248.59307078113997,204.39073702187517,251.96011897460332,215.01743048255773,217.59449052169396,207.4500134911211,186.9987951289731,204.08115061790437,237.74143178445055,237.4259992694335,234.17187075943534,233.66751591205056,205.34143162530762,196.5311549548822,227.6430499415836,210.71182678808586,222.86239180036767,231.8744411795902,236.17816410627879,124.51870746435868,159.4783027241013,-9871.672015069456,253.11867903768902,143.88815969979765,89.6735655910877,204.62431449780567,220.7348041082897,44.081978456453704,209.41462520123181,236.8536099207332,212.75579467910967,198.2045909259203
