738.5436870436155,707.8005398740526,853.2583446847293,723.2371787900782,711.8411619501802,711.3112956698759,853.2583446847334,749.7498213068814,772.8199807767044,759.6604483907898,672.8659956437194,787.2454556784962,772.8199807767071,853.2583446847386,680.0348619262294,853.258344684737,853.2583446847166,717.1309154199406,718.3452011364399,787.2454556784962,588.0367388765636,646.6164226307344,705.6702931901276,556.2780316021161,608.9593791232039,632.4869306658942,673.811688922381,588.7588616721472,519.2249857428932,645.6046843188744
774.2215564344914,767.2586982732013,748.032417849568,853.2583446847348,759.2129748562523,788.5052451590028,760.9384779418074,793.1542799051159,767.5244292222418,750.1816160006988,782.794224051688,774.517982288868,853.258344684733,830.998575436254,794.2507061178859,775.783791827686,781.835120412897,777.3977867227264,782.9651758539507,853.2583446847282,756.3583872206761,773.4234893782569,767.3284400003955,761.0539091654089,755.1079274027082
784.5555490811977,789.7375310303304,793.0731157037243,773.6846329201234,728.1391922941687,722.3504383899855,737.864704650777,780.4908100302872,800.49761532651,720.056931410981,787.5045591829474,731.6531870379079,853.2583446847232,768.0988548014253,715.4692755254401,853.2583446845314,780.7057187576075,794.3496193939353,853.2583446847311,721.1092638931161,715.6025673600549,686.6679425811373,721.2114100723627,345.00505450958576,670.7478286304163,749.6192864632143,693.027286880837,691.3364835226603,583.0429579026185,745.9722644343095,660.2380100893545,544.2770779579774,649.8083945273376,746.6643572604763,590.0204251417963,734.2305497304262,613.9310657513076,766.3685947666115,616.5566598398176,772.5498653915737,758.5487398907818,643.4915229765144,326.02449220000045,764.1505416809268,752.4270506631962,641.342148761557,611.3575776601549,665.9212237352402,729.2543685630741,748.7043233895455,754.4289556869893,693.5617431981493,764.466819642629,574.389069754292,763.476975127506,650.5144949434958,686.6687022953531
743.2002005875253,853.2583446847341,853.2583446847352,748.8400287781724,853.2583446847348,853.2583446847316,853.2583446847339,746.1514278723324,754.6433504155766,736.8096313678716,744.8595378497181,776.8772349490416,776.877234949038,728.8787704744751,756.2055332857332,763.1072231447259,853.2583446847304,760.9537350193203,742.6952887375027,745.5030892504461,627.4885253835357,653.1973398743668,721.875472937261,718.749766764472,646.7270456913604,723.1765609041465,735.8258676974925,687.8929144703852,743.2493337089405,637.7471954338978,685.5499319682034,719.5349396768164,668.9562398979706,643.3626345066114,683.6662307186456,730.7092841854146,693.2138317318094,705.8499548008573,715.1478984504645,720.5352247791867,659.7374551969513,635.0575406124592,608.5230894470313,703.9328064427857,709.0606775014863,688.5159638353472,681.8071662488361,736.361190967441,650.5683829861946,717.4855301443217,727.6820455927165,666.667352166698,745.5021224549251,715.4628257871036,691.9709438324,648.7335273879477,672.6340019015458
767.6238161402877,786.5300039727034,733.9885112137805,775.5306751360637,796.9813808664009,802.0594715413296,763.9476272022308,806.1337366051008,853.2583446847341,761.9444602386417,774.3776709309674,800.684197219515,815.5377141625911,798.155888556537,785.4842746599396,800.6841972195141,853.258344684733,815.5377141625984,853.2583446847309,853.2583446847339,782.9058928277999,760.298255711905,750.9135151291193,771.4510352074304,727.443001216379,730.35010945456,677.5501292854493,759.4537294982246,723.9271675784781,678.5104411303332,751.415543381563,620.5635494403343,755.2141284703996,707.4765854677216,741.8629745422345,763.4633470657766,716.9724513837593,715.2381270827154,765.0903891906755,726.3904291680026,723.4736644926211,633.6686686755035,743.2808566547117,626.7755301256528,766.9003785448274,657.533039346215,703.8321657774412,775.4532072251837,767.3384359145618,734.838395166868,788.4411465133379
784.3219517029539,853.2583446847318,853.2583446847261,793.130879438546,853.2583446847366,817.3342919586404,853.2583446847343,853.2583446847293,804.995699806638,791.1023193697284,807.5048467697882,804.9956998066452,822.074266369723,809.8621940537248,810.9404678275312,819.0279690093246,853.2583446847275,808.271430413569,810.940484473318,806.9628906481549,744.4826184274166,691.0159859286905,777.9965584788748,715.8923306440886,804.0051700768887,805.0363053833441,-19.925593236412304,700.5879122725756,736.6416071813038,731.4213229064009,753.605451018265,673.603047875713
819.6821380040226,853.258344684733,814.7666969424221,812.797122139835,789.9289784720393,853.2583446845524,800.0449612836957,814.7666969448021,853.2583446847311,829.9704971765393,808.4396935855642,797.0760110223538,812.4542686652668,796.048086225526,853.2583446847248,805.7706644832066,802.2011443125471,828.157278646783,853.2583446843821,802.0044902710365,816.6186489011313,808.7430563131356,782.0274423141157,753.9522480549927,809.9357376164305,809.5381088923223,803.3523038149466,746.8345092541983,748.2231824473372,805.8156252045437,791.751318277392,785.1228562321529,759.9508297195686,797.7017172942778,605.6366608857098,797.7075658883435,768.1034779182984,807.4155254304848,794.6199543474917,770.2313121264531,768.3199917797485,783.9551506834016,766.6205093531729,769.4375574210619,815.3550990926876,782.6212074866606,744.2642202635917,794.5178354168189,783.3853641026595,700.5290639611666,761.7641320035717,810.3119892532002
795.6771603916135,853.2583446847183,789.5800533203975,777.8962543329395,795.8527689240931,774.8045091430932,773.9161847635127,853.258344684708,777.9444023853716,770.4364953949478,808.4618737941356,805.4699828799243,853.2583446847254,853.2583446847293,785.904936821452,772.8294887119404,853.2583446847304,812.6157363326612,803.1499324138916,803.0625247047614,736.0153791168974,741.2401454118414,759.8486150823618,739.5307567411026,745.8952237355746,724.2081717706532,766.0733418415958,643.2683371324632,747.6156298885218,776.2156183855026,758.0503133245317,461.4496712748719,758.1174037775318,769.5493492614047,703.8063005643195,778.7451350311079,759.283724692465,747.4927412143816,795.0774620423293,716.0335330734604,772.8414971202368,768.6780392329035,731.6560260868913,739.0673609144675,774.8491696806053,744.0830486346,738.1566219073197,759.7085236872331,710.7004374669117,712.3994658409213,776.3019090255777,767.4319827502925,696.938731802787,700.1212756461223,565.3971945905578,764.8018310940664,751.7186941518816,713.6301067798414,761.0639484623298,779.2825045545575,779.6421663003824,780.267858060282,754.2006241690334
853.2583446847309,750.6631845176818,791.6031865970028,853.2583446847193,742.3219766861968,791.6031865969901,733.6270260312613,739.9451040537388,758.7985876447366,717.3483701796504,737.0230346010339,733.7153808486255,726.2688179380466,759.2334948907683,749.4131659706854,796.112779870952,853.2583446847334,853.2583446847343,712.6829420613085,769.3298252541963,657.82362253875,678.991887522956,658.2259249417357,656.2003258926279,730.3837907820143,627.0414645600704,692.182222770618,632.8753764482517,243.8242765801396,638.5169417192237,717.4620810884862,663.0470095593628,711.455896059044,671.9740521396361,649.3067907718641,636.7429049761231,720.980415099486,694.220033256187,586.4057508075421,647.3459386176237,685.4718088365553,712.757313258825,536.080471952323,685.2075462841685,688.1887528997831,712.6084240415832,581.2021537239726,673.6722181682526
853.7046317873618,782.2617924153791,853.7046317873464,853.704631787367,790.4235255044058,793.4476014704732,785.5935844958658,853.7046317873541,853.7046317873459,785.5935844958594,804.6919513367545
785.0957685385854,824.8270467930286,805.1025986854975,853.258344684728,803.705432284645,778.0505378235049,792.3895552974868,805.1025986854975,817.318557923293,808.3562019947366,808.1701230318997,777.2458357226188,853.258344684737,853.2583446847298,803.7054322846468,824.8270467930322,832.1611439169926,802.5717198578712,817.1185667758253,770.7311315208119,679.5425310048756,793.183314030556,773.7605729494437,788.5742250444621,730.8507594855599,749.0144592947241
832.0067001604848,826.8825604503784,840.9599475214925,803.4760161162029,826.8825604503693,786.5976163242467,786.71313941426,832.0067001604757,840.9599475214961,789.2989544222563,853.258344684732,786.7131394142564,784.1950749193329,806.9553771875924,772.4644133156598,806.9553771875978,853.2583446847236,804.7689446055828,789.0463949002533,853.2583446847259,773.6326919721082,762.9591770034622,685.0032627310953,723.071143007853,718.0654410847079,747.6544318833948,734.9050353462684,710.2201419553851,746.1180741986027,724.337542034241,748.9449130367543,734.2082523580436,714.0267640076693,750.0633883362684,716.5556450333222,740.6245632657339,735.558791007623,764.958594599266,732.1017009931577,759.8634183374033,783.4747180607332,754.8412314175383,765.5716439293933,742.187584034159,783.5046007725454,781.5853822699917,787.4869698204549,668.7450460244715,735.6581143160129,693.1220856365081,782.8473814496317,765.9770106956544,772.511026004349,768.3919675697247,723.7565300154206,731.4892599017693,770.2205807883473,796.4112460862272,759.0745103288652
748.0899548140843,753.8112919060684,740.7471170669039,729.4510240272086,780.2289049338016,726.605459474503,734.9254334399476,853.2583446847216,752.8172785898021,784.7986157545475,764.240406862499,743.0579302000853,730.0816630652082,853.2583446847275,756.8106734873629,752.8172785898166,735.760220092918,774.8783932251646,768.4382269896294,761.039641857388,734.4380462730477,708.2902962214964,520.5749427671726,714.8707856073067,722.6645522814107,764.1462115823625,682.452158001501,481.8317881520991,680.6399604043986,707.667308184342,692.2556967017147,455.8202318949541,714.6258663427986,727.0827791437225,667.7604134348649,697.3519472132509,536.9626365618169,684.7620734732316,731.5830774208778,711.4375305231194,736.6066968361199,676.2949700569741,662.6090653410131,729.80147837041,657.3432782912726,583.6585992057535,739.4330719140532,712.3501627487327,710.3443030418364,593.336240199854,713.9895496716751,747.0023716559427,672.4419772439459,684.2275548563377,689.4745081595236,746.8863019742428,532.3800082320734,654.1311099524069,728.8832404854654,709.4181059938398,686.8075743977614,774.2503752102527,751.8135876838994,690.4829802647243,723.3751420268061,746.937343982585,751.0070761611739,717.939643999697,741.8954304464943,750.9370918114844,749.0841598499053,760.2934699445686,702.1205602608122
785.9103206434919,765.063650787055,774.8952607649671,788.5488614197606,784.7187905033385,777.6526951196629,853.2583446847302,853.2583446664694,828.4617234669597,783.8534978951885,770.572293172274,793.5350452110375,792.9788826786101,789.0717061323961,853.2583446847216,779.1277037881995,828.4617234669743,781.5738154660231,787.6881502030043,774.3956974363322,784.1817698040161,791.0689458527355,734.9208539072288,744.0754778178332,779.9617560790799,750.7202167039796,765.2013887040649,778.2387221266182,781.0668583204151,733.0728234903413,180.30789787877956,766.5845856824894,766.1666146848266,776.6963888772649,746.8731390016661,802.044685085397,806.0414596877738,770.3653581297295,740.2736434881464,774.0317129194652,749.1901559113686,748.1636728547727,778.7054307971887,748.3252674611654,787.5086543533992,782.7001370415552,780.4248921461209,775.4444193752237,769.0569119576223,752.8079700305813,708.6690826236864,791.2133754119365,767.1637425052674,639.828109038463,744.8230865249099,746.9786685365688,705.064498935919,684.956778138656,735.758837192425,762.007458966293,781.6059244240624,734.2671271809304,774.3453894504476
771.490146184539,783.0263512854125,777.8079168943492,770.4575228429991,800.61042382327,824.1630850112228,778.6872675554928,793.277144891487,824.1630850112192,784.6186742933046,853.2583446847298,820.1596888064357,820.1596888064248,794.0319346979004,853.258344684727,777.4626463035462,800.7282734272367,797.2238297183039,853.2583446847341,805.3513140433697,765.2592485299043,784.6784390662301,733.618265773874,744.0311716443641,725.352786027505,609.1583135213561,774.4812828878376,778.1759105985207,758.0388938414786,771.8328801385497,755.5252219932966,692.6776045748529,730.4312903672082,788.7693125562535,780.2297093857225,779.7718018190939,769.7009543163838,731.2808925686646,778.7886751767043,753.1016689516933,711.103251129537,759.0842329651293,760.2745276305582,719.4112957156608,715.7403298605432,735.4721140914935,670.1376456965049
773.7171462477035,853.2583446847304,821.7371564345929,823.7647935765413,853.2583446847257,853.2583446847229,853.2583446847282,777.1204743856534,796.7515047410208,805.5623869628016,775.5963452388349,821.737156434591,774.356908700487,762.6143882415118,823.7647935765413,803.1003057336053,783.0901711442995,853.2583446847307,801.2935625873666,784.8385952723685,649.6309618024376,752.4433200590825,766.103279446308,741.6927827077335,763.1434311967097,703.7908511129303,708.4111553988605,741.055641447905,727.4679623896626,792.40675105306,754.381005517226,727.698225837735,709.5105160625141,768.654346451496,741.7730541311872,760.1385568866109,730.1666834457116,698.7103258402939,-689.0877753699065,750.6816562011535,745.2874525037156,736.7549060858553,758.8235738800296,711.6311336528419,709.1438696686221,737.7005400235776,723.5448356587018,701.543530177859,721.1077248934514,642.7546390010247,754.6523860022551,759.839591138855,694.7751437661957,689.6935553092629,713.6414734415854,703.1145232553343,666.6399950449093,732.6488380441057,740.5658712367378,720.8997338828896,711.7812687960303,733.2491010658968,733.2170712071,740.4503224632674,754.9179177648688,737.6910335825977,736.7687026387929,675.7107818057706,703.208275894783,693.8391468095771,697.2533783564121,732.885873205743,684.1679876581493,632.5350425660596,731.7716571216533,718.7804077330037,730.832087788216,754.2702716596683
720.5786119107235,853.2583446847311,750.7224933678033,727.792114669512,799.0928694046955,719.7165355314331,753.932532971018,853.2583446847118,781.5721989391757,731.6338736465972,731.7594917721811,747.2833385660176,796.9470334469664,808.4239725448267,735.4657104678475,808.423972544824,750.1839897795729,770.2947166206411,853.2583446847128,732.420964345259,779.0656628537697,725.7201213885841,719.1370120262188,709.6668416454829,695.1397643019612,689.7827681142983,683.8457605992362,701.7220463474439,644.2972914747232,695.3621592757066,693.8701633130152,693.4834491325895,716.4797453329236,553.5716219927757,715.1364211881771,641.1932464533465,701.699920808282,724.6878411801785,692.9929528276305,712.9921168784916,733.1504446142806,709.3201585340415,693.4116922723564,715.4465092815739,715.2285064719588,711.6790208060023,702.719496785383,698.0462004915211,700.4866196295133,697.6262981050189,720.3810844958679,737.9183192128019,687.1510816938369,719.7952929471816,687.9201461948809,701.9771071948321,637.2541423614633,728.1210620739255,666.5109730959507,715.3258330874203,678.5649756847606,697.5813417598614,709.4695426061318,657.407927855715,593.5678128738782,755.8711602192041,695.849270549738,724.8378668942299,705.1672305948184,675.6572033241076,710.8293481983271
804.7450710810431,771.1707759201913,853.2583446847348,759.2331878743632,774.7181669768831,774.7181669768804,775.8298434522762,776.2332119052342,853.2583446847302,757.714894715518,776.2332119052351,792.6619665702988,781.4151633068101,804.755318199173,772.7452439422873,770.9811295637534,811.2354573763378,811.2354573740822,795.23295252793,782.129952410094,729.5661958500208,735.3657142361988,738.9047238656909,758.4976136203063,670.8709909168447,737.1588417773061,767.4206377196086,668.8461658008198,679.3199159585165,730.5586204589373,666.7854727035271,722.3435849604795,766.4261895828754,733.0141514421912,703.9137831988722,692.5667287256568,694.2554566659298,680.0675981943795,373.18293384200575,729.1224445209943,756.4185668848728,640.8358934768991,738.3754534240214,710.2607750757742,650.4526011488776,758.9707467856725,717.2757387644137,727.8344040148651,718.1631386288997,684.2945004331818,732.252403635706,746.3240540432073,730.8965303087888,655.701000598681,691.1661220547176,766.0421112992585,745.3612786516203,732.3968154822356
770.8578156990004,797.4759124376196,786.9300680822016,853.2583446847229,772.4921684179262,853.2583439976265,853.2583446847295,795.0607636311057,778.2407618950945,797.5999437320176,809.89244558101,786.9300680821925,813.35626372904,791.3737655913701,809.8924455810136,853.2583446847302,853.2583446847307,795.9534220556689,788.2242238673595,795.386787507814,785.585174860541,629.4844833031858,766.4903590946794,646.7841751186396,778.6623024471019,723.1705206744688,728.6276958008424,794.317408246874,734.9681117886508,777.1064287307727,734.1096298617382,776.3201185860277,713.8878950633707,786.2964209099906,694.1578698313454,789.7839941661969,781.569415785063,642.0698611949028,770.8831132548577,648.2331510101756,742.8143393647757,690.3973948388904,758.079787383124,695.9469687976748,758.5642163856767,775.8383084314491
787.4145297142273,743.2939983206503,767.5951552190928,754.5205197349429,802.1757439618357,734.7188064073131,773.2567299024014,749.5578107788548,810.7554670306486,780.4988696225756,853.2583446847357,853.2583446847284,727.7381248215112,853.2583446847277,853.2583446847264,853.2583446847325,853.25834468473,783.1485747814792,802.1757439618284,810.7554670306504,519.7918541029819,691.4863873627087,731.8113297826845,647.4751559949751,493.34530264453406,663.4529728809654,745.3197833292103,748.4212394905163,685.3949801960495,716.6847212344674,745.7725278633667,712.2864718161442,737.7769020111242,719.7229957427802,539.9100121312981,729.4757697873989,707.5988716185881
826.4488184605061,853.258344684737,820.5962786746691,787.5129740618096,853.2583446825994,802.8123197431515,853.2583445282941,824.3447440098753,853.258344684732,824.2617557602896,817.4183143056388,853.258344683509,805.9496185734907,853.258344684727,801.5875913751728,805.4249245019527,809.6831896787081,827.750079478769,820.8775243298779,853.2583446847057,822.4061726673102,823.9482245394457,817.6192932596982,802.8421858001714,796.8338984117051,738.0922775347154,772.1009471477026
807.0830754234091,793.8832670963204,800.7295206347517,820.4000578970517,793.8832670963159,820.7744588083003,796.4265817448986,805.7990532161598,806.8916968253205,853.2583446847307,792.4390696194075,820.7744588083058,817.576226601426,853.2583446847309,853.2583446847234,809.6129433741315,853.258344684727,802.6209546039281,812.4183717263621,853.258343027101,746.7053838796428,807.8673399883725,784.5321314391751,762.7227886216376,767.0163457167425,797.6151598595019,734.4481940242948,756.9814203931621,741.9121168065628,774.9793126330248,791.8730049565359,745.7262123217731,753.442282422169,789.0137185090041,795.2520650874557,799.7176721799839,763.8092571244047,761.6587976224986,795.4015774949473,759.5297902423017,726.7895293780665,792.6775754324779,742.8708241731766,718.7478343767372,761.6964007802576,771.4149027962965,739.2111810401561,765.5300771923074,732.9670064650929,791.3615776058375,758.93097214515,735.6783268846491,781.2198098138862,748.0886485499955,787.1126367141737,767.3003106977719
721.0830748099465,743.5119362689516,763.0672127971486,730.5451145686486,770.1305446950084,692.661887227224,804.1465874553784,761.5082064691771,804.1465184883842,731.2614111979433,727.7532103313556,699.6492681520067,723.2610437451899,732.8053219538829,853.2583446847302,716.1731852704897,853.2583446847104,724.6951988207671,761.5082064691753,748.330387483295,637.4405734349898,575.1732161057046,685.7638654797079,597.9127436796456,601.8385836867204,232.39418055225505,711.5811426098069,632.9465429593279,702.1643012710742,707.0499493909452,673.0851828608613,659.9391056113437,696.5546920098959,596.4864613106574,634.1844471984139,666.9788019987939,724.0313233944113,669.794636903966,651.625360943843,735.2647223030771,644.1850197488266,645.1237549874743,715.6025860988182,692.9050710452916,539.1991670412374,685.3990048437649,589.8442340126678,708.5716262784167,441.1502685372153,698.0783691952552,686.2865752064554,647.7512950021419,625.1819471077952,609.2558012062931,680.472122654681,690.387733853026,622.9041443457191
754.9434360809935,715.7187172520042,779.6957823071817,751.6269715396309,801.5701248828908,782.219059509461,853.2583446847233,728.0157209193165,801.5701248828917,758.3002331629151,717.4180059604486,761.8860407458234,707.3236118300891,853.2583446847284,779.6957833353255,756.627574306349,719.4094010419102,751.0471131331658,853.2583446847298,713.4808712944376,579.4763136728288,663.7375087093186,662.1350034801964,720.3535558943839,731.0255133860326,649.9941205474378,577.1869147743473,649.859690572134,661.1204731175565,659.7613869875707,721.8438389595478,673.5454247532449,629.868990016449,706.475306149105,688.2370273304268,679.407041070567,661.2769393375941,593.653588029635,593.0958329904677,740.5476286623859,560.8866775097326,701.7720716957373,702.5776134660463,501.1143831500892,673.4589795014482,682.458507467465,618.6089269391133,697.5047423085308,696.0458406257211,733.9833019519509,646.005512274808,635.4886274069373,740.5856427070764,720.2560941012565,687.049601788347,730.5517584104296,736.9837731154892,689.8232157844863,669.2605462322771,589.4180675690214,740.470556891049,705.9495509834785,689.8706328116865,660.461821607752,734.931579723634,744.5164738208521
792.5905462068796,799.4694156875521,853.2583446847354,820.5777714903405,795.4438363021017,790.5062795890309,819.6323517870849,759.9137764219163,790.3587439577833,795.6902421220161,761.883592538761,820.5777714901004,819.6323517870885,786.6483615719317,793.1693585920148,807.3788212989914,788.3809086836526,807.3788212989969,782.1060717471923,853.2583446847295,762.0085034869433,752.5683108439412,764.8779167470857,700.2921305655232,721.2179491293484,773.2940284445776,768.2894976503075,744.2759743804353,756.8141255759674,721.0964211253213,736.8052737555918,673.2528003712615,749.1981996184222,735.0220838130061,759.4669364261395,720.3233200874116,682.9612338269299,583.8447953151317,648.0746453028859,720.2081210217397,641.0643518364727,699.6871705155528,753.2509920963598,710.8331705137477,722.147988533869
802.0260126080171,853.258344684727,798.6393604538725,793.5598463842932,810.5478521365991,776.476306554745,802.1561430592781,792.5042982039446,853.258344684725,787.7019053416349,787.442974231866,797.2290021260353,809.8337059533166,798.6393604536743,775.2869489906257,797.2290021260335,788.7217470929991,853.2583446847302,780.4152985558476,853.2583446847311,763.2264435365771,608.0716018931851,735.5276187478705,698.675423392708,685.8092782758822,730.8592348593487,731.0460058867212,795.9749428081054,771.6079005736474,811.4428709668181,795.5746423622388,689.056195074298,772.4310755459176,731.0836471319326,782.6698776315951,661.899900537762,781.1418502667065,760.8134792071066,743.7316703340998,740.2631958072751,778.9033569710575,682.8909679135936,778.8122297910245,797.1395703309237,700.8496686512026,696.3441347048306,768.5796571772046,701.4693999359802,746.8881685733447,780.0684303216184,787.7966794830289,769.7861615778663,734.4878131005809,705.4603070921078,788.8977569461018,688.7088485284954
798.1759136209116,853.2583446847298,789.8967469559012,853.2583446847225,762.4083538292091,771.2850146029252,807.9360849007833,776.2927801589259,811.5429946075305,779.7295501733553,782.1562201017824,799.124931426765,811.5429946075324,798.0639298829835,853.2583446847266,853.258344684722,799.1249314267504,798.1759136209116,781.2066447402532,748.9241101378595,712.4527407254355,658.7538359825168,743.5544780912606,244.0272727680034,272.7974538052351,284.3534298610054,327.1747234537881,196.81605407050532,285.83290078324643,244.15857065655945,224.81478754477047,352.5711280467679,278.84388287254586,248.8195635879403,277.8524316708622,254.34696503362483,280.20633263393137,242.31580113379567,296.73614225727687,380.86606401979435,266.47217393324496,299.58277379034024,178.66488698693794,242.21704936757644,219.56730432157025,257.5304516666867,239.79435485964473,235.67415208334404,242.5161104656384,157.5275786514287,300.8507776177141,236.9444134965899
853.258344684728,777.1294043633685,747.7052731118469,732.7978076682449,853.2583446847334,773.9834749915414,717.2918125796415,716.9668689302708,853.2583446847261,745.2771957353617,751.4833774397661,769.0345061986633,764.3911762236851,764.3911762236851,754.4493689541508,758.3735385552828,853.2583446847092,740.9625759677039,722.0039615041397,768.5976593333204,641.8622639320257,648.6344939922672,642.2404351410629,674.6644826417839,672.2482378763556,618.5880147202644,667.1597160914747,715.7222118298802,703.2094030653767,679.4127453196961,675.792740251444,687.153294191721,673.1194114033061,672.3170156474663,634.2496216709079,657.6594133497642,685.9357646546783,669.739348615774,594.3789137222949,693.9085675137591,623.393114873019,662.5583090397394,622.8537601592926,617.936676253311,714.333117279819,710.9196631142319,654.9074273738012,361.82189750209193,702.4313731008073,616.6235274273262,728.5171630868095,713.1561581938433,663.2647083679186,649.4121777470561,623.5359351347563,692.7142318213407,665.4862153015441,719.2621983990445
853.2583446847257,668.0152956718948,704.7332031918086,797.1613768141654,696.4110274097284,643.5279681834043,729.412039004679,780.2607805726835,853.2583446847295,853.258344684732,797.1613768141644,785.7096850274426,745.7359551592654,749.5054176096837,853.2583446847293,729.4120390046744,777.5766151973645,853.2583446847318,699.5859809975382,675.7344956166244,618.4984766115053,630.7080071112701,593.0265504578649,637.4289483650668,638.7498287223734,627.9341979203848,510.22789761053275,612.3478859282658,669.2914820909336,670.9712635881792,481.9462599343701,708.0936559552415,604.6456118361243,635.6279179973726,573.6402447425435,646.4979652215709,658.1019916923581,664.7464191825145,615.9191812474861,705.7929941092113,630.6566931642834,676.2009799278883,471.3399150332071,659.700278179711,562.5108194870036,686.2790332794784,659.8585215092307,514.2878086999623,626.8204606538992,704.3426960501824,623.8293819680875,666.1447858603078,697.4738761845298,657.0229730606482,589.6185299909562,746.8239838834246,597.2863997056108,722.4456647507396,766.4176038493815,685.949510737087,661.0306904792146,674.7898089864448,669.5162765734266,522.4425277919545,567.0671363178626,359.9859177138458,585.4938415471232,636.3163492407373,658.9589014985523,572.515082447736,582.9281456876006,628.1833227793962,673.9752993363975,649.7192747912709,503.3859338191733,503.3658394118035,285.7441911022251,499.3618365223891,522.3712081655112,622.2366991055993,469.61013226794245,689.2792275800102,674.6146575334934,627.3643380726182,440.8458451787363,700.2144200125513,665.619856570837,633.5300935779942,675.4093524171776,749.1948415022912,587.195388049563,696.9210589495415,619.9915007551393,591.024613410776
779.8810260285157,853.2583446847284,763.8957658186316,853.2583446847316,750.6432891323026,746.4953452545458,789.0629568304175,751.6778562283095,789.0629568304175,853.2583446847352,756.6177261116233,773.8052321303701,767.0515073171724,770.592135355938,791.3656502173199,786.8860540646663,789.4086662812667,791.3656502173199,763.6820709702013,754.7771863786691,724.1637679505872,734.0410907889851,734.3354925714199,751.0302512763799,740.1074203676442,670.5184119727462,751.2503063792753,725.099431785705,669.3875573297856,599.6078392938176,718.2272730863921,703.3310992759095,659.487926721079,599.3385653717166,755.2080534055344,732.9693101813641,721.0732276447186,668.630988555107
751.9400291422164,791.5626855505191,804.2781082736567,744.1195044635562,732.1424036325665,755.2434069756724,725.7483906874844,813.8469534196403,752.0145004313126,780.5929044340261,748.2632299509538,774.400407925779,853.2583446847248,853.2583446847248,853.2583446847311,726.6313540066216,791.5626855505191,764.1866820899837,813.848176636223,775.9850927278818,729.1170538583455,670.9575091101059,676.0420246553709,662.9965041411422,602.1263779890769,682.6880710488871,642.8065263669272,491.0640598123143,666.1818263155956,615.9464498144001,716.6069288674053,662.8812715619085,654.645166180448,732.88122508852,673.4979706006623,679.1058280618356,610.1969621915906,726.480544707749,733.5902952347597,727.4168006965429,718.435818124606,736.3434714262779,202.57514472181745,623.1192511511723,645.2870849882149,674.365064164684,640.9163752744001,671.8171197938713,700.2878709842385,653.6343214406423,672.0695463414262,704.7700345014761,744.4220402116841,679.1459731271018,703.6132275609349,697.7800110709398
820.809090280289,853.7046317873595,820.8090902802944,811.5281187221079,826.3426107300959,835.8967255309387,816.0186873608844,853.7046317873577,835.8967255309387,853.7046317873609,826.3426107300959
853.25834468473,839.535717602985,810.0625884332334,817.2992776062872,853.258344684727,795.5212808213404,813.5229976662697,827.2101764662561,793.5603145143239,813.5229976662724,812.2223772478993,827.210176466258,806.0299507992278,816.9409809876947,818.9564546398495,816.9409809876929,793.5603145143202,811.2313057581621,853.2583446847368,798.742553002909,743.1368858830987,748.0339719524792,644.7807668379049,754.3750369460851,801.5724914833103,763.1858988030257,782.4771630382197,719.8238887922836,748.0846088296138,770.3112947868088,741.6288887609585,765.4314768211516,513.8389649346376,763.798448492969,767.5534734630633,748.6046816000495,776.6783700870752,736.2648289820066,752.2444016786962,749.7496358549912,743.4993861000054,640.4941683547163,782.6006188558898,689.5554014202512,558.5702057331386,747.9087307964428,772.5561267060361,728.8807920288168,761.6998020422292,740.7201739298687,760.091193224665,716.9368010600544,713.7175858212704,784.1002083141544,763.8894618117414,734.9242937371531,818.6985829892491,728.2948192771366,782.6597636244373,792.2481038983555,802.0996194788407,764.3637727396227,703.5458931589349,799.8161112825367,762.2814324554287,749.143539714735,771.8561798875455,783.3408167569353,749.0770924330841,745.5219212866774,744.6719080041504,793.0900176747301,831.4843031200576,762.7919479528449,749.8175331825179,776.283220163254,803.3218289479456,801.3964253309508,755.6564034562515,748.0877201694558
853.2583446847266,813.3741647149564,801.8846843537456,770.9624055215924,853.2583446847325,795.2649872802485,741.6195631374615,801.8846840166977,797.4915800508725,756.8133094268735,782.6048026904465,764.1011579881203,797.4915800508688,806.1398347936354,780.5252522803154,753.9191614321937,813.3741647149582,786.7720217594361,853.2583446847311,806.1398347936436,786.4907619403743,697.4157108365504,734.3136829413759,680.1410578444495,640.6484983543307
766.1091148686716,853.2583446847302,809.8362442798605,752.8834086581579,826.1067865759103,826.1067865759085,787.8954570046227,773.0882395820732,775.5946440027016,809.8362467788181,775.9964946104539,787.8954570041343,853.2583446847192,791.928320949448,853.2583445904638,766.362483599389,783.1321237250069,757.2940531145119,751.7307894406246,779.7248807880043,559.9489080922209,758.4324154789948,694.4208814442169,779.7986589838439,742.9189090057223,737.9993288220176,743.2157618908656,755.8821994163898,740.2933575569042,777.2664659687754,753.1059627272946,742.5137575611928
747.9703835132009,802.3842230740416,814.072697562132,776.166317455157,853.2583446847104,853.2583446847293,818.7161850348414,797.6400003745849,819.1097201861913,813.3045937870149,811.9194767053278,801.4386010257822,853.258344684722,762.9305281007478,853.2583446847298,817.9299192544361,774.6211321089509,812.2752539668592,801.4386010257804,814.21792476202,719.731789242604,719.604716222599,764.0862128417767,721.1193220016187,683.2371292105836,767.8653140310099,690.8591459585962,750.6228537680108,761.4121519061629,739.1768261615787,703.8693438869941,764.7875842818696,813.4065111436223,732.0124844728712,743.3426123506812,756.556789441741,687.7023732707881,706.0330359217011,547.7179404523356,751.386559989479,732.128866281088,677.4121621199581,747.4118882803452,748.7511014137672,762.5523555625829,772.1582296142815,719.097942217185,697.4446313221026,739.8678025585832,754.7972019118329,692.4792396681609,616.1787786485975,624.6289846885315,750.4156969705685,803.4446148209346,750.4352211082152,714.0574411473704,690.6553030506268,783.4897781438567,772.6228549465627,750.7997824102682,755.7029486649631,761.5391948242427
790.5861248292508,853.2583446847243,811.247248011437,776.0056023980935,853.2583446847339,853.2583446847332,790.1523801173893,825.922859296202,806.3209675332307,837.2213150541844,773.0921406118981,799.473199192042,790.4555560938198,771.1270293106085,787.7676827302843,759.5085792366239,825.9227670702742,811.2472480114334,806.3209675332271,797.0388668319392,-301.88782263659647,700.0152844609503,746.4424111469783,741.5403243041942,693.3278354923044,753.3202042766283,652.1473121698616,792.6996141691467,603.2055711328643,761.4760580191158,697.2073772747367,747.2624305676679,763.8033108215199,727.3749888163251,703.3706297730051,727.9500026240565,679.2621362774323,705.2017674836895,701.7362404607045,700.6732896504759,717.547787901121,686.1837423003067,752.8579054217121,767.6763026798699,686.6696665515088,619.7934638094439,739.4353684646105,772.2897799275306,764.6250290812977,770.2864927213118,731.7125856626758,711.8394060602753,774.8924233793623,743.652099692265,686.9596655652075,741.6206435825775,697.70440390451,628.0956030639514,716.8234378098941
787.6842826326375,807.2294869315843,779.7015214682946,800.4988255160521,761.828411235819,853.258344684738,853.2583446847257,825.4703528961495,853.2583446847334,853.2583446847309,829.0182613412353,778.5237391127314,777.349922274194,783.7392696025883,794.1541751193778,776.7593039483764,819.6362495392469,825.4703528961513,853.2583446847261,818.3030984898479,690.6185258320462,791.3343004912108,690.2095399838737,748.419433846037,675.6779455576012,816.9073393238933,692.1747356886992,745.3709789476512,741.5034618843258,768.0383022936827,646.0876512255123,768.5046320291559,765.0626358815524,777.9584878445995,802.5292876249688,816.9923975412644,761.1547947733403,736.2561381824519,735.7409965150769,794.4213975355635,750.5275852829088,743.5748232167389,753.1486783305816,708.0112771649045,747.2284707009044,756.3284573808654,722.1803344324056,785.6647828234363,779.9437233126981,762.4880629358878,726.9272195024141
794.4686922899742,821.1431815322445,811.7051396233837,803.4436010071832,853.2583446847252,811.7051396233874,777.4010196865316,816.5487283439545,815.1204838498124,819.4935928402381,853.2583446847343,853.2583446847298,796.4211476716529,801.4454682674087,807.7145568519612,798.0482252659109,819.493592840229,815.1204838498143,797.5422826086163,820.315858754953,771.0128702331208,750.3132887088478,803.8833380953246,729.884670573954,738.3232682290541,750.989224157483
765.1378431851579,754.7320731194947,739.1435029758541,853.258344684725,734.9981337153387,853.2583446847302,729.7914241950921,753.1740999144787,734.3826455918717,739.875566228083,754.0936204098989,746.0271740168452,773.8589223854689,853.2583446847257,853.2583446847107,740.7842091578224,762.7478574827347,853.2583446847307,753.9031924429344,744.9921151639746,704.8815343650386,567.0982507528516,678.8168810183616,710.6556102425538,663.0704439153367,567.8669981770199,384.5594737902794,713.9097003295171,509.67992257844793,717.8148368900206,731.5304783752032,564.1939340082172,675.3643340741477,735.0300450326762,621.0715812378095,726.1850142609011,709.5482817763396,367.09812569236067,696.1053725480107,746.0900467439092,717.3257688386045,677.6149715937659,716.721700982758,732.8724004261879,667.2801096552002,698.8598174345076,643.1604625960505,512.7059965828595,757.4234432606485,727.8869145375274,690.7615393223032,751.0554523939828,705.6558409485872,747.7183835479163
772.4475022484551,723.4135157219794,756.584789106841,721.4025496683554,853.2583446847239,783.8607177742665,712.6087317099692,774.9171144130139,783.8607177742665,772.4475022484532,754.6747574539453,728.3805428111992,853.2583446847307,745.8658217717524,724.5436567397575,747.1933697900471,755.7280714610791,774.9171144130084,731.4094180136691,739.2454450309145,669.9460118410558,702.9182256514382,684.5874357179264,656.9664464156535,679.8286826559988,638.8790650122056
789.2662102517918,853.2583446846783,802.2589330861748,765.4073921362789,777.8502480215743,788.0678451999139,782.4183654296004,789.2662102517891,765.857885772015,773.260460025119,807.3977320708425,768.9641048263686,853.2583446847398,828.8658586185097,853.2583446847304,776.8592338145137,770.1082941278902,777.5992964851525,853.2583446847302,794.7173861007888,728.2614034421323,793.2317757998235,754.5426921702407,744.9514521926558,693.843268268316
723.3907826758401,736.6353660511762,853.2583446847325,709.3213276866683,698.4652824338169,777.4267450383109,698.8966013650294,853.2583446847293,732.7689874878558,704.831248508323,853.2583446847366,733.857339106337,777.4267450383145,724.5258420812667,724.3292729927317,724.9470518008512,722.8366164791697,701.0630717892951,853.258344684725,853.2583446847291,563.0224358364084,661.838198431435,625.7224923202656,657.5075568100839,608.2557776352393,560.085690626727
853.2583446847307,805.4493576840867,853.2583446847098,812.4118142515653,746.3592425097719,707.932057354508,853.2583446847261,817.3645913013756,805.014612595517,751.1520666580114,853.2583446847384,853.2583446847311,810.8181214951882,853.2583446847368,817.3645913013793,853.2583446847293,753.3419099889048,778.8853817584996,785.1886590611322,747.6484115125874,728.198069111916,690.7078231540604,748.6286237414574,751.563644149062,756.763309342292,753.4529918385871,651.7886957229099,752.2958347992293,723.278459467588,715.4960464561315,712.2106476058092,730.1522985838203,749.1035946690871,766.1733360770581,729.4468151697863,782.7859101685171,726.8567263396824,709.4890935701811,666.8372903392942,755.954422810789,749.5222341393762,714.4762408882112,724.6469479994363,776.9722163812474,703.4965592254024,672.4395911283306,342.40694269910637,730.547037709975,617.5234757380682,725.7332505852183,726.6512731893094,712.6381227885053,747.8319593168284,722.5803884511806,750.3466332371703,733.7437780013913
763.5648944945966,719.7864189428689,853.2583446847398,743.0653423290238,752.0800176652916,853.2583446847343,733.4702697040535,746.8863960403738,739.3837542317393,758.7507917179717,739.6419338288721,768.750704114968,732.924917104216,775.2522074735331,784.8137859816412,737.0597700627718,730.3096215744532,853.2583446847354,853.2583446847157,762.3721004890366,720.6980961580463,725.0509712085801,735.870004814075,751.7122713907771,722.760871660255
817.8169707474623,808.1746484531706,787.0205783179343,806.7818711545061,785.496706027433,800.351548249382,853.2583446847345,783.7548651219921,853.2583446847093,808.6182368200353,781.9272194944432,791.4950033457353,853.25834468474,817.8169707399971,818.2087212799171,853.2583446847361,853.2583446847339,777.5067419803995,814.5960672696311,806.702715018565,803.6463603469981,733.0883372378596,776.2230031227838,687.3817759732326,774.5283580604902
773.3232130973136,773.9674165596931,853.2583446847243,732.523899734327,783.5465238411018,853.2583446847275,853.2583446847282,760.3665586749227,774.8684835288694,773.3232130973054,785.0304309945889,761.4575291248823,753.5523361139766,755.2976576338463,774.3294218047539,757.8141852253377,773.6926050037815,853.2583446847266,742.4874134131138,751.5185855030464,741.3202504189572,715.3731131411672,739.2552580072947,698.6792560539739,645.2296292932643,615.9988554822945,666.709230860258,651.7430339497338,684.17263029966,707.2174244847181,693.5704334444698,703.7214814213002,695.0209417771982,689.1306368563744,628.975795108925,679.40590432333,726.8549194865857,681.8171338784822,722.8360490008404,727.9840216549173
811.2491802396194,833.9463716102355,805.3372159394139,815.9601312386599,805.3372159394112,820.6473243864586,818.4554079981569,802.5796948084189,787.3456266451135,833.9463716102373,829.5506288570714,853.2583446847273,820.6473243864568,811.680808738785,796.2512394560758,816.0637082467107,853.258344684722,785.2029643235142,830.1320430613223,853.2583446684102,769.1575207670029,659.0290429198989,728.7398836066842,784.8868930054019,738.1988981356894,756.5205489202622,765.7510166659383,744.8342873203792,796.3585906348046,735.2248012978554,800.0916748864586,747.6765882035556,772.7761250581042,799.3460991859288,768.6389171766738,784.2053952370542,746.7076336782395,747.3780926931204,786.0301058114433,773.947970276897
790.4628293440011,784.3625914408024,785.2160775205558,779.0460643089738,766.4648234164672,769.6715080526167,779.9820234231871,853.2583446847168,771.2198739786602,756.1816443734195,775.9607370414353,798.7915498806893,853.2583446847325,853.2583446847334,853.2583446847318,775.2255811243506,853.258344684732,779.9820234232635,775.2887515166851,803.6929145059963,770.5476123742703,587.4230824778549,739.7448167894814,764.0952336547582,722.6474241866584,535.0279147571224,688.2286543756638,656.7015381315209,585.70121556612,715.302634764159,700.6945251947395,788.1296846238113,763.2780704555619,770.2209124183366,753.5748834223862,780.971166903758,603.8639294737181,583.7067784800901,767.1501268554942,780.9857003613181,303.0594865642139,766.1001079763339,680.7708828090587,732.0471403332824,694.0903399804079,393.8260662231585,421.69544744718587,100.78473783697599,706.3776540173172,785.646374657472,764.1242116948827
744.2790512374049,734.5413530832918,853.2583446847343,710.1759959213366,699.2891741654543,720.9176242102361,853.2583446847149,732.5663867050359,698.4514449452794,706.4611990530542,703.3146188649329,705.6303190463557,739.0932125559384,744.2970404598173,853.2583446846907,717.2564522472567,677.3585832319553,733.7904805210862,717.5142887482356,700.3860504758208,686.5932489039262,617.0345264015508,643.7048705434017,615.7200260850293,703.6243461719353,731.3013711795918
778.0299435192843,798.5022376565901,853.2583446847284,787.1067231390313,794.990635945738,808.6130677388156,853.2583446847359,853.2583446847229,798.5033183948086,780.4085832677935,803.5797480570978,800.9882753560444,853.2583446847302,789.9060457904376,853.2583446847298,804.4314610515736,800.6407047153062,795.3275745061088,796.6240039997244,810.0212925926954,748.9171601057266,798.8519539815297,703.5798516220957,713.5798176715349,792.9727048799956,687.8904003503698,747.695056025679,746.146621512247,740.6532412729782,751.7455642567563,770.8833358293429,743.6159253457727,789.5438925209306,790.1787873786849,749.8000685514322,783.275834448115,776.2391577626887,723.7309987851419,728.8959747877334,721.9426278565719,791.7832698267081,768.120202230884,721.9207473818802,817.3668199494324,729.31150784937,759.1515793611165,771.6201633606903,797.9810738561991,650.1977684706916,736.8055624656496,775.9908769591134,732.9742520121189,705.4189810262305,771.4949763805478
816.7529281546899,815.4975750431545,786.9137472495653,793.996838265,774.4508796929789,853.2583446847304,802.7902805797838,853.258344684727,788.1452400056727,808.4731863203065,817.4588722204843,814.3818703027824,781.4043350518899,853.258344684732,814.3817293509179,813.54347485403,853.2583446847293,802.3530589734396,815.001738613906,853.2583446847352,742.9378170819376,751.8462443201747,745.4446597330241,762.1037679291176,761.9518371246066,796.6538004191278,802.0357732128664,795.8402295044439,759.9274361160931,629.6720342333239,813.4201868080435,793.584649976248,714.3640026323919,789.987086968044,780.5248416471435,788.8922058884763,746.1814443566358,745.8762833194936,780.3635128497334,726.3343787596785,661.860736631001,734.9943235238678,758.1609859579044,789.6344254230984,758.9653979948926,694.9391073187702,781.979069671957,782.5573019435809,793.8058045665707,771.4326028079056,743.2407563634055,740.9716368325807,772.494069955644,770.2905373094115,740.503894178002,753.5708551220977
751.2868878749849,783.3393691724785,853.2583446847275,747.884793118336,853.2583446847407,739.318381350287,853.2583446819087,853.2583446847307,751.480339721263,753.3566689696296,748.643524019321,742.138166916331,853.2583446847393,853.2583446847318,827.9160877582178,853.2583446847119,764.4496332426951,724.9535774829006,760.4979899439155,733.9201748875454,718.5194259275858,733.40364085987,675.7083329209889,691.7311164047976,731.6021029520199,600.6102448299287,695.0320285707194,637.95680151004,750.3069419366675,618.8311615752724,681.0434594844617,622.6837902013439,741.5972491252284,572.3437351485948,689.4863601720032,596.0517600083328,705.7596857953566,683.3441293857048,676.64399327784,702.7936147971352,737.3348289976001,698.4623076835077,739.730078315403,681.5497908880885,644.326524931838,652.7503917494358,678.0915723426984,713.5445827256762,749.483250948021,724.6817724789041,646.632826022221,737.6254691856972,614.4505905752748,608.3283824828433,659.0336096526123,718.2888589872663,668.0786184372325,732.983961995838,570.370670755793,674.9445669021505,673.238887032079,743.7647352108241,694.0755031769683,663.0205953671915,669.0828234056927
781.6949859527277,787.9637944935859,786.2216088643737,774.3186495037181,801.5273422982589,829.2002131591162,793.0603088235276,853.2583446847316,829.2002131596691,782.223542008781,853.258344684712,784.323791887841,782.2397296757835,773.1905484536936,769.0710975918246,773.6714329067272,801.5273422982625,802.4784252430892,767.3745572430671,853.2583446847239,750.593679127379,753.3684123844606,743.3150809551043,757.7392602312864,723.4901021491567,709.768751588388,772.9850347969704,585.7242352547195,753.8164970946578,717.570866242067
761.0990848975752,795.446775406554,762.8587975206175,758.2900323070158,780.5364522259644,768.7925291744613,853.2583446847345,786.2083413618054,766.1302791242775,767.9918266946785,777.8826707113786,764.5682032419377,853.2583446847366,853.2583446847343,784.5566203336085,853.2583446847193,767.4656427159243,768.934895519709,767.4559123009938,774.1145683409984,650.5577949033653,614.7884894511334,700.3729172383755,760.7114909180945,697.7147643827435,759.6348402072762,698.933603137232,731.7462970196254,740.7799688326959,561.8523415098333,671.8387501220539,650.2094064460248,723.0018909190566,641.4147671739387,455.96825649348557,713.7909904368322,742.7378615695607,716.4089839484875,744.9162229401646,668.8278201435746,749.0983102050393,670.5743522232392,672.6780261957254,703.0303941563172,682.7060631340034,674.9159598072721,700.2543189707544,698.3389936784777,759.4197724497936,576.3389057591738,759.615584294557,674.8283264103826,764.2948264806437,674.9919609988243,593.4162728102684,641.6683138308454
770.1373765535365,775.0307469432491,793.0286501928705,785.1088547541426,778.3265040272695,773.8603322177753,775.2675752008627,853.258344684709,807.9451506084,853.2583446847302,767.7715676177611,785.6692272453448,788.7369218210074,853.2583446594364,781.409688038984,787.9330233564813,769.5348718945232,755.2225027445597,791.335284506776,810.0539797639867,751.6072273376975,772.2634266747942,784.666470372331,762.0610303511779,764.8370683241358,774.8844791431517,819.3687733357384,761.2484427602178,718.1053019413223,797.5000398346534,794.9907657607539,783.6942605792858,764.2835220494409,724.8755902814268,784.4314106226939
