23.960296114548765,25.535920772560118,25.082805216885827,52.635443459769306,163.64570243745237,163.64589942652248,163.64571113429565,33.75439625142225,163.64502487644614,27.022388567975344,23.380589103412458,163.64526590741593,33.754397205096566,23.870425255719187,26.554877358973155,163.64633922405767,163.645761426045,163.6459296491696,163.64620671570776,163.64559184638182,163.64567473683712,163.64578227323733,163.64541674103316,163.6457520715648,163.64557456538017,36.537033602860106,163.6453099467368,32.622478554744106,52.63547397734743,32.62247855474138,36.537033602860106,163.64614050076193,163.64637805276777,163.6462275484775,163.64387416079114,28.427759555542703,32.66284936840242,26.55385304511378,163.64699788214853,27.482959457581952,32.66284936840606,163.646442613153,24.90844144980692,22.680007981102012,163.64677518192235,28.452416622002467,21.750007855512894,33.49324507336498,33.493245003816504,28.452416622295566,6.171614032639944,-10.829188076594825,-50.35079783694537,9.821255109232329,-8.904479360291056
163.64680753383374,163.64710720748604,163.6471711525981,163.64717407349855,51.08066731679338,163.64675824796723,35.00254135124588,163.6469621454392,163.6468389739348,163.64689835573972,163.6471811389788,163.64683199865232,163.64701000836345,163.6471000558371,28.351696486047423,25.106617272264756,163.6463806121272,163.64693809186718,163.64715398963864,28.35169648604697,60.16475922906888,163.64656200005362,32.051792095082234,163.6469630480463,51.08068257558244,163.64675179154273,41.46188415230414,60.164743970279815,163.64638153325018,163.64709310172776,35.00254135124224,163.6472537475604,163.64712188689373,46.89822791067651,163.64734113556676,38.009637847353645,163.6470922954993,46.89822791067651,163.64695144115188,163.647022862572,38.009637847353645,163.64712085691207,163.64672693394027,163.6469672266686,46.47083224126101,163.64698870538314,32.05179209506768,163.6473684513408,163.64711616162595,163.6466748527934,-265.56841928049647,-46.91648674565625,-162.0745125270461,-226.5211105100986,-262.4667447938718
25.66305333586793,163.64419661204306,163.64415785639324,163.64514507817756,31.015705777456244,163.64561703417093,163.64546291238355,163.6446235148918,25.663053335853377,163.64499374705173,163.64502728814278,163.64474433884862,163.64492066933457,163.64547679285783,163.64485393717257,163.6455797196616,163.6462168628281,25.815525462744446,163.6459792517898,32.46503639051173,163.64517344310286,163.64610321510855,25.815525462745356,163.64560579399313,32.465036390515365,163.6457438035747,163.64454672554007,163.64530751102825,163.64494723137153,163.6449468519042,163.64391942622245,163.6449781436309,163.64527075011256,163.64563635328267,163.64582920368304,163.64503250017123,163.64535712713194,163.64508386057992,163.6443586509705,163.64509557523417,163.64529506305564,31.015705777412588,163.64350177919061,163.6440629606813,163.6436313431969,34.74141171984927,163.64386729745064,34.74142697863833,32.16720986901167,163.64399547310586,-319.87779541526845,-230.74800625806813,-627.9951882360165,-190.66174646470733,-229.3266684132408,-183.1999198821296,-210.97216564672644
27.326516017954187,20.75337321323777,21.065251529797568,21.343340181248962,35.364716582331134,35.36471658232384,163.64636949231442,20.182128110660308,163.64582803230797,20.092536243017058,27.326517157663996,163.6467073823976,163.6465689103028,163.64537801064512,163.64445805292814,163.64469070225687,21.702928409714318,163.6447205550138,14.13074356345021,163.64411382394144,163.64370625005938,22.576514172214818,163.64352723322014,18.86372318657694,163.64502087422875,163.64412535751893,14.974505610176118,163.64435939680624,20.897261831823872,163.64436844068808,163.64518501142504,24.01870139937197,163.64505791909585,163.64542205033365,163.6452170844069,163.6457212058458,163.64418493426422,163.64489471559165,18.69502495598593,163.64435399908263,23.45915822368022,163.64349291640167,21.1206157484556,22.33638416626294,163.64436856159995,163.64523620211992,20.831324272640177,22.60797926999347,163.64091543035687,21.205705417562363,-2.635025058821052,8.840840452785722,-15.09109458262097,-71.94897203432734,-34.62116759175834
27.490532229499742,163.6437649340005,163.64465202577668,163.64472165689324,163.6440402868792,163.63926119441243,24.916794273040182,25.61303994501658,44.924388016856625,163.64483050946757,24.916794273039272,163.64357441894367,163.64514229281355,163.64554123767186,163.64549562594107,163.64528787320904,163.64511300852234,163.6439708496486,163.64403367914974,163.6437409160747,44.92441853443475,163.64612109809235,27.490532229499742,163.6453169997257,163.64405441206003,25.6130399450184,163.64413567332264,163.64462417488062,28.31035782915921,163.64380514631722,163.64450522340917,28.31035782915921,163.64428677996045,22.39725856839517,163.64425503229245,163.64390727852708,25.577788361503405,31.674837627866506,163.64552139577495,163.64449254158046,24.11022043548577,163.64469932642436,163.64513302519663,31.674837627888333,163.64471985870597,163.6435955656819,24.615851143990437,163.64577676662753,42.617737482578505,42.617745111973036,-57.28501218595953,-33.738686690536596,-110.75878539318528,13.392009460722546,-31.982904603749258,-68.86075694796936,-14.651122232645646,-94.72042822731633
163.64122066928888,18.918674934473,20.85059731478138,163.6449857457132,19.900077822293877,27.65278815506553,163.6449483995225,26.352716354395625,163.64477882853788,163.64443521756448,21.987695870370995,21.90518173958189,163.6445765302766,163.6445931939125,163.64451877984374,163.64394432562244,21.987695870399477,163.64443743606006,26.3526858368175,21.905181739560064,30.07434807983813,163.6424090035319,163.64494496597922,163.6449455623333,163.64385553178653,163.6454303065782,27.40396718147424,163.64527313762449,163.64453150735187,163.64322533190227,27.403967181467326,163.6429477304398,27.84573870481858,163.64538035466444,30.206650027529445,163.64529651445486,19.302946337255495,27.845738704825855,163.64393542486192,26.716685146559684,163.64579376804681,163.64430088861485,27.652788155058253,163.64316923901424,26.716685146558774,163.64422808689517,163.64139418866344,163.64523683745654,22.326034244396116,21.856670100279022,-16.943971291987904,-10.272741409276243,-2.2880294465773487,-2.50195533343861,-7.7204610394871285,-44.934511760135585,-198.15152173319828
163.64602571578013,38.50075268093187,29.767112575442084,163.64612458243323,163.64640254919607,36.41796219528263,163.64649374991308,26.820720201624532,35.528482720848075,24.68042697771792,163.6465164961026,32.42048259233269,163.64679340120438,31.838321260581562,163.6465208297305,55.48240972466654,29.4877340604378,55.48240972466654,163.64700150490688,46.21422787116358,163.6464887340788,163.64676758661705,163.6466756685707,37.57072352439434,31.274751612484305,38.50077556911546,26.71808401890288,163.6466010917681,163.64687229919275,32.42048259233269,31.82867505546795,35.5284827208699,42.446072376318156,37.5707387831834,31.274751612480667,163.64645147741294,42.44609526450175,30.01248437831306,26.475945027554452,31.828675055462494,31.838321260579743,163.64622948022594,163.64667874305292,163.6467127799454,163.64680932314474,163.64615925065306,36.41796219528263,163.64642420014007,163.64624498023443,31.074091549889786,-98.65906432834964,-262.5291200885761,-201.5655767227883,-166.6159519000933,-95.57245537630811
163.64553849421793,40.20088129657769,23.65964440204774,163.6463102247062,163.6459344906719,26.486457087693932,26.798107646798623,163.64615954504154,163.64448620544002,22.701290223564307,163.64654374364534,163.64628305157322,163.64627505190862,163.64657264354418,25.396909536580164,163.64642275987188,163.64620569318748,40.200880342903375,163.64631843795394,163.64606028357787,163.645755918534,163.6465089874995,163.64642141079088,163.64689119444677,31.759439793415215,36.8578819207803,163.64629585174936,36.85788955017483,163.64645857054978,163.64570305383722,163.6456865267869,163.64538521924038,163.64612248565396,163.64589723508647,163.64618972529138,163.64618514193018,24.32167324743599,163.64603297307298,27.859169575612093,163.64552601655998,163.6460340694005,163.64590117197582,27.858563826793958,163.64577254540325,163.64563209975472,31.759439793422505,21.864812435912253,163.6453997178274,163.6458118089119,163.64530539985498,-11.513849182933575,-48.28770560099943,-24.169396284995774,9.666558551119113,-19.487799126823038
25.63144571511072,163.64583748575734,163.64588646561418,48.47313349745947,163.64413627672252,163.64505445620625,163.64451226970743,163.64461084618853,25.847855535362523,163.64476472806035,163.64470641787534,36.06747922158166,163.64520012920116,163.6447722115845,163.6454999370775,44.965296093184804,36.06747922158167,163.64441166608088,163.6449986315764,163.64532795459462,163.64423202247525,25.534273223474283,163.6445361971484,163.64463357687958,163.64500582675117,163.64451404180107,163.64479342046985,163.63998931428256,30.54501880338118,30.545018803392093,50.4024967941634,163.64420973895108,44.96531135197387,30.902931371244346,48.47313349745947,163.64580630978372,163.6456066354047,163.64548531799164,163.6445122016254,163.6437396611936,163.64335165222255,163.64467859464793,163.64508704837198,163.64552140769064,29.77658448443396,163.64537493114074,24.66251939674982,50.4024853500716,30.902931371251622,163.6455448067187,-37.98611167861978,-151.33295454112073,-36.19507716644187,-127.75365628027019,-517.4045144032681,-51.67122791258992,-341.8664325531151
163.6459036891519,163.64620465935593,31.453673602426033,163.6468989945866,163.64653931969713,49.54736272260368,163.64651440524642,163.64604451112183,163.64683394757162,163.64680774431758,163.6461273456652,163.6467058421136,163.6463114865278,38.08455998580524,163.64654182130698,163.64637081726067,26.886564450567352,163.64580312689833,19.89556009612929,163.6454912998313,163.64617034034194,163.64535100692035,163.6439133835508,30.34710700489354,49.547271169869305,30.34710700489718,20.407239489125434,21.612474232444217,38.08452946822712,163.64617169567862,163.64642592496222,163.64598028937826,163.6464541919645,163.6456737093534,39.48756265464965,31.526747640780894,25.021229627319048,163.64611936979878,23.745522976314852,163.64608508586622,163.64612456732436,163.6461336104461,163.64660418451444,31.52674764078453,163.6460926863092,23.745522976314852,39.487562654693306,163.64654972768773,22.972849181577562,163.64613701302318,-45.07614315206423,-77.77971878146879,-4.972315558943855,-122.99302075349907,-19.63885317490768
30.42876211489762,163.64576801440967,24.191578462962294,163.64426767038174,163.64596569254007,36.640624861731936,163.64568546678652,34.4831525842732,163.6438518710255,163.64590361072277,30.428762114901257,163.6445173163047,163.64452389328795,36.64062486177559,163.64474927027783,163.64509283673766,163.64428607238847,163.64345651109738,163.64490041279896,163.6440703641636,163.64416731090358,34.48314495487867,163.64521232733233,28.6056478201871,163.64481715061856,163.64555545066554,25.72663015638499,163.64531385164412,29.725440721673277,163.64496921342158,28.768270075351644,163.64434417637563,163.64577296310495,31.2176252370955,163.64485328262782,163.64473533517275,27.15289618967608,27.200267868811803,163.64464042148217,163.64491770384905,163.64523611754078,31.217625237091863,24.333462844569482,22.208728098051235,23.446822247552888,24.92601971182685,24.02129373014068,22.030313662629762,163.64450624388786,163.64408328199522,2.391457619472944,8.369791903102769,-18.960046476552854,-13.465652166419668,-42.84912952577231,-62.311291767270525
163.64659414428377,23.88899572777241,163.6463415197603,28.904401745891644,163.64648259808143,32.60252001785426,163.64707721283594,163.646300084012,163.64620395553834,163.6457793258503,26.92310556538675,163.64626081931107,163.6463764037792,163.6457735781541,28.808026680117067,163.64626709903405,27.37319552279478,163.64480794493574,32.51612727622843,32.51612727622843,163.6458846525129,49.42880083585561,163.64633158391416,28.41956990841782,163.6463784110241,163.64624037192726,163.64632671928797,163.64440242570876,163.6463598628921,25.56814810729052,49.428770318277486,163.64630526236323,163.64607151378863,19.930906287237608,27.373195522796145,163.64612249422152,25.568148107291428,163.6467625995793,163.64640968328104,163.6464096342283,21.038650317392158,24.705280825181863,163.6463180920726,26.99444780302573,32.60252001783243,26.994447803026638,163.64568064250392,163.64570637052805,28.419569908414182,163.64574586994843,8.54412951280197,-183.31113701247637,-225.9311200544224,-65.2204124539729,-30.639140759106798
163.6448463322704,40.37195347084345,30.35863133694397,163.64496248322223,29.213745156188832,22.857506249292573,163.64509742856677,27.028131109391488,163.64599178976215,30.02752032453702,163.6452760457858,163.64555723862992,163.64542540762403,163.6434047738744,163.6452730766262,163.6443227386124,163.64610239770025,22.589035152622973,30.027520324540657,163.6454670820293,163.64556030975217,163.64469076219206,36.58600096509784,163.64547405887083,40.75600380462487,163.645587764533,27.028131109393307,163.6459879458044,163.64564703697425,163.64560542128123,163.64559217873557,163.64579993406772,40.7560057119735,163.6446978737889,163.64483477019445,163.6455398771742,163.64483245248636,163.64492300866107,29.213745156187013,163.6457388847345,30.358631336947607,36.58595518873065,163.64531051019725,163.64525584421835,31.0601828287712,163.64571850028005,163.64622377927617,163.6449654716086,23.66537818616486,163.6442653829303,-1.6563344839046965,-49.093860738473936,-55.94807820067374,-32.87892321506765,-121.40790592298502
52.380991214181634,13.436877852527397,22.410427338021062,19.683614668295682,27.585997872294705,163.645432143868,18.215146003473727,20.341700398265168,18.953064295948074,27.585997870661497,163.64454643494093,163.64340423703806,18.235995563081442,163.64280694590417,23.823723118410662,163.64314264565223,163.64410782858982,163.64395349175538,163.6441771161572,163.64398160340107,163.64484278423578,26.537833605356838,163.64340786243548,163.6429539080138,163.64375965853623,26.537833605353143,163.644123222384,163.64464700869917,163.6460073300196,163.6449163425903,15.90997002128378,163.64372805267817,163.6431223588192,163.64488531240937,21.592331479803242,30.33109394486507,34.12284617672171,15.90586332830625,163.6441716871248,163.64354485002593,163.64426352022974,22.257136603041026,163.64267361635427,163.64437580729413,34.12281565914358,163.64466411531805,30.331093944861433,163.64383908855729,163.64438313323092,163.6451303045793,-23.473029695751762,-31.183615655528286,-64.06666948713192,-11.107015087154156,-6.731089629449868,-30.314327903857077,-52.44688119715697
163.64473665856946,54.835306402447316,49.39762491194003,163.6449052797086,49.39762491194003,163.64476275723712,163.64508838283848,27.928109057236206,163.64545603286786,163.64495524004667,163.64472308796508,163.64561579718628,163.6441565938834,38.85503371962611,163.64408174920567,163.6445839599839,163.64473540897313,163.64392770668383,40.29127770769536,163.64391021635527,163.64436241680824,163.64419818202595,163.64363140082355,163.6448197074222,27.928109057221654,163.64286911057553,163.6447336455587,25.212029187253492,163.64399291275294,163.64375022806075,163.6438047561776,163.64439769401935,40.29127770769536,163.64451137951409,36.57933999353803,49.23053235497926,33.17543984705365,163.64353973294538,163.64484093255703,26.741852935368637,26.088721893485467,25.212029187260768,163.64470085536846,163.6435394071109,24.808258129430737,163.64400581406505,54.83527588486919,163.6441656956947,163.64494487449025,33.82659341150678,-162.62278435657987,-129.24683466788966,-245.47857652908573,-110.87526839919899,-28.47603133993691,-27.749608687010934
163.64342430394666,163.64267625649765,163.6459250296357,45.80517804981274,163.64561615353432,163.6457029807076,20.390982332893657,163.644033899382,45.8051933086018,39.40074347644614,20.39098233289593,163.64692478279585,163.64733351739767,23.016126748464604,163.64729102657037,24.72720052185796,49.89673990105541,49.89673990105319,23.552064143801182,40.476998359703906,163.6473168515014,52.96542441098619,41.77836212914083,44.1260502894428,163.64739401543295,22.49305305168034,27.330785075538238,24.215064076317105,24.21922624424831,23.928175787723085,163.64728681946417,40.47699835976302,163.64725863560386,163.6473360271076,84.71971790807476,163.64726673971978,163.64701504256385,44.12604838209417,163.64669283791068,163.64758052537582,84.71973316686382,52.96542822568345,41.77836975853536,163.64726262090454,163.6473395972193,163.64720517433636,22.325121758202886,163.64739694530869,163.64726847594397,163.64710078298498,2.910770026725604,-20.730069932752784,13.612727991431921,13.76987473752471,-33.62890562281784
163.64333967167238,163.64638150553014,163.64613664025808,163.64591597697438,38.4922503507708,21.092831189351553,31.37298150239985,35.99994153819901,163.64582801461552,23.729892645372818,25.26198843632473,163.64574124014808,163.645935873018,163.6457902489816,163.64654600676852,25.76881878351546,163.64628013249882,163.64596221687316,163.64614845985005,163.64561502230902,163.6458710187223,36.8504511817537,163.64549405796538,163.64321065345175,33.26303078235182,163.64577774766917,163.64604928627085,31.372981502403487,23.152106880789287,23.771352116918308,35.02161749830087,163.64595324837245,35.02161749830451,33.26303078235182,20.611029915355637,23.09689322633511,22.995732331067988,22.995710755802257,163.6441380918621,163.6432333349764,163.6438967276763,23.096893226800407,17.58938684674343,18.545260829481556,163.64476819171875,163.64403587211473,163.64421358083223,15.719807639241603,163.64491718391685,18.789668639846248,14.013860270579707,-10.409284740000531,-5.960857074180736,-13.064247262257222,-31.227317586792296
30.09222741685673,163.64571318314927,163.64611204629574,55.40916447625109,163.6456508189346,163.64587106252367,29.009575938941065,163.64532339201816,55.409179735040155,163.64584500469732,55.13896067376261,29.009575938941065,163.64596220754026,29.063839008855606,163.64581553384738,163.64582209602906,163.64569937415854,163.64574790489894,38.29865764070222,163.64628892194736,33.35487475417716,38.29866527009675,163.6450828083208,26.953549871354443,163.64559808987667,163.6455928606042,163.64492469073116,163.64600590987772,163.64579401405422,30.214776552131042,29.687818594352773,163.64502694079243,163.64591501857967,55.13897593255167,29.687818594347316,163.64454662562443,163.6462930905903,163.64390899880567,29.992133802059946,30.46340232218656,163.64587001590382,163.64609054315326,163.6463361067984,30.10625284050777,163.64619594575476,42.978973690791705,163.64564180524178,51.36673025566631,33.35487475419171,51.36673025566631,-62.559545705012674,-116.45444300939397,-59.26191120977871,-247.84996872474719,-190.72717656802396,-488.1494213001921,-242.86047567559717
163.6475218744937,163.6477301644486,163.64742024092862,163.647624269346,163.6473453385617,163.64736527950572,33.34956038606424,42.9631440163041,163.64765039805098,163.64768715416244,70.39727361215233,29.92690417287076,163.64767625225022,163.64744278897297,31.01675177625975,163.64757266488135,163.6474663784245,163.64740333845452,42.963144018166744,163.6473964010586,30.754060265756795,163.64749549425215,163.64764440572168,163.64745082009586,163.6476244326928,163.64750123087953,29.563626256591462,70.39727361215233,163.64766822477878,31.5512047097274,163.64742490863108,54.62832420361808,163.64758084782824,30.723731939321326,163.64775248063097,163.64762350841954,163.64761185465983,46.51347503952354,163.6476395583354,163.6476308651449,163.64741590827703,163.6475625336456,46.51347503952354,163.6475988984003,163.64762194078554,163.64762557160668,163.64773804892263,163.6474107022143,163.64761120288864,54.62833183301261,-40.952736718864344,-66.0767298509495,-85.89017455740805,-329.59160428930375,-93.77148133875
47.3722379990556,163.6459048378935,163.64582874903374,163.64587364983856,33.771945722385965,47.37229903421185,24.529813304683014,24.760218302127807,163.64625510684454,163.6458690214771,163.646060725565,163.64637462903323,58.05496719195486,33.77194572238233,163.6458492068694,163.6462778356754,163.64654955908088,58.05496719195486,163.64675158636618,163.64649355625374,163.64642005420302,163.64639648308759,163.64688340644585,163.64683138267594,28.982962129317567,26.867487268439053,163.64621544351934,163.64625795064683,163.64680381879145,163.6462265165161,163.64593278203796,163.64638613510368,163.64637221382884,163.64576894899665,163.64557576766566,22.834811239922946,163.64670687293733,163.64673983943544,163.6464424752504,163.64655670423537,163.64673461610823,28.267770309918998,25.966214101819222,163.64642094702253,44.33932434005672,163.64598746084016,163.6466931867405,163.64635487779458,163.64623759181922,30.42366414335322,-30.432434884718184,-64.36094682419997,-98.7506757231632,10.201195739966701,-77.06914796302232,10.74766466119118,-18.716563370181888,-107.62382156384609
163.64683923013547,163.64681703738057,56.068836459684405,163.6470993663234,38.78128352347626,163.64712214356143,163.6472081019212,56.068836459684405,163.64745190718457,163.64706002660012,163.64701905945412,163.64692192651916,163.64741418784735,38.78128352348354,163.64695280841875,163.6471498121578,59.95840361589876,163.6469233278326,163.6471398227202,48.16185642921748,163.64684387369107,163.64722144030333,163.64699899750156,24.36399948542211,59.9583883571097,163.64711444520543,163.6472570950267,163.64710847235773,33.91895093930705,163.64724722669592,163.64728638300164,90.69237854772275,163.64732854562214,90.692439582879,28.325551131823286,163.6473939074,163.64712180892064,163.64723357695067,33.91895093930523,163.6471725670209,163.64725114296385,30.872206214479643,39.437415798331656,39.43742342772619,163.64715605793828,48.16185642921748,163.6471185762511,163.64722542279287,30.872206214481462,163.64729048554028,-28.718951828466658,-16.351976321481203,-236.73208167941564,-256.95810101798423,-301.28901730497836,-52.135945009452286,-108.5139031776661,-41.756296525786766,-52.36834398649094,-564.6251444550686,-79.89281367713889,-161.73362184248882,-93.77042837371678,3.2753921018735075,16.64358250344625,-16.100839415848128,-43.69563105240823,-48.766097546672114,8.497740056936749,-1.107002819683117,-70.03046543076826,-194.0354594795505,-75.13794246501485,-121.15026039579894
163.6445869053947,163.6456640783593,163.64532628006185,163.64463423019538,163.64456418963658,24.02631135252837,32.36043246352145,163.64438561979563,163.64381162291016,163.6444838855241,163.64450743039333,22.952318833627363,24.617521397461093,22.836271496071323,163.6459139970426,163.6465034194817,163.64587019601572,23.815385071513145,26.19451461330791,32.360432463536,24.737996696389946,163.6455277447718,163.6459901394569,19.034438813220863,26.87098875305547,163.64588699735833,26.870988753055926,163.64642039748708,23.151238225566022,163.6447254804811,163.64564663816952,23.12032097504586,163.64626685741308,22.8904360884781,26.15980966842021,21.778173467650863,163.64572126844598,163.64551007017332,163.64458755468468,163.6454015656085,163.6457523028455,163.64521403801115,163.64534807437423,163.64532227415174,26.19451461330882,18.74613417224647,163.64591339225058,18.7461341722467,163.645463665215,163.64547498084005,-7.597705653828353,-14.774046067653199,12.87633407378486,-24.24386486605025,-159.05651707554446,-96.34878640549063,-283.5932470483123
44.28051637582767,163.64454624211152,18.893668618886007,38.57373957234293,29.86388635125037,163.64393619213786,163.64413726751224,44.28051637582767,38.573709054764805,163.64380423979804,30.45077896468757,163.64388280994945,163.64546302776563,15.259835883762374,163.64502470641384,163.6441950900338,28.109210057427447,163.64399153722394,163.6451838302143,25.18657693452311,163.6436816831938,163.6431016134623,163.64333847549557,163.64465709513962,29.863886351257644,163.64339590708488,39.69713051895768,163.64448526654792,163.64350490581597,163.64400899162155,163.64375603850124,30.450778964676655,163.64156441423899,27.506604486459565,27.506604486445013,27.609352234860836,163.64458567372014,28.109210057434723,25.186576934540902,163.64362627558728,163.6430386853428,163.6434860023756,27.60935223485356,163.64423071899245,26.113555133618114,26.11355513362175,163.6410653218075,163.64284997384107,39.69710000137955,163.64325840445872,-33.67267193708648,-38.76992506932459,-26.46594185307373,-52.407322099490614,-64.57933262832199,-80.97339751971248
25.089783447649566,163.64176542571113,163.64295694387198,163.64414746774378,163.6429795058309,163.64340750435866,163.64402254012515,163.64401070116566,163.64343707164352,163.6434802995169,163.64328298994667,163.64269495812363,33.70421397304882,31.730673855439743,163.6433904144912,163.6432186933004,27.60180624164054,163.64274888608554,33.70421397303427,163.64184469901124,163.6425069286346,163.64393405163253,27.601806241644177,163.64273210243647,37.30550471654425,163.64277123771666,27.748598354739837,163.63988279530503,163.64137695660622,30.73497049029808,31.730673855417916,163.64229168978386,26.4314305043394,163.642982206226,163.6397422032232,163.6431454480463,163.6418895049984,163.64308311449503,27.88931872972756,163.64126630678192,41.474264418311364,163.64138762872005,37.305474198966124,163.64161102943285,163.6435822063308,36.44660990576341,41.474386488623864,163.64115594590976,163.64181007843132,163.6426482022806,-108.61189911460268,-109.71422966418464,-44.46123028522968,-160.64761406125356,-103.23060847316701,-125.98526922509949
163.64625170252208,163.64602155457476,163.64607204684887,163.64623065566775,163.6462334279292,163.64569132759362,163.64629309273505,163.64601394146587,163.64592315530535,163.64617832736417,163.64631874589753,163.64539554752196,28.78871040247463,163.64626602930633,26.374104547529257,163.64589532345104,163.64582765048,163.645824191242,30.0473868861019,163.64577913495322,28.78871040246008,163.6465653366505,163.6457021287713,31.72637184552022,29.28424326886997,163.64526928941672,163.64660352135235,30.0473868861019,27.714696646174698,26.374104547529257,21.62389883459902,43.41073001401361,43.410699496435484,163.64639897225237,163.64606913865663,163.6466936875549,163.64657835139974,163.6463354155635,163.64613080436806,163.6465126460344,23.794627117035382,22.368779425582506,25.365059470558144,163.64668258306835,163.64659490305962,163.6465891720145,163.6462865869492,23.794627117034928,163.64666524608327,25.365059470559963,-36.47924128595648,-8.967141819466153,-114.04564566179606,-114.0925833713636,-202.92724705465835,-158.04977109506345,-19.19309269389166,-239.58769079446893,-107.67926978460535,-113.8771555852213
163.64680226652519,163.64680278997463,163.64630925688095,163.64693927093595,163.6470989075109,163.64694479036012,43.06139378438688,40.56171203738968,163.64657959401268,163.6469364765852,64.23686778299579,163.64677259202023,163.64684353848537,163.64670926660744,163.64685428066474,48.269309634091286,163.6468046579053,163.64701779748748,163.64679877240366,163.64681959596652,163.64682220557114,163.64703118150732,163.64672941195744,47.01323570975876,50.152954430446584,163.64677883614536,163.64697081575633,163.645776375091,163.64575600811085,38.674725664751094,55.91110698159214,40.56168151981156,163.64683096471515,29.152221519387396,163.64676082350212,163.6468527444046,30.13051287830801,48.269302004696755,50.15294680105205,42.702940222890234,163.64702924475523,55.91110698159214,163.64696614073296,163.647178931886,30.785773373806133,38.674725664751094,42.7029554816793,27.850238848063025,30.785773373804314,43.061389969689614,-2976.5646148763226,-124.60926253203782,-80.24766666688026,-68.86535933986472,-729.6584230613478
26.44959353843403,28.00604925287098,163.6467669159818,163.64654189553,163.64683829086795,25.16437502760361,23.81085219382625,29.255386446971144,26.51613721212247,36.10086298447479,163.6468155438036,67.65067874107162,163.64694351273278,31.50681661651031,27.69379943768416,22.913669713431563,163.64681551175687,163.6461824794053,163.64678191653059,163.64649375821404,23.19090540135473,38.98681383512472,163.64527690074965,163.64649446207187,163.64624269298793,20.867523201851345,39.01850093312814,163.6466631351662,163.64639453144275,163.6462169710092,39.01850093312814,163.64655668816368,163.6462305927099,163.64619525959898,163.64662934652688,163.6465348809457,163.64664688200753,80.27977372759031,80.27974321001219,163.64643460493113,163.6461005341202,38.98681383512472,46.380413352868715,163.6463577056478,163.64645300387008,163.6467409006118,163.64665899265924,163.64675265258484,46.380420982263246,163.64657748210385,-29.64552468698637,-18.447163163990787,10.730579753621004,-22.27450858997461,-2.922476945828954,-2.0743608290176563,-41.15268274339994
163.64639667204375,163.6442579710531,39.57360127820546,37.541188792563716,163.6463427039077,163.64596622261047,163.64632659082463,25.243856955545287,163.64641292745642,49.76277927252714,37.541127757407466,25.924756549241554,163.6469950391973,163.64607219712371,163.64647210025146,163.6464110071302,42.49097211676782,163.64637804308308,42.49101789313501,163.64576800224938,25.308201276855023,163.64607798485184,163.64587988100493,163.64643201533494,163.6462724622525,34.78198509413673,27.018134085835108,163.64588786441902,163.64535802159872,29.824848478535454,163.6461006252552,163.6463876013368,163.6457904263778,25.308201276855023,27.018134085836472,163.64571538308402,163.64658858089075,163.64609024178247,163.64559753070017,163.64588218649493,39.573586019416396,163.64579409196307,163.64614466979316,24.825149932221514,163.6457429877717,36.43724327284767,24.825149932219695,29.824848478528178,36.079073717183604,23.54883750456256,-29.688641002764278,-2.827566026029429,-26.242078337022257,-9.569537568004945,5.618156595152053
28.274970379720067,43.26947050921035,41.761427760098954,163.645269694722,34.439262223411504,41.76147353646614,163.64572189582867,43.26954680315566,163.64541066615385,49.445116769514456,163.6455150695768,163.6452783389496,163.64539468460111,34.43926222340423,163.64557553868582,38.61472358475095,163.64548607033248,163.64555824161232,38.02472321766136,44.096641281171074,163.6458567661981,163.6453476846773,44.096641281171074,43.095921609189574,38.6147846199072,163.64525897357686,163.64539390253788,49.44512439890899,40.5188144986281,38.02472321766136,163.6451708673289,30.824457402918014,163.64550132031997,163.6453196750627,163.64479640254348,163.64525207871486,163.64588766982655,163.64558979934253,163.64518477587546,163.64560747040014,31.657569350131197,32.5256610123316,40.51880686923357,163.64581657608556,32.803880617213835,163.64619148548678,163.64544451246985,163.64582180835987,163.6456993705932,163.64565114796875,-7.999069678859907,-84.23693129058195,-131.9075651655345,-58.58833451389164,-88.34970441744535
163.645735590441,163.64510852080048,163.64521512831442,163.64543376121344,163.64457653472874,163.64648691836902,163.646169999478,163.64571325962595,163.64566700912292,35.32395487746717,163.64608345699446,163.6448599225065,163.64580585994105,163.64511545006638,163.6453494827823,26.260859119389757,163.645962601833,163.6453132153751,163.64485273322782,29.701367421758018,163.64589358440105,163.64598722139567,29.70136742175711,163.64575484806653,31.38622672914104,163.64623777368655,163.64609542154847,35.32396632155897,163.6458606401469,24.79494730990195,30.283811885761168,163.64677521363853,163.64613354127818,23.65231785075452,163.646718443481,163.64520381062704,163.64606511677272,25.270154487431228,163.64547827634829,163.64563525947756,163.6457775628498,20.29647987674934,31.38622672915559,163.6465200548193,163.6457705039797,163.64623241072815,30.283812423282875,21.08669181648997,16.77136540258334,163.64635830058432,-11.55649875536335,-23.914439600342195,6.085077092914386,-33.34422690237511,-6.466185478275936,-80.69490525820254
163.64686468277944,163.6459698560306,44.12595675476291,163.64626396649936,46.95771360398588,29.35423862185343,25.30209731161148,163.6470216415583,163.64652862569415,163.64659413417832,44.1260025311301,46.95771360398588,163.64635292046154,163.64679859247093,27.655525780171253,163.6470462604218,36.386519666504924,33.270728250066725,163.64690001249807,32.02080455754715,163.6471371297156,163.646886921281,163.64639964883565,33.8088794875314,163.64694619557287,163.64714771975173,163.6470195827572,42.16944009794166,163.64700378412982,163.6471122704139,163.64693559796024,48.471414527413714,163.64661561438248,48.471429786202776,163.6468704569529,163.64683402413016,163.6468257854508,163.64722036956624,32.020804557539876,42.16944772733619,163.64717774800465,163.6474012783474,163.64689126588047,163.64719238629817,33.39147039651131,163.64726609815995,33.270728250066725,27.65552578017489,163.64698667015716,163.64606513003415,-744.731657250699,-51.38236867812048,-231.4915752843984,-87.72747043030613,-99.56447250299588
163.64607877805372,163.64564318492563,163.64574029757864,163.64623163539932,39.911784787262754,26.762010245760464,163.6454705978466,35.66440431953217,30.64819723689389,26.46623323352276,163.6460870950425,26.762010245760464,26.159677626588635,43.43989068012314,163.6460109453855,163.64561611004285,26.687678798730133,39.911906857575886,163.64561928532356,27.171892282391017,43.43986016254502,163.64640194343258,163.64585616171996,163.6466360508748,163.64606593993324,163.64617691276533,163.64372166197782,163.6460087026453,163.64616025037242,163.6462274363181,33.412179585886406,35.66440431953217,163.6457343860036,30.074277054578495,163.64587484985498,163.64633815494562,27.0625219789964,30.64819723689207,25.521179231884147,163.64612004619084,25.65521801019939,163.64612289394705,31.879892732625787,27.062521978995946,31.87989273262215,163.64668915794852,25.052309311870875,28.62497518716235,33.41217958586458,30.07427705457691,-75.65578401270842,-14.875346452525502,-111.16613569403168,-23.06657322845798,-19.268234078106627,-28.381220123312097
35.289248497162035,163.6459380538589,30.14928687558402,28.91112624477581,163.646335634811,34.190561944026314,163.64592750676718,163.64583392054277,163.64602024436095,163.64599910810318,163.64482436973785,163.64644729215001,163.64603303925344,26.220272207468113,24.902977808819088,27.72112205975416,24.902977808819088,163.6460177636253,163.64542539760117,163.6461762366406,35.800910629567525,163.64574973744635,163.6455350312968,34.19056194403359,163.64600825134215,163.64580472290834,163.64589955906212,45.29568364404733,35.28921797958391,163.6446224216242,35.80091062958208,163.64559623629486,163.64560068721318,163.6463816037483,163.6465796255095,163.64698030485403,36.16741966978785,24.12749460258651,163.64541537506045,36.16741966979512,24.12749460258469,163.64615617482798,163.64608027978386,30.14928687558584,163.64643961956608,45.295653126469205,163.64617555855676,27.72112205975416,163.64605036015945,26.220272207468113,-72.20572609257347,-102.49568987426024,-48.23828528879762,-120.36902218008932,-93.3760641160206,-139.08808125047884,-134.69314463147018,5.504588396405307,-79.12826920474704,-277.2182595464924
48.86165692627097,32.76818763611274,39.987554207454664,163.6454961570824,163.64561265991966,26.366461808629182,163.64597265781765,163.64532142575695,37.90879436541712,163.64443050801236,28.518083656672687,163.6444323346459,163.64384842944395,163.64449906816063,28.51808365666541,163.64531373433977,163.64593451060153,163.6447489887978,163.6460856496455,29.8295147157481,27.475234141034015,23.25540024301374,26.131880364542823,23.435082713759968,163.64126375916985,163.64493139155405,29.829514715718997,21.516965731219827,27.475234141033106,163.64567038269416,163.64547918479866,163.64534214734812,163.64518749071863,163.64513900393433,163.64575763018212,163.6450231416648,163.64504563424282,32.76818763611274,21.003388151119836,163.64492604488078,48.86165692627097,163.64535256440985,163.64572192807447,163.64623238934553,163.64495328560764,163.6458308069033,163.64532341058964,163.64480338729203,163.64595672516663,163.64551986872237,-8.947244937801383,-80.9176738331138,-55.21774226811072,-74.41812037868029,-85.26057227230088,-27.938890891028517
163.64612836444223,163.64600319107296,163.64591923408454,163.64623411992665,163.64512439434213,163.6459972600682,46.479761594916965,163.64573933818593,163.64576025035836,163.64550726337444,163.64551004418212,25.475363697018214,25.913162091631524,35.996748730217405,163.6456269023011,163.64553430160572,163.6452368063978,163.64589428674202,163.64602085271957,28.15273299370856,163.64574447212237,163.64511895899386,163.64589272672714,163.64543928261355,163.64622095359675,35.99674873020285,163.6459109213261,163.64603641602253,163.64584813711167,35.91733121792191,163.64595805910028,46.47960900702634,163.6458644364539,163.64595252647177,163.64574096407756,163.645250617145,163.64590086952904,163.64614435633968,30.2135668952442,28.15273299369401,32.89637494942019,163.64646513175768,163.646681527059,32.89637494942019,163.64620249500268,35.91733121792191,26.03478151104365,163.64596982702392,163.6462635813076,27.45716796481339,-54.68570085115424,-161.52422872922358,-82.31137945291334,-146.7415435437924,-45.790147077782315,-411.9227503065294,-117.71894153630718
42.52087269738678,163.64733700375234,163.64723997060418,163.64717927340877,163.64707141728513,47.53287775399842,163.64732874080647,163.64715499415058,163.6472814891593,163.64739781033262,163.64724094548745,163.6473026310362,163.64709589663295,163.64737536778057,163.64708505213088,163.6472878814747,27.748036382166088,163.64741156836436,57.6875388828106,163.64728061269386,163.6475107813926,163.6474162367798,27.45988513628218,163.64728495314625,47.53289301278748,163.64732983760587,163.64737883448333,163.64738360899923,163.64730436536024,33.71542717486474,163.64719639618255,57.68755414159966,163.64705620689034,29.477148978706836,42.520876512084044,39.449719529560284,163.64687424978626,41.72839500673183,163.64711606361828,163.64676760362443,38.52817539562483,163.64708755523662,39.449719529560284,163.646983302264,38.52817539562483,163.64714728280416,163.64713071492997,41.72839500673183,163.64714879418113,163.6471939041976,-542.9561730282305,-50.84459494801311,-121.5498510350383,-42.361410131311814,-139.08835721004687
163.6461589124384,28.699699047657656,45.77463676062648,163.6467829997984,163.64689763744371,27.271371053204472,25.454002762079796,45.77464439002101,163.6461869647706,163.64556247832468,40.17647110497087,163.64572295589272,163.646488380861,26.87647788622247,163.645794801794,163.64457125768644,163.64615822881552,163.64624959075428,163.6459351947134,163.645851281769,31.57835445135829,40.811529706330276,163.64490217711767,163.64611138220482,163.64633023043422,163.64540825123885,163.64659900468854,163.64609683049315,163.64579715847873,163.64448251064812,163.64640196140658,163.64622592198583,163.6466028367065,163.64653308118778,28.465744644518114,163.6459954090417,163.64622131146177,163.64593520741926,40.81149918875215,163.64631754737064,25.454002762079796,163.64612183086155,163.64650220343088,29.301875232256464,163.64659443799854,163.64646129985397,163.6461454718468,163.64638393895677,163.64598653486763,163.6461155145276,-96.08847316919704,-2.8425736214829516,-250.52079554155523,-133.955095256328,-46.71354218424838
163.64579668121246,163.64620225806937,163.6463919884311,163.64596236438604,163.64634662695943,32.93618353046061,163.64634649678544,163.64610517906902,163.64578989450337,163.6458554349211,25.248859552777134,163.64557734219284,31.057664263873928,163.645994952641,163.64617593561707,163.64642372376113,163.64632540801455,163.64620293586586,163.64597825651964,163.6458417645735,163.6460839355695,163.6459501339803,163.6464533280614,163.64475197385894,25.248859552778953,27.374503195608604,163.64602399508777,163.64613150868666,163.64668395492419,163.64601402535175,163.64568347015836,163.64526239930905,32.246809019321745,35.51124091442436,163.64631672182105,27.374503195607694,163.64627685798132,163.64603037317403,163.64578259670776,163.64650486153323,32.93618353046243,31.057664263881204,43.84854801174066,43.84855564113519,35.51124091442436,163.6461540824991,163.64662609319527,55.5620622179012,32.2468090193272,55.56200118274495,-190.43384154009937,-151.13460503464512,-582.441843671905,-163.66714700009797,-302.3701972787032,-408.5075701260371,-97.74681196097276
27.492184930201166,26.208810523028934,25.70797274815259,22.232336768468162,28.398349400876562,38.091457744003435,38.091457744003435,163.64531484354552,163.64532524766702,29.66895939617579,29.6689593961767,163.64289680094203,163.6449208675782,163.64512167709148,22.623358161282425,47.208026670517924,163.64381143805815,163.64492261290673,47.207904600205424,163.64421873672842,34.153117430269944,163.6414515906878,163.64384439092578,22.62335816127515,163.64155077881014,163.64501571934267,163.64479791074962,34.153117430269944,163.64415301040384,163.64565716057518,163.64449968782282,163.64456632374066,43.60548679288195,43.6054257577257,163.645579413875,163.64565486604147,163.6453435571533,23.541813840735944,28.39834940087838,163.64586936566707,163.64523469034077,163.64462854061128,163.64664986706862,163.64216908746332,163.64480552202923,163.6446836617542,163.6456955436392,163.64542714026987,23.73992402273611,25.41432707894423,-66.6249572197556,-45.243865426226286,7.120386087996986,0.20964122529053375,-73.4627587558551
163.646846299569,27.69907945958376,18.93793423130782,163.64720669291808,22.17897233727784,25.237991768733934,23.54739446317882,163.6468473460552,21.603357537621804,21.579872695384815,24.18313646863707,26.370858509865556,20.495606766444077,163.64500789805084,26.14718220553692,23.332908721880205,18.664401362602717,24.030307913911066,20.08403438519727,26.618115619426156,163.6386286959511,163.64451559403153,25.798439207613214,163.64559992361632,163.64458109519472,19.282664509013017,163.6448394551977,163.64450822783357,163.6447839682134,163.64483248148377,163.6456854974772,163.64544769626707,163.6440411750707,163.64526766463467,19.347780149033422,163.64495033521177,163.64448302844,163.6452766644643,163.6453748260481,35.621092178525736,18.696674674734396,163.6453525900355,19.396325429175402,26.67992122719151,163.64546636313497,35.62109222746702,26.679921182265478,163.64580997779274,21.245030998380233,20.74715746178811,-16.776754199493972,13.545234432114428,-2.353738022584219,-6.084706434892235,-12.20943902408302
163.64716572456325,163.64678645206016,163.64683433536527,163.64660977506952,163.64702557709307,31.152480916712605,28.37598948648115,163.64547438885774,31.396570288793058,52.54116498410883,43.92805911393856,163.6464391335628,29.297598666894867,28.25375192757706,163.64695990153479,163.64685494799983,163.64691978508682,43.92801333757137,163.64665618622394,163.64646513041015,163.64677104257544,163.64652930960443,163.64678664316716,163.64705126993448,163.64687403125993,163.64647140195058,31.06776180927849,163.64694601861504,28.37046744118884,163.64678993744587,28.22938011006814,163.646855639634,163.64626966367553,33.40584533780387,163.64638764032134,163.64597610803156,26.019407615916524,163.64611274591857,27.70588131958414,163.6460472291903,163.64669327802187,48.99172448391202,33.405845337789316,52.54119550168696,48.99170922512296,163.64587830375092,163.646540859622,47.4012101912426,22.22961956017355,47.40123307942619,-33.585630499795016,-40.98582749331168,-31.253507936533797,-33.76380279261299,-26.610704861831277
163.64471743814255,27.076322858965554,30.39934240849614,163.64486507029437,163.64384486562386,30.686780746430383,30.60772273764958,163.64370617705237,43.77370431649743,163.64463131695186,27.076322858963735,31.8173953297606,49.76627552461079,43.91495662338012,163.64489797638777,43.914987140958246,163.6447382668381,163.64461572398312,163.64113126961746,163.64478386922167,44.7849324378128,44.784901920234674,42.53226804885337,163.64431928121292,44.61817007183217,44.61813955425404,35.93015766325841,42.532252790064305,37.75034809294591,27.19924221567483,39.163571359547475,27.19924221567301,163.64517431178945,30.68678074643584,163.64530537674887,163.64454641607682,163.64433193240035,163.64224354920404,163.6447145073397,163.6448180542593,163.64492058737915,163.6445966988607,163.6443871720989,49.766367077345166,163.64431902570215,163.64390367864002,163.6449505984645,31.22332325820535,31.223323258212627,43.773708131194695,-168.64024455733957,-59.26868725411723,-10.86690564422521,-74.21999531210388,-67.71376400843471,-134.25121614836564,-49.956542040397004
27.885184012510486,25.557369298842325,163.64684472553236,34.34339596797457,27.33266970295146,163.64688429787185,163.64698696264162,37.1674746829939,32.82192682847614,163.64674502072927,31.67472546149737,25.504191597623937,34.34339596798185,42.42386459247302,163.64697876729588,163.64687924243918,163.64639060438293,42.42387603656482,25.557369298841415,163.6468019466525,163.64694626034583,163.64700758510355,163.6464623942569,163.64662603852543,163.6467988052927,163.64679082063964,163.64685323323675,163.64710677376786,38.673815093342654,163.64638016518973,163.64645232234858,27.885184012510486,163.64701610106664,163.64694447973585,163.6471511154873,24.09230599139673,32.82192682847614,163.64689484394694,27.68496745325499,24.092305323774127,163.64685222731805,163.64654316763927,163.64696538962522,163.64621973346226,31.674725461501012,37.16746705359937,163.64702197968984,163.64694760986998,163.6467814619217,38.67381127864539,-24.637080511395432,-8.124182095509715,-20.643051080308137,2.1843398349633727,-57.24965682353892
29.49356428338596,163.6459889697324,163.64574720409564,31.635345766853145,25.198989140956822,31.635345766856783,163.64566049781814,163.64595169081576,163.64583640866562,37.081272918946524,163.64522636494758,163.64612799943598,37.08126910424926,163.64566818143658,163.6463451549779,163.64581276343569,163.6461939419442,163.64556260561147,24.030648788959322,163.64579577899258,25.941245924158945,163.64580412165623,163.6460954462416,31.68889951453701,163.64563107284187,28.29471483207561,31.688899514542467,163.64555206378975,42.06706668253227,32.73605141048152,163.64614675880472,163.64623569247215,34.87810521669158,34.878105216684304,163.64601022241948,35.415154035546536,163.64604058870634,163.64614919103752,35.41515403556109,163.64600598270238,163.64513138880545,163.64545178715827,163.645871047855,26.25620545037526,163.64544830060424,29.493564283393237,163.64613182357897,163.64613596587594,163.64575487514412,163.64530792786894,-55.81978833113132,-125.96345352671125,-70.28660021379662,-167.42043251340826,-70.91107646698084,-64.85672219581738,-88.82064995955538
38.007385735369766,18.768686159810137,23.35675020809568,163.64648912794996,163.6450725336668,18.92241142358655,30.50790931944415,16.53514857293205,163.64448913146248,19.225335728340177,163.6452915324861,17.34657204453609,163.6416802761682,163.6422853167994,25.205860362194503,163.64449617569596,163.64187052341,28.232356146578198,163.64378423680085,22.573203270979743,18.897264087893614,20.110559779679853,21.8968665627742,24.342460281702696,38.007385735369766,20.200033778946683,21.377727026446884,18.7953587667129,26.382679288873284,163.64702827346588,163.64518267477342,163.64566745551974,163.64630989271825,163.64343248173589,43.30842413097211,18.14068053466758,163.64406805580398,17.857942339159194,22.471869579763048,163.6438306877871,163.64426390904868,163.64467820243635,38.53218753568128,25.2058603001731,19.058391029287158,17.35904521553111,163.64435701896133,28.232356146525706,43.30842413097209,16.60796719212499,12.639659218201542,11.830616236629524,18.838835661990892,5.733095776578529,9.592149282195471,12.414620983458118
163.64526771491217,163.64569497368893,163.64433350051138,163.6454144145352,163.64454317903272,34.106973205352276,24.43753623128002,163.64583477699227,23.880716533306888,163.64508091248285,163.6454163595801,163.64581485199807,30.300415809694822,163.64542139443552,163.64536311048437,163.64727941903857,163.6461694620486,34.692309877032315,163.64626992930977,163.64507682806897,163.64531477099257,29.672687760499638,163.64536999371694,163.64597959960685,163.64561270809156,23.880716533306888,25.733247989801246,163.64561095699952,163.6453943661274,163.64481357698372,34.692309877032315,163.64510473526985,163.64469886933477,163.64533560431693,24.931572378589042,163.64579444222926,30.300415809693003,163.6455401581057,163.64572339058014,163.64619760728635,163.64648038254023,163.6461470256948,163.64619427584455,163.64593932165474,29.672687760503276,34.10698083474681,163.64662992103786,163.64597542780535,23.18977472108222,163.6457479353911,-115.49221753955511,-10.697617283733187,-330.1662527566987,-56.26334250837058,-174.03236079247074
163.64727553003445,163.64691150798728,24.637287252004846,27.740244419291184,163.64710922885558,27.750037186184745,25.781570296266317,35.06341653248299,25.130358678666532,27.180845619812025,163.647178952511,35.06341653246844,163.6466753039785,163.64659504048024,163.64639058235952,163.64652028690938,163.646561705154,163.64672355021355,163.64662885029497,163.64670928652816,163.6469345196365,163.64676131279577,163.6467275059979,30.592427313783244,163.64574240297208,163.64660389436835,33.404336510040025,163.64638430149267,163.64708388403557,163.64626747003058,163.646926264898,163.64686814880258,163.64636523413407,33.40435176882909,49.91931505675548,163.646250762884,30.59242731378688,163.64631670277612,163.64639469829575,163.64653863958392,32.4501898823964,163.64613392628183,41.014072567354376,163.64471499234804,32.45018988239276,163.64671901686478,163.6463454174862,163.64650742691953,41.014072567354376,49.91932268615001,-84.57312268949444,-282.7073520902257,-237.67607136686794,-194.4930376807378,-76.79945855971903,-43.01289758307768
163.6467238468016,163.64686262197972,163.64689419892613,30.570758984321387,33.13454784927123,29.75261451942823,163.64696248430607,29.752614519422774,163.64638211182353,163.64709982746336,31.06224981735527,36.02491960716834,163.64677558564563,31.08898273638168,36.0249196071738,163.64698419017225,163.64669365642283,31.06224981736671,29.774149046924386,163.6470396500274,40.58844677076347,163.64640465635875,163.64687129457667,40.58844677076347,29.551168753824705,163.64700900913175,163.6466982110838,42.31796409826151,163.64700137671258,163.64695488267392,28.121067595061568,42.317979357050575,54.52441484118803,31.490374181965393,163.64713976344575,163.6468430139489,33.13454784927123,54.52444535876616,56.16472057034788,163.64708245290228,163.64690417777246,56.16469005276976,163.64707002005997,31.067418677084873,36.169019951142104,163.6472099631642,31.027545404763245,29.798440659894908,36.169019951142104,163.64690880468004,-65.88971221939018,-259.568258775966,-83.36571081347564,-196.1594988836404,-69.245935385581
163.6435438880418,163.64448824729777,163.64370362645786,163.64401791724129,31.084547832756964,163.64333865720454,163.64291064378023,30.24070988338661,163.643360718056,163.64302312086903,163.64354794003503,163.64372640370215,163.6444291318262,163.64441090962185,25.032065569451763,163.6439269710549,163.6436522922623,163.64385963286037,26.647309578826455,163.6433713447026,163.64401176083146,163.64370068339502,163.64447879810155,24.401760637039363,26.70163998083169,163.64358972816711,163.64301926439026,163.64423262843917,163.6439171380709,28.198672618792394,163.64349640638494,29.739378675408567,29.210273806312482,163.64390991028102,163.64294323337617,26.0224839899261,29.210273806323396,163.64468050527125,30.471593277235005,26.281439490391563,32.11599166170613,28.089214243999663,26.0224839899261,163.6438007448712,163.64491714635108,38.42028667099339,31.084547832760602,38.42027904159886,163.64477410936473,163.64458085383666,-63.06935968651353,-31.3140710699004,-134.38004732143986,-135.88210683267883,-216.83897261471617
39.61210427227874,163.64721493675233,38.48432873289548,163.64709689848706,163.6471494586773,23.419755919438863,163.6470429979367,163.6463818184965,163.6469593538402,163.64664846149952,163.64705939649542,41.523948556792945,163.64727617706217,23.419755919438636,163.64731997617804,163.64743434400293,29.617836084607053,25.45942810250054,28.753876097976946,27.13841655439234,38.484321103500946,163.64724051031033,163.64728668907077,163.64751109045216,163.64729147291098,39.61210236493011,41.523948556792945,163.64739531568648,163.64741200243378,163.64688421903674,28.09984053734948,163.64653661466954,25.755490445078436,163.64682968040563,163.64701298801987,34.06918771990724,163.6471802568222,163.6474274080698,163.6476028593238,163.64742078271888,163.64722579765453,27.584208580952055,32.88537112090661,163.64731270920856,163.64733308530452,27.138416461589685,163.64738892785618,163.64746991188963,26.442667507586265,26.90649462232071,-40.04051107404379,-43.139348097391434,7.808905734607068,-3.468074231664756,24.319244238041126
36.745179585126834,163.6446061425741,25.763828322591802,163.64497070179294,163.64413947697062,51.07822511117337,37.33488540548885,163.64470880793345,163.64458352688126,163.6440698320293,163.64401154166478,163.64448931208142,51.284264245104026,163.64437846872403,163.6439782618279,22.305591117475966,163.64352110363626,51.078209852384305,163.64400082512827,163.64080080202487,47.6612745630117,163.64420490712365,36.535764891173,163.6436559328464,163.64510760320604,163.64359511267924,163.64466572887994,36.74521010270496,163.64361471906318,163.64431251475162,23.67302732661467,163.64341300879977,163.64541576747752,163.64084550046255,47.66130508058983,53.78056892789837,163.64446439332488,163.64481530306887,24.70971817489261,163.6447540979529,163.6436933745166,37.33503799337947,163.64381218681177,53.78053841032025,163.6436819444151,36.535780149962065,163.64424496914665,163.645118296188,23.13169733494477,163.64339797407894,4.140798838965921,9.615440393989402,-36.87535249530457,-28.015120473581746,-11.355391404882948
163.64651806223327,23.491601107543403,163.64595176150908,33.35340853269537,28.00133318757517,163.6461920188488,163.6461399968589,163.6466323040707,26.267681273278214,163.6470311892649,163.64668223577354,163.64644659761382,163.64613726076516,163.6466195495073,163.64674209892894,163.64590472417564,163.6462591174531,163.6460800854136,163.64591699159178,30.392633134223356,43.357722613712426,163.64575785866037,163.6461906387973,163.64654713025203,163.64640018498773,163.6462558261024,163.6463978629228,43.35775313129055,163.64600547154885,30.392633134219718,163.64656363622373,55.954044998752735,163.6461643643243,50.85337617942973,53.426672016307435,163.64664152842158,163.64632307121855,163.6460593799003,55.954044998752735,163.64633941443338,53.42670253388556,163.64626366126436,163.646839847943,33.35340853269537,50.85337617942973,163.64603770532,163.646352256608,163.6455615800386,163.6456652723051,163.6461954882064,-46.15923819395127,-19.343659195076352,-116.48881248570726,-41.65596881527674,-108.358898454931,-114.27676155721812,-32.28023825822865
163.64554773453722,37.529188820289605,163.64506433888755,26.87621769544539,163.6441066213422,163.64442397328014,37.529249855445855,26.87621769544903,163.6452189099748,163.6446227378678,163.64539720101533,163.64479378913921,163.64466277017783,163.64379783978336,163.6436595660075,163.64384787255153,32.878908083686966,163.6425903671108,163.6430740188996,163.6446417591867,163.64433301229172,163.64344948524933,27.304274455011136,163.64482182847013,29.426789550399874,23.541938314683044,163.64472638478713,22.497705128301952,163.6439517961096,163.64399863870733,163.64520089253864,33.66616424271115,31.585607251944733,163.64382233684074,163.6449963453996,52.370307272868985,163.6441250378204,163.64239779491055,163.64368698787712,52.370246237712735,23.54193831469032,32.87890808367605,163.64487648482122,25.757742210840615,163.6440339855322,31.58560725194837,163.64427255456707,35.48901429899135,35.4890142989768,22.497705128301043,-67.62442497402121,-117.46894930404164,-57.58187127403713,-191.4316231489005,-57.54435595147211
29.528390073995038,25.317278587035158,163.6460177139693,163.64630733083328,27.408363981108455,55.44132009327609,55.44138112843234,163.64645002609723,163.64651107699427,21.93664992232702,55.792417491709344,163.64469595249156,24.750846202051378,163.6458870459544,30.150238595381932,163.64596860868937,55.79240986231481,163.6457513663828,163.6460662803945,163.64529106357486,163.6461539907832,163.6446487535174,28.345233899405486,163.64418063669515,27.477485178804994,163.6469625229666,25.45462346824813,163.64688486633236,24.476019900056187,163.64637042299546,163.64620457445278,163.6468302513781,48.70760350015125,163.64604407439583,25.99556444577022,163.64600630896928,163.64646512352755,163.6455016728558,163.64536130312194,26.52019945241907,163.6456864256993,163.64406811084388,163.64590498147192,27.11118882431028,163.6449416403521,26.540012197467053,23.925921473637477,30.15023859538557,163.64580198737661,28.345233899412637,-35.1218889348964,-89.31720181732167,-37.23419551958497,-58.427240659515014,-4.575921190999404
