163.6478941884398,163.6478942673474,33.9977875932048,163.64785429168734,32.620351782779586,34.128279004900264,35.92703011396023,35.616754736626135,163.64760144333556,37.09274670210016,40.13793119563071,34.90948946366679,42.4564100772931,163.64793568472646,35.28051913794712,29.84899273656884,33.86403236430449,163.64776053986924,163.64740232132442,33.89698011526841,42.4564100772931,163.64779035111633,37.09274670210203,163.64772118712636,163.64776775130144,163.64794411469376,33.22464480687043,163.64788724962045,38.274569170999015,38.27456917096991,163.64773191870194,32.216927751240156,38.74930567433415,163.64786946830782,33.22464480687066,34.1080136850302,33.974693997044604,33.01951308736501,163.64766199115383,33.45314920094174,31.476463107483458,32.058407436655344,163.6468124409329,163.64778092250918,163.6478221190343,163.64780881316437,163.64783501822842,163.64779116864509,35.40040408628039,163.64729606278294,-0.6088548038900058,-23.881751425924605,-12.616535730532139,5.615897874516695,-11.548870958938554
163.64722608615,163.6464057693839,163.64735063996716,43.21529253499021,37.507635072915036,163.64740722727362,37.50763507291413,34.189043626828926,163.64649860043417,163.64715159696522,37.936884181006235,45.10562343805918,163.64716092365632,163.64723583626323,163.64736105049792,33.25576336303798,163.64723171118817,41.283014014569844,47.47521210469287,163.6473891255929,43.81582869770868,163.64724863730498,163.64730141898997,163.6472358379479,35.5285703837229,38.05679077527143,163.64750360327275,43.815828697701406,163.6474286934337,163.64755217112491,163.64741894240592,41.89001905595566,163.64723583977678,163.64719486657907,163.64711095311873,42.08266851809515,37.936884181008054,163.64724624649313,163.6470631388823,163.6472566494307,42.0826685181097,163.64713804706088,163.64711690732184,163.64726846222584,41.74618865595686,163.64715192643666,163.64762399374348,163.6471123592941,163.6471796778963,47.47521207489055,-5.119533326029929,-27.15837264398783,-18.53344231729229,-42.30886551364256,-127.37883856930603
163.64782192923752,163.64786239724242,163.6478663282403,163.64792239841364,33.32412317759006,163.6476600208127,163.64794395250817,31.036476492350324,163.64788911999187,163.64780694036813,163.64780043508944,163.64801091209063,163.64794128215772,44.25553171903182,35.57651359736324,163.64784431688122,163.64783583084278,35.25297446697565,163.64779740092212,163.64785074004664,44.25553171530653,33.277678543038334,163.6477362550405,163.647872532061,163.64793221341807,163.64786488730647,163.64791638484928,163.6479353894792,163.64801569580425,39.10369893740402,163.64803154581227,163.6479921016733,163.64803204307162,163.6477072087127,33.27767854304015,163.6478381649129,163.6478745938595,163.64766530244106,163.6477574538095,30.35014189759657,163.64788700840683,163.6479592382231,163.64792655256963,38.86834902607089,39.103698937403564,163.64798334984778,163.64790700992393,163.64789296987504,38.86834902606998,163.6480061642382,-597.5419521521721,-172.71401652881286,-305.8695241775402,-31.040630733880178,-73.60969225423217,-173.44830301724036,-275.9485004822068
39.07800687220826,37.87528725771341,39.08530559298655,40.01966994249546,163.64739920763884,163.64743010490412,36.127888122206585,163.6473222374404,163.64662368393988,163.64736625239095,37.92062404101909,36.94799944857246,37.22618725669435,38.53430639898828,163.6467875299598,163.64755743121202,46.46406724755688,163.64741416717231,163.64757737786692,163.64763771073285,163.6474870208582,163.64766199383456,32.547410170005925,163.6475279429501,46.46406724872771,163.6468906734361,40.23885983995525,163.64761759977148,163.64755325604796,163.64745059360007,163.64727052433017,33.004313090399,163.64736765803673,163.64761358608268,36.19229588752555,163.64748631115748,40.23885970182821,163.64753276536027,163.64778715584902,163.647542903351,163.64766530117885,28.312238463084988,33.36710728684777,30.437188514007083,28.413982029111462,163.64761656989873,34.36865040252552,32.26423048641269,163.64778151870235,34.198492409912994,7.646878554607554,3.2642607081438157,-63.840638009764874,-55.236197605341054,-77.95662656956817
163.64746202706868,163.64764854759403,35.99374542547436,49.85685852152554,163.6476165674316,163.6475803028854,163.64767570640265,163.6475507628075,37.627228023441845,51.51166739928104,46.29539423498176,163.6476077327738,163.6475095653161,39.50556833972293,51.511667398349715,163.64705765076874,163.64772253925156,39.0472398126611,49.85685852897612,38.67798774093832,42.92002676022022,163.6474335692123,163.64735415343426,163.6476973872273,163.64770573654766,163.64766118083787,35.96050915598859,163.64776053875596,163.64768925820852,40.95225027522933,36.963368391377045,163.6477043268975,36.64934481244647,163.64776854951765,163.64779219729172,39.19863026648894,38.01575975653965,38.91360066868906,42.92002676022748,46.295394234050434,163.64777788559502,38.029383391869416,163.64758550657137,163.6478163719413,38.53398363745468,163.64768031350582,163.6478175097148,163.64783824579973,43.503342824544006,43.50334282457311,-75.97364924565204,-125.87593600228402,-17.191975988153963,-94.36358779893075,-176.01489472340933,-208.09047638953137,-184.22963939101533,-113.32328191953044
163.64732537572468,29.582181826819646,163.64738673765117,163.64743877502838,163.64750674648502,35.14317085277519,38.21878947232133,163.64748560658967,43.248299099434874,38.449591300787944,33.48407026107233,163.64740408281574,163.64743877398746,163.64755428520158,163.64734825130932,163.6477407522902,163.64776330508272,32.75174851398701,163.6476052933516,163.64770031442112,29.672106578506913,163.64738988041216,163.64746029320293,163.6475751008541,36.87971362506575,163.6472580558467,163.64756257827423,163.64754458068853,163.64736592385788,163.64766790153482,163.64755081637446,163.64770476048676,34.149733162313,37.00602691709108,163.64735865821802,163.64762610665275,31.255602936832748,36.92334851965294,36.692824097325015,38.04104536229156,163.64758534465682,43.24829910129752,163.64754458246972,38.04104536227702,32.574175580201015,35.14384542973465,163.64740722520366,163.64738294490598,163.6476215570437,163.64770334968648,5.430518602726437,-3.287109705409335,17.60897998138907,25.47480513615615,-22.67343823328851,-0.5252133316854097,-58.453605564847074
163.6474266310646,163.64742381517607,45.70669096489671,163.64735725004505,47.3852153011008,33.934697114078105,163.6473052143706,163.64731908972732,163.6473326397159,163.64728786907358,163.64729621515352,42.27090258003572,163.64730868252985,163.64736071883004,47.38521530101349,55.37553496562303,39.12644759091622,163.6474480982116,43.10085305190469,55.97841296163861,163.64725252430748,163.64731562154395,163.64746685194626,37.438588975506626,55.37553496562303,163.6472039579957,55.9784129615804,163.64728027742768,163.64696872678243,163.6472074269011,163.64751612306657,41.161944233972406,163.64723724113884,163.64729795038545,163.64747725936036,36.95500636296132,37.94717636923475,163.64727746180392,163.64734056048445,42.41374203568523,36.43264161816506,163.64709294994327,52.08570306782781,163.64648853835766,36.29936397960572,52.08570306759498,35.34768963288029,40.54585168198235,45.70669096490762,35.987655674987806,-38.104400082405334,-71.03251692495444,-36.75172597679098,6.523587282084194,-65.07854819230924
163.64765835920406,37.431296142710345,163.647425700287,163.64751162440575,35.470673263453534,39.1476175591864,35.291505140182345,31.993340873092464,38.7860144369293,163.64772080464542,163.6476758161907,163.64761640448057,163.64757060073111,29.703867477222293,35.72592428049085,163.64767348424306,35.5353018239401,163.64783718708844,33.49448746974097,163.6476431315702,163.64770085768146,36.48694446722483,163.6476660022085,163.6478181058328,31.73275905770446,163.6478561881222,163.64784155263249,163.64781750992614,163.64781306798784,31.143439893178755,163.6477631412045,34.12210639383408,30.16747435020331,163.6475529298554,163.64722100793128,163.64764171874577,163.64778639696982,163.64780406639983,26.635763841797225,31.165877306559906,36.486944467225285,34.809454721895534,34.24510701626396,33.69154666194875,30.73732122495032,163.64777772372406,40.45031450737759,40.450314507377854,163.64769809298969,29.306280520397735,2.3022181884674358,10.705147886628453,16.84280953734646,-1.7527356164580072,23.48842512630901
163.64755900133719,163.64774004897248,34.00073509064635,56.29979394925621,56.29979393435505,39.4293595968884,163.64774704451605,43.662838429973235,42.3762604388251,163.6477759347913,163.64764833514198,163.64753607566144,163.64729390690562,40.09650417563172,163.6475084875657,163.64760356079745,31.595399463455248,163.64765472953053,163.64758827511747,163.64775159732466,163.6477098046841,163.64778455629613,163.64769430519476,163.64775750703814,163.6477107292751,42.3762604388542,163.64781816252173,163.64782263486853,163.64775701880967,35.25654187662545,163.64780347275587,42.32266380785735,39.93024897688582,33.023597357648335,163.64770377407126,163.6477696476498,163.6476732146636,163.64778742775889,34.5878233307582,42.322663807735985,163.6477582104916,34.40508539134045,163.64782780779893,43.662838430206065,163.64766161566013,38.765599161776684,34.893820269681115,39.930248976884,33.943075406526546,37.54843958076631,-38.9870113612926,15.864254098148567,0.561926946173716,-133.8692998168185,-81.24959651607297,-112.05470353042628,-83.6803868298882
163.64756263269567,163.64762090348432,163.647572877786,163.64757612905714,163.64757201017977,163.6476236691576,163.64770421786056,163.6476061594218,163.64747866688344,163.64759488325512,163.64755276772127,163.64773327090245,44.086839181145265,34.56646352275703,31.20989168383886,163.64754387671638,48.45137302150796,163.64755948865889,43.14535211108614,163.64722684233453,163.64755048975468,163.64736006771471,35.502412779331564,32.17019885538602,29.733987880671748,30.83253541213307,43.14535211107159,163.64764692263634,163.64768871610136,35.39003102230754,163.6470926582533,31.924844212817792,163.64763028213588,36.15346254150546,163.64759938245152,163.64754182044896,39.47068829542066,40.57815201017884,163.6476514217665,163.6475990598891,30.700733839836715,163.64782233656103,44.08683918300791,163.64772270175735,34.760300097814536,163.64764968797266,40.5781520101752,163.64752517596492,39.470688295423386,163.64722488896032,-113.0982729200165,-2.51621198539004,-126.37785360078023,-151.50548887831042,-69.03949247484628
163.64746305766073,163.64754978372463,35.04317849057474,163.64746479090098,163.6475810069357,163.6470210213406,163.64740375552816,163.64744538554555,31.96968089749831,163.64766876625714,37.74826490018994,26.258582297056254,163.64749774723185,41.78151562289291,163.64757927243187,163.6472615243669,37.74826490019085,163.64759347383654,44.882373598098056,163.64760111740662,163.6474141627737,163.64761743364625,163.6475841516704,34.77964270502355,46.60684762917708,163.64767814532996,35.772695716153095,163.64758832644947,31.567889271912748,39.008889518352916,31.176870066204742,32.4491016800152,163.64702742207857,163.6477086619994,34.98258511899378,163.64749568775107,41.63672197830179,163.6474654961247,163.6472741573357,32.48289218283639,163.64685945149216,163.6476518020795,46.606847626848776,163.64761537576612,163.6476590646144,163.64754355163114,163.64771993854816,39.0088890450779,34.14905418155457,30.980198824625916,20.829456024967786,23.289906663323055,30.470746603263365,30.327162899626092,17.901464050225808,16.95914836642732
163.64724417854046,163.64754696772775,163.64755184600955,163.6476194952872,42.392478935346304,163.6474599130284,163.64739887813687,163.6473884730334,37.09528485301816,163.64746197486795,163.64749113524658,42.392478935340925,163.64757060123668,40.97994386673054,163.64656896345124,44.011907767787235,163.64733643723866,163.64737112631633,46.22403110584341,46.22403110580703,163.64759244627152,163.6474304806079,163.6474807278325,33.44650549325609,163.6474977473883,163.64753276439745,163.6476177590264,45.54795050672231,163.64730456058362,163.64753970350796,163.64738706346446,31.737168063366816,37.13599993208972,38.78863752990917,35.72005013733467,163.6474547115447,40.97994386713967,44.01190776781634,163.6467643052374,163.64752929515515,45.547950506707714,32.62955042899482,163.6474925444545,42.611746263515286,163.64755217042688,42.611746289911096,163.6473537820783,163.6474023481254,31.845605358688708,163.64745264963295,-9.222523964815139,19.946357270532584,-9.965821351801708,9.996353162897114,7.226270349050934
163.6477465003776,35.50951565290468,35.035697429437214,163.6476188439554,163.64755913960536,163.64770503318937,56.33111822996466,163.64738261531977,163.64757407009984,163.64762973881312,163.64773641615471,43.93850060259474,36.837751249874216,36.47724045523585,163.64769652037631,163.64775647558457,163.64780146582734,163.64773598486528,163.6476357578622,44.338665526523,43.93850060259656,163.64766643768507,163.64777540854232,163.64751650382487,37.8678617975072,163.64778498705937,28.088543816862806,163.64778325228326,43.94715506815571,163.64773555026505,34.657820738233184,163.64768145289844,163.6477508368485,163.64779550511224,163.64773013017083,163.64763429381793,33.75077364176482,37.86786179751084,163.6478052065247,163.6477679119688,163.6477929533106,28.82959816394789,28.43602073230529,35.010644946660285,44.338665526464794,43.94715506815571,163.64779956892414,34.001349284152894,163.64784033339077,31.051842366572444,-57.25800215363337,-6.914157546619055,3.692535233250608,14.691405564870463,-255.7659038717371
34.66013536920903,30.655519086357785,163.64762231360692,35.70575207435439,31.384638707266802,163.64755276767613,163.64771202507046,32.17059932287526,33.16078530155247,34.20246594547754,163.64772167231786,163.64776661024672,163.6478698212917,163.64788640972097,34.57884996188546,34.57884996070248,28.363596603857868,163.64792894288075,163.64786407211506,27.928474681182077,163.64794111834578,38.64239628017616,163.64791532866303,28.551799675157564,26.58223829568882,163.647958749282,163.64792113026107,33.14670162996994,163.64761884365447,163.64777663543572,163.64778951395346,163.64795487191805,163.6478423654844,163.64791443510092,38.64239628017798,163.64796483437016,163.6476666192519,163.64760773072175,163.64789174954933,24.14386441553611,28.994460331594578,163.64753764190897,163.64785332891006,163.64791188665635,163.64797527091946,163.647907062478,163.64796494323843,163.64778691225303,163.64798302079635,34.523727938367635,4.89603367792978,-86.57545177138208,9.008295852721602,-49.574733134523,-78.14084536691833,12.193163826090043,-1.0085506368735357
163.64763358961562,31.93845360520916,29.836081796475717,163.64778601519453,163.6477048695508,163.64790031406687,37.695093189473475,163.64767017673478,163.64737207388933,34.9754621624761,163.6474954592161,163.64773365267774,31.99168292712752,163.64753802246275,34.820851084806044,163.64773468157262,163.64759732397567,38.77554361817212,163.6477704031256,163.64778601430993,44.982541280492754,37.87593444272192,163.6478124168455,34.4602327583647,163.64738216175235,163.6479122949023,163.64780902821724,163.6477787525498,35.06019797669855,34.293769616348065,163.64773088873739,163.64774563557904,44.982541280472795,37.3864515973562,32.00716631965056,37.31161024735469,163.64787136445426,163.64793351533496,163.64787171778494,35.2205325310705,40.21930805686817,163.6479723365361,40.21930805686817,163.64774031948576,33.29814838847268,34.46023275836458,33.880224105288555,163.6477434652586,163.64775517452148,163.64792749883435,-13.915801492287553,15.962676396790823,-3.8270137761119316,13.358150494068743,-3.069296830766604,3.0999450359878846
163.6474446299079,163.64746197609549,163.64743736550156,163.6473468427754,46.17764692541947,163.6472795248469,37.13635088213921,163.64749498510878,163.64708948113417,37.136350882150126,44.452523081940924,37.943271803513916,42.80422670336683,40.20187766875441,43.41603508116289,46.39193328537552,163.64728646258538,163.64730587005891,163.64705132165886,37.21377260029475,50.99699157034544,47.32264240403619,43.41603508115561,46.391933285041034,47.322642404021636,163.6470485121963,46.549280643817355,163.64715398591784,163.64636127418265,163.64726011937103,163.6471553921172,163.64743281590938,163.64735237361657,163.6470062280551,43.420118048392204,39.492698616933914,48.77065549872847,163.6470568543292,163.6471227671173,37.36590774696996,163.64717339213985,163.6473544356968,163.64725524173912,163.64725730714048,163.6472285691613,40.14432022165237,163.64705132481157,163.6473280893054,163.64730868243362,163.64736278129539,-36.448322697324336,-194.25042802565216,-57.45251966516299,-2.202432753194454,-88.54152226560716
38.660024888422825,163.64737384290555,41.135042624375686,163.6466175721064,163.64727399424635,163.64723930201575,44.172336167841834,42.62529802231279,40.178501013572216,42.528436542222856,163.64740581809576,163.64711235809068,163.64730282577898,163.64728440060145,36.492430545335196,163.64712970160673,163.6473309066381,41.288578946749226,163.64728786868852,163.64739194150553,44.61134675060718,163.64741481581456,40.197911384554075,163.64738120678578,163.64753314395227,163.6473378436305,40.5664862078424,51.341708839948154,163.64718867530848,39.72046554979393,40.477212892973014,163.64754214349426,163.64753341623486,163.647430100331,163.6473031518571,163.64743563025763,163.64734543481904,52.1809265936229,37.278068955236265,32.867566782216315,163.64747172960227,28.94701595958399,43.47955269466922,29.43629487198932,43.47955269465467,163.64751682712898,36.58188000484897,40.15078757035444,163.6476254022474,52.1809265936229,8.974991827210765,-12.576626801769521,-1.3649197889875884,-30.05224457526704,-70.54003330967184
38.52564211778448,47.39075012973307,36.73980724745928,37.43444818068926,35.920849862276405,36.73980724683781,37.78655853465298,47.390750129552345,163.64768392015984,163.64777875211047,163.64764762647002,163.64780130444234,163.64767782087046,32.8167860302497,37.402248165372654,36.04009967608302,163.6477085020947,163.64774422270892,163.64774731445885,163.64747083909975,163.64784924809925,163.64782854387227,26.485425748914633,163.6478537765189,35.17203411333395,163.64774926333246,163.64784908728672,163.64787386136055,43.79013214216169,35.17203411294948,163.64775837090775,28.047940091308117,32.1100711311616,33.571033577733076,163.64775880508256,163.6478389206053,163.64784597087072,28.896945323439464,163.64787909297047,163.64785995646702,27.40153557043628,28.14520062653897,26.547314630066023,28.37339603423389,163.64793668668892,43.79013214222008,163.64790386497071,29.156130069171038,163.64759211963377,163.64787982381284,21.04433814517989,5.193395201621087,-61.5458432865532,3.404869293313321,-16.947460954615455,-112.9220528134018,-1.4148624358087472
163.6470485136402,52.28326301117083,40.271588596591975,48.60256175978234,163.64723995970166,163.64730240173117,40.98001747609974,163.6470589213671,49.217528504966005,46.1551312923112,163.6472330248992,45.22983417805601,40.21613959882503,51.41237890161105,48.602561759755375,163.64706585535134,46.155131292296645,163.64717133135923,41.48374731078125,163.64728787107123,36.806120053283614,163.64714357888886,163.6471921465241,34.82687756760355,32.16141683452792,38.17179983483366,35.42452916872548,163.64677282955458,45.72286813128228,36.28454422725121,163.64743010076427,163.64718033055226,163.64644449744864,163.6472531791294,163.64706379269347,163.6470339770117,51.4123789016408,41.88406880460345,163.64715464338707,163.64616949771772,163.64712970281158,45.22983417804873,163.64723996018307,163.64714564082465,163.64717686439042,52.28326301117083,163.6459692982547,36.213546059148705,45.72286813128956,38.17179983355571,20.809861872847932,8.118488551449675,-61.986803104364526,9.247138852977063,22.262984534443017
163.64745644455627,163.6476340746642,48.703831269343326,48.70383126931422,35.89549848240792,163.64740928653777,35.99324369844705,163.64741225133784,39.06568816511324,163.6475733644067,163.6475359081453,163.64727052510034,41.648132300971184,163.6476284920733,31.091974374733002,163.647235833688,163.6473950838153,163.6475359089577,33.474879567318816,37.24363380133379,163.6474023471626,163.64753623589627,163.64746511758688,163.64755845848828,163.64751888980499,163.64729101132315,163.64754425788993,163.6475854542748,163.64737600325026,163.64766876623304,30.83447722793476,163.64758951986914,27.977687964625026,163.64766096144956,27.08681931496664,42.70164242937925,37.35667206966561,163.64750121845384,41.648132300971184,163.6475480514232,163.64769928408197,163.6475060960678,26.003490777205677,163.64758502009204,35.853971697753856,163.64772487035373,35.853973029829646,27.95734286259181,28.480706899413796,36.75504553339285,0.16152828901480495,20.14969077626352,19.28748593869863,29.396447499343076,23.704156540767706,26.765632649210595,15.503671453005829,6.1237848898807
43.10228508867886,49.2856500110763,53.48806216433153,48.51669778545016,163.6471567060691,163.6470603227773,49.2856500111054,48.80914925235996,36.669969630022266,163.6469458508014,163.64711095141,51.25021277741692,44.17642919530326,163.6468113112831,163.64693197445786,163.6472558992325,48.51669778550837,163.64707766776138,163.64719073787006,51.250212777533335,163.64669468454676,52.069535606035004,163.6473683108369,163.64718726901276,163.64737871909335,163.64703538467916,163.64719420629405,163.6472309585111,39.09775214132836,52.06953560568576,163.64707907499564,163.6473544367076,163.64703744678343,163.64716579832788,163.6462275571129,163.647165048587,50.30515562008807,163.647131109226,163.64702910691267,163.64729340253814,163.64725177432592,163.64714011046482,163.64717339382457,163.6470970773047,42.90644182434565,38.98897791098946,47.648622601653656,163.64725177502373,163.64739812810723,47.64862260159545,-241.38219626025372,-298.7501705729096,-69.58372147705593,-199.6442888043434,-15.407616853540695,-8.01118801585968,16.840366166061848,-125.92622840804457,-315.13426410934835,-480.5395056238972,-29.76544695375329,-566.2814583235493,-20.756357543717478,-224.20321953548725,-50.39903591660683,-218.03238353799085,18.935805348646017,-261.1831901462802,-28.15577418462768,11.582805789722023,-42.26268229596595,-74.24697796376991,-214.52845921859785,-44.570211698880904
163.64738565543598,43.99468560412709,46.18630937847222,163.64727540027724,163.64704644782972,163.6465042481018,163.64724624127052,163.64719908185606,163.6473225596676,163.64717826803877,163.64718379916883,163.6473017455615,163.64716786074507,43.096140884486225,45.0298911959944,45.64158042620508,163.64726911815484,163.64615739243374,44.674594624961216,48.581903635047894,163.647083200167,47.06899742124429,45.219095886760584,163.64726705395663,47.0689974213025,43.56330447832033,163.64695559785804,163.64716158155892,163.6472607736393,163.6472046159223,44.7814081382548,163.64730099514674,163.64689175468317,163.6471942088212,163.64718867470674,163.64724830407278,163.6472274890521,163.64730174512823,163.64714672115042,163.64730933889211,163.64715051722902,163.64730033938622,163.647074198832,46.74796992378586,163.64622444672244,163.64728440269528,163.6471907373887,163.6472115517355,163.6472760555564,46.747969923902275,-4.381090002376398,-15.822539333793467,31.9388733377595,2.790624288749284,-261.1807312473448,-77.63367679709702,-533.9905772386046
44.32933011554317,34.41894553939948,41.80948513300753,163.64752203129035,163.6476089237774,163.64756680630728,36.21662383627814,163.64766150478738,163.64758751376917,41.08267481249145,34.539394680130485,42.169783257940715,44.714255625004725,163.64739367621996,44.329330115557724,163.64725992007874,163.64751368809863,163.64763391285499,163.64758014231876,163.64756366266772,163.6477191803607,163.6478076979268,163.6478162655389,44.714255625004725,163.6474828410005,163.64764171871565,163.6475355833669,163.64759282574812,163.64774883067633,163.6476366789526,163.64766529807991,37.66229059071928,33.24292066664537,33.242920666857735,42.64931084704941,32.314331497389155,163.6476472462714,34.499669444278865,30.828097943037044,42.649310847034855,163.64780623422513,163.64769652104428,163.64761277330263,163.64720770971522,163.6476876860961,41.082674812495085,36.21662383732504,163.64755011017593,163.64758967993026,163.6475931500571,-9.632364872404203,-43.27159691679743,-139.26216504216472,-49.376965601913334,-35.58761118655847,-62.71769814621836
163.64770172379758,163.64770140012035,34.43142760044835,32.253499945418376,163.64782938022876,163.64776953509067,163.6477152763074,31.23556671225113,163.64759385458893,163.6477903800992,43.637628657091994,38.8670032212502,163.64757878717114,40.040224750024066,40.08243537471678,163.64770953016222,163.64772010007755,163.647828542311,163.64776124490947,163.64778742579858,163.6478678149104,163.64774059049444,163.64777007944696,44.28665395894104,43.7515875722469,30.716782139775002,163.647779348426,47.692579585128776,34.314253093141296,34.5794265097529,28.90028830047967,163.64784605088408,163.64774839686515,32.04190144673842,163.64766600200392,163.64783339386162,27.973749812308682,28.658175517918522,163.64779832331203,30.155440806760467,44.28665395804605,47.692579585190174,40.08243528721714,28.952129392218932,163.64787280235225,163.64776747797782,43.75158757090148,163.64790134292588,29.87469601214421,32.73361227406781,2.0198186979935335,24.305450286480617,8.492430146623432,16.40292572259892,17.751513284618962,26.05055845687012
34.989804476311825,36.077501409257444,163.64728927842594,39.95721073372192,163.64697090726065,163.6473641879761,163.64723724578397,163.64755531418677,163.64695320051243,163.6471880205347,35.73846988795648,37.06272912609224,40.66393434234244,163.64752235693527,163.64753764246257,163.64732396699816,44.80373910613905,163.64754008141392,28.921799699157514,163.64760458673925,36.2433636340327,36.24335691409464,26.92528156041787,25.153158046298795,163.64754490581595,27.865009717066453,163.6474807323151,163.6475581335053,44.80373910616815,163.64750642080406,36.698548860357405,50.96799722895826,31.422856364939967,40.66393434234244,163.64753347111963,163.64742110311175,163.64751682761033,163.64698240946709,27.566650564364902,163.64725434231096,163.64755601888703,163.64752723693198,163.64732570588234,163.64755357869615,163.6474828433353,50.96799752299066,39.957210734532964,37.30970578017663,44.11015854354869,163.6475262078024,4.679864584950664,5.4909673981147415,0.46795892478380297,1.98863252714417,20.439159325029856,29.561855872284543,-4.767131922166864,-40.059387624768,-25.407423980729334,6.05387889697532
163.64725317900906,46.67420039653207,163.64726011739742,163.64723930305058,43.97757782436115,163.64729546276521,48.026105738566244,163.64729827684863,163.6471872681945,43.53454162507248,42.88365938260602,163.64720948818712,50.73224030601398,163.64636420671138,54.75813027928367,163.6472566478422,163.64718173648686,46.4856230744855,45.963752406992214,44.29807786378392,47.953471832877526,51.1943631264873,46.485623074660126,163.64719561193988,163.6471803301431,163.64736418737442,47.953471832877526,51.19436312649458,163.6472892758024,163.6463082027345,45.24564309508324,39.756368306067706,163.64704991663882,54.75813027834198,163.64722542641834,50.73224030601398,163.6472164265033,163.64734684198112,48.02610573862445,163.64730521502042,163.64736624866043,42.7720436552287,39.54676113590602,163.64731421358766,163.6470166324367,163.64714845466744,163.6473593108978,163.64740093956726,163.64723236468637,163.64720808251724,-150.8721325732143,-48.31679822800543,-53.51330436620021,0.8594133739361927,-91.68921519247425
39.889619367643945,38.39789760931386,163.64739367607552,49.130645970788464,163.64741969462585,48.228682377588314,40.12284207386403,44.43119858343241,40.84281332207909,163.64720461491152,163.64740408587244,163.64675101954202,163.64718661551467,49.13064596892582,42.17495941392519,163.6473717792128,48.118909400867665,40.19034664288381,163.64739334801777,163.64715886092625,163.64740094101137,48.228682377675625,163.64733849801922,163.64645103303812,163.64721642869347,163.64744224355468,163.64738674063557,163.64670348604002,163.64733784346203,43.06221613126641,36.08334887735711,163.647374594981,39.54187039769991,32.818478337189134,163.6466431140932,38.800635036419656,163.64743357121603,34.65816402261973,163.64729274627223,39.746545738377314,35.38897913856847,163.6474495084123,36.27991672371566,36.3998536668789,39.80295338908677,163.64733949456289,39.42607690214511,38.68035761190609,163.6475091349082,163.6473919397967,28.077334994748956,0.211346566885668,-16.870564378904366,-30.05903239682027,-271.25413880964646,-61.333808065995406,-38.045522142647116
163.64749807426074,45.49174596741928,163.64730109165424,45.49174596744838,46.12123458291694,163.647444304251,48.672770836618014,40.350141936951644,163.64733990349646,163.64747585082637,47.54164745534218,41.0573363640909,48.672770836618014,41.44866171316093,163.64729686949403,38.75720372361988,163.64735865653313,163.64726499332045,36.46505496649419,37.99736009996666,163.64759347429396,35.72013292372528,163.64752235835533,163.6475119496415,35.92863206356073,163.64720396028218,37.99736009995757,163.64725393293776,163.6472701981798,163.64755531495695,163.6466346169204,163.64741416311068,41.964783122313136,163.64732223611645,163.64748040144224,46.12123458293149,41.964783122313136,163.64749666517315,31.87166383024325,163.64751563744176,163.64757266093392,31.28845236136769,38.35771727540444,163.64666261879216,163.64755602161893,163.64746132301258,41.56362267532437,30.891279261347762,41.56362267532437,163.6475105412519,14.057380781498374,-29.63385743705819,-32.22325683034214,6.491632516190655,-9.505654951395647
163.6476320151774,163.64782038392866,54.325212218983,54.32521221968149,163.64764762699957,43.64564881994029,163.6476857884847,163.6477121315907,50.049354132849984,163.64782314699795,163.64778829537403,163.64779073385148,163.64760475609842,36.604328641370365,39.554136803811744,36.6213141077972,163.64766291467527,163.64761363978198,163.64751315371632,44.182835264021264,39.55413680380447,163.64761293429342,47.95498871390552,44.18283526402854,163.64778048666392,163.64776345230092,37.204911614764654,163.64783808456963,163.64782558846775,47.95498871389097,163.64787637677944,32.21640441691532,32.182289738753845,163.64789454096223,163.64788868676925,43.64564881994228,37.204911614765564,35.25333930985315,45.80418752461266,163.64769727316497,163.64782661636212,163.6477560405766,31.286926159747548,33.63305087591548,33.106683460895205,163.64786060416958,163.64784711203117,163.64784033287742,163.64778292769626,45.804187524619934,-27.190670157120028,-2.369400560311552,24.892988635473877,6.913185779263964,17.71328925474351
37.14958165665631,34.96757271389181,43.0138862119441,43.0138862119441,43.51863134885771,163.6476625332249,32.76281178151644,33.15055773981485,163.64737112838617,34.81460290405276,163.64747660793216,163.64759126684874,43.518631350254694,163.64740722768283,163.64693535208596,32.077666269420035,35.8325457503315,35.59879480374663,163.64742283722438,42.678325673140435,36.537509032301706,33.99305702724298,31.796920598914653,163.6476802032642,163.6476115256271,44.34406417739186,163.64764952470722,33.784475756781696,163.6475262056722,42.67832567313316,163.64760458725073,163.6475729875416,163.64745438459408,32.53526198513632,163.6474509149666,163.64755813360762,31.438884096018274,34.96757271389909,163.64763172386958,163.64740928538254,163.64752029694898,44.00498084398046,44.344064177395495,163.64729209282223,163.6477141909271,163.64761516302553,36.87193563529409,44.004980843995014,30.94829050856434,163.64758897507954,-46.62037416352373,26.138298066615363,-34.15632062605638,-11.34085683270219,4.662058660477749,21.224262129212054
40.692974018217996,41.88188185322107,163.64704785284977,163.64743422299927,38.68064581875952,163.64742316131685,42.40309838989307,163.64692644089706,46.42898926825913,41.78160163424323,43.50650701299865,42.094769711092354,163.64730315493784,163.64723789615334,163.64703257264142,163.64729686930156,163.64728158709556,163.64725177341137,163.64721361364724,52.57649064904355,163.64711648475418,163.64717545573637,163.64721848889644,44.64382421397722,46.4289892682373,163.6471178890041,46.0951211105308,47.12589134253545,163.64708601191592,163.64733221546356,163.64620008117797,56.79689247165554,163.64713804838465,56.79689247171375,40.01467029443242,45.179561693975614,49.05151774603492,42.67778845047187,163.6472635859899,47.98054565240822,163.64700416325525,43.59527614515841,163.64709989001636,163.64709013814627,163.64698888109746,52.57649052983426,163.64700275732065,49.05151774597671,163.64723583498767,163.64723583424154,-22.58592998002744,-20.431736775995645,-16.152584935896037,17.96575306785539,-22.314622004090772
163.64739540985732,41.585261236968485,49.44277642150332,39.343401242923434,34.18713188893613,163.64731042016865,40.293508533333444,163.6472892778723,40.40739365859511,37.64893971045377,163.64755770059423,41.630116685867556,163.64736906454897,163.64743010004213,163.64723377249828,163.64757959742093,163.647284400096,37.91210206235788,38.02874640494946,45.66972797677958,45.66972797584826,53.491890320316855,38.02874640494855,163.64735865674976,163.64755498881874,42.704291272692274,163.64746479051593,163.64732537493046,163.64668698853086,163.64730489243198,38.741155149238004,163.64631612790498,163.64755601957899,49.44277642111503,163.64744918063133,32.580921558399915,53.49189031938553,40.52351038619902,163.6474365516263,163.64759661901059,163.64744191697116,36.91492174038613,163.6466573859382,163.64746403762211,163.64738294269762,163.64735378015286,39.34936660724306,163.6475308680333,40.52351038619541,163.64743010025882,-44.61699255582246,-49.26497898193341,-22.671461033789935,0.9110924212468228,-37.026998706064234,30.622056618968795
163.64729621515352,163.6475046909576,163.64742034874962,163.6473329688627,37.934650235420165,42.23082043728077,163.64755943669257,42.23082043726622,37.93465023541971,41.05911000262806,163.6474654452415,163.64731909227856,163.6472413679707,163.64692611608257,163.64725285396577,163.6467315578887,163.64718867639152,51.23453462644575,44.00726077521263,163.6471789252193,163.6471609238489,163.64713804787908,46.164718529295925,163.6474567738536,163.6465326179197,163.6471893329944,163.6474338983772,48.91191356498618,48.91191356500073,41.05911000256985,44.00726077520535,163.64716233158862,163.6472427746275,163.64728299396887,163.64733502819922,163.64704991911765,50.35930391285949,163.6473246234807,46.1647185293032,50.35930391283766,163.6473798005262,163.64722477335346,163.6475382958164,163.64727887154123,163.64740581654934,163.64738673951638,163.6475174813251,163.64734543510787,163.6473100924357,163.64740942869878,-150.2233331275033,-50.89227164768367,-72.15021762048805,-182.84665220797748,-72.62126194500249,-136.1053907973123,-233.4982276311541,-187.87329671627268,-127.60400372399731,-93.9949397236655
163.64698530397789,35.91822506531676,41.36702764948544,163.6476567655452,163.647699989035,163.6478001636769,36.189125408403,163.64785263625583,36.274683191837454,37.735862195916106,48.562173390740824,163.64766291545305,163.64772340667122,163.64759385482358,163.64772655215216,163.64752872681828,163.6477834130725,163.64769706398346,163.64774611797793,163.64771961447383,163.64759726860348,163.64783304036854,32.54999413134934,28.11725703902189,41.96884099628889,163.6478107348409,163.64780165574086,163.6476514205329,163.64763375018669,163.64758447709266,163.6476976595324,163.64727907912075,36.22104721378572,163.64778167748693,48.562173390740824,29.8978628340316,163.64777110813276,163.64771007342176,35.87518604185509,38.13449527238058,34.899368216688856,35.77658188183028,163.6476767945045,163.64774438476792,38.13449527305891,35.48147541630827,163.6478139593371,163.64784399180496,28.130634782033464,163.64777181348285,4.434429780444219,-58.27184883587889,-50.41243818479585,-0.9811960030449787,-6.218980873194683,3.4973614183907533
52.067438646665494,48.956449591326916,163.6473870631757,39.01489125787918,163.64730033762925,50.391024740068204,52.067438646665494,38.13259810550823,163.6465260543147,43.63537564096924,163.64740755136006,163.64723377153553,49.079029617499316,163.6472982756453,163.64726846229797,47.58638930656764,163.64723724248665,35.86451002326264,163.6473627801401,163.64725317823888,163.64733502860832,43.86553578465586,163.6472337722335,38.315025899706754,163.64749872638697,38.98321492916527,47.58638930656036,163.64719842725077,163.64669212983284,163.6473659224378,163.64744256734627,163.6475466407109,163.64746609859526,163.64721084334815,163.6472843992055,44.6847131746094,163.64717826734085,163.64715051573688,163.64726705460646,163.64720742776757,163.64731768270968,163.64732602821198,43.63537564099834,163.6473399046277,43.86553578467041,48.956449591326916,49.079029617499316,163.64738500136013,44.6847131746385,163.64726705508787,-33.95533204410218,-31.87073483910201,-28.679672927080738,-67.80525423784705,-13.904135760618209,-19.250116991993877,17.890336262864707
163.64711582689978,46.61810458107962,47.547432081837314,163.64731140142965,42.08093373865652,163.6472413653475,59.75050075568652,163.64734955994226,47.795289410239775,163.64683765509955,163.6472219579943,42.08093062216762,163.64723095822222,163.64720808148235,163.64727605437713,54.773599699590775,163.64715257957403,163.64715604807026,40.02312977357111,163.6472739935724,163.64687234518806,163.6471199537317,163.64721361376758,41.75489044047141,163.64702910250867,163.64723442801812,163.64708873334274,163.6470651979783,163.64603874291967,163.6473752489846,163.64709848198783,163.64719955387795,163.64711723259376,163.64712070231735,163.64729340143106,50.74343217889598,163.64716786156333,163.64711442192782,54.773599699357945,163.64716992470255,163.64724830344704,59.75050093450045,46.755802578128865,38.88834169831467,163.64735931121066,163.64715051614598,50.743432178895986,163.64729752556747,47.09041676568245,46.75580257814342,-43.39259168574042,2.0276341771928497,-145.72903063658558,-40.6653221345288,14.570382739343824
163.64727019678384,38.12356674358877,39.741805862605815,39.33186284427629,37.947246621202815,163.64736765649633,163.64743909904269,60.35663465826907,60.356634658269066,163.64737080099638,34.969732903899185,163.6472754000606,163.64718487902525,163.64730174536896,36.810901728780344,163.6472580572186,163.6471123573927,163.64637833961402,163.64726705597832,163.64739953211642,163.64710476418247,163.64732602809164,163.64751780494294,163.64723864779546,163.6473309057476,163.64753970515073,163.64714151685672,163.64728440069769,34.96973290389964,163.64722683391733,163.64747173110055,47.237745785585616,41.03367205461408,163.64732396733518,50.56738463779912,39.40006619301019,163.64744050762482,163.6473655960708,163.64731909179716,163.64736971840813,163.64724211843384,46.326266050533775,163.64744917956023,36.169920780459655,163.64733990477202,163.64741828440702,163.64730348066104,163.64723724034462,50.56738463779912,46.3262660505265,-46.83691080493251,-5.802456952871326,-41.256330192757886,28.85165708193394,21.61763795920157
163.64743671362208,163.64719149574844,47.00150931653256,41.084520189410014,38.114525580261045,163.6477138700962,163.64729243495378,163.64719495990994,51.71972131049899,47.001509316561666,33.35937788650901,51.71972137866298,163.64769857841293,29.974672490944357,163.64699350823912,163.64758084887535,163.6476025289013,38.29246448036,163.6472719880831,36.87138959854239,163.64757060342703,34.79547728410359,38.29246448032003,33.94798210999349,163.64747818136095,163.64757060010533,52.207834410064635,52.20783441000625,163.64749297046785,32.41039070106487,32.24914584982818,46.28514389640651,36.87138959854194,163.64752767250855,163.64764009667624,29.16095279191174,163.6471229145647,38.114525580261045,33.14627052090893,163.64760719112377,41.084520189424566,33.00005653775913,163.64765142323483,163.64773322036535,163.64769419268362,31.60365361432543,163.64765494791266,163.64763028534315,46.285143896290094,32.37286781618224,-39.35722121522411,12.985594399122483,-61.5327963295644,-64.1198895809743,-89.5801288435845,12.45178576164409,-56.65481990514005
47.365515415593165,47.64676392811826,47.36551541565137,163.64769028715153,43.4525276928362,44.54932954601507,163.64761396425945,37.78309536079803,163.6475459924178,163.64762388628645,37.78309536079439,48.27745235443919,35.35920540229915,44.54932954787772,47.64676392810371,37.77502543076062,36.79368227680099,36.62775073286505,48.2774523544974,36.79368227680145,163.64783512897816,46.59255867525475,163.64785594404253,46.59255867531296,163.64790388944385,163.6477843897664,163.64776417086966,35.2841088564783,163.64789787407676,163.64774178312274,163.64775967216679,35.55715222939946,163.64763808804622,163.6477176091201,163.6477206440909,43.452527692719784,163.6473131818821,163.64785421080063,45.637460584328565,163.64780840339427,45.637460584095734,163.64764556904123,163.64779105569227,163.64763792444825,163.6477343583333,163.6477554972132,163.6478637506326,163.64772671473014,42.95086737100908,42.95086737100908,-197.62934639117285,-17.719042049488934,8.853728667065326,-100.88770996827085,-157.32437232773955
163.64737731234044,41.067071306590854,33.58060673063098,35.33258822168843,37.37790582065761,163.64654096783545,41.3301001651678,163.647244178733,31.264170929456007,34.800232138493605,163.64714704690368,163.64727026446926,35.65766709867355,163.64660432787102,163.6475705993832,38.373251299138346,163.64755948695597,43.21719809626454,35.425689810989816,163.64752344109996,43.49169611208041,163.64763754436387,163.64764762698758,163.64684144302996,43.49171813003019,32.78920391867203,163.6472982757656,163.64770123938536,163.64691105148296,26.599457700677213,37.222562631993725,163.64751894329373,35.425688035459665,24.023624346351788,163.6440333699503,29.894766600579512,163.64761033390295,43.21719799437169,29.432269677707662,163.6476663264092,31.74392048505447,34.929997276641025,32.81541229270121,163.64746878553132,41.235762955814415,41.235762957684656,163.64757753784983,163.64647074606825,163.64761602369214,31.03097309800003,-1.1837711969137923,8.963266800059037,-0.2617167577303641,-17.08780324037284,-31.276786945828334
45.14526373234703,38.70108536205854,38.085687806466844,163.647219896251,38.23684202063024,37.297096973572856,44.59673640605426,35.69600681487956,163.64743909860937,163.64733643502433,38.95781816440323,49.619314515101024,43.72055027311628,35.242290573060394,163.64735204730977,163.64744950583093,46.557720193815,49.619314515041424,41.55367461957519,163.6473329654691,163.64743703908044,41.89530097731529,163.64723171010507,39.347333168912314,163.64675711576203,37.063695566941,163.64662264252578,163.6473430470939,163.64681131797784,163.64747519853773,163.6474300999459,46.55772019382955,32.54666109929632,34.45804385301732,36.585566099166115,163.64698308121373,42.349013722159,27.48125572706442,42.349013722158546,36.585566100094226,163.6474759028348,163.64759488493405,32.508414269835605,163.6476618289218,163.64755011296785,163.6475172082002,30.08831607029355,34.63894346644451,163.64770806746031,30.75884068159518,14.63466765380906,-1.7995067623116938,-8.143765367924587,-3.2534416964223283,3.5409655199598546
163.64771457040968,163.6479019124505,163.64780721211537,163.64774303113074,50.57546389506108,33.7120681866985,48.263775323841685,163.6476541533876,163.64781084324977,163.64786288264753,35.1186989943144,48.26377532378348,31.145725924269986,30.877251230752112,163.64787762694328,163.6478646172646,39.601255012197456,163.6476816131521,163.64784821878612,163.64786020005022,163.64788491882064,50.57546389506108,51.00626135641001,163.64775067512352,163.64789123165826,42.30720667214159,29.561611782075115,42.307206672152525,163.64788491890192,28.140081820866637,163.64796422401156,163.64782455969618,28.607074133467332,28.882338756645932,163.64792757934384,163.64784277278852,163.6478495626231,163.64788657304774,163.6479700384433,27.456563717677195,163.64798973061437,163.64792980341412,31.61564622172978,163.647499018927,163.64757792941148,163.647846553676,163.64752691628746,41.19009510062906,163.64793693128433,41.190095100634494,-1.9366672923484018,-29.039424754541752,-18.9406293175779,-7.694309733783474,-31.302743590097435,19.443013253009067,-50.20453738252607
49.04166746148944,35.470109599944294,163.64720114477865,43.02314977805359,163.64703257211193,163.64702703941754,163.64716645418468,163.64701035483887,37.24079099166727,37.29232434702342,163.64727952441365,163.64707973174296,163.6471366414632,163.64716786221317,50.15005879883394,42.98939831215324,163.64728299372814,163.64720601990751,163.64725524308687,163.64750534275254,163.6472885266872,163.64724483454165,163.64737318817998,163.646113793557,43.02314977805359,42.98939831215506,50.15005879883394,163.64703950970608,163.64713870323055,163.64721848940178,163.64729686845914,49.803825117808145,163.64703323266173,163.64712829711607,38.39957765877159,43.538436079352024,49.041693648195356,163.64702910298996,49.80382512554567,163.64707073449927,163.64711095179507,163.6472268337489,163.64718380003524,163.64724104067733,41.97141632173351,163.64641777877858,163.6472274901111,163.64718520572922,44.430264089607434,163.6471852063068,16.389581003443595,15.668869969812672,-33.20997256545094,-6.41802589501711,21.379776152117188
163.647584857857,163.64774438483863,163.647638249022,163.64777867311858,163.6478102486363,163.64782046528973,163.64783810953423,163.6470607354769,163.6477840929171,163.64767017662643,41.260475709012994,163.64726555224578,163.64778525814063,163.64776243513222,30.259377453868808,39.04327118921458,42.910395411531155,163.64761531583292,163.64783111430984,163.64771370436353,33.45602698539862,36.1164595458842,163.64782677808864,163.6477799443913,163.6477842793247,163.64777528459945,163.64778048900183,42.09134455311393,163.64778688210265,163.64765077381196,163.64775289604046,163.6477614063682,163.64767559840317,163.64778198168005,36.11645954588283,37.499028306175276,42.091344553117565,37.49902830613162,163.64785326225683,163.64786860122433,163.6478883619356,163.64782377313884,163.6478383257458,32.59128453308533,163.64785645819433,41.260475709012994,39.46428866459428,39.46428866459337,163.64794270970924,35.269791628341906,-11.603957694485707,-122.42223394867071,-27.677125193836954,-302.9492274411788,-33.83043176494203,-100.78097695006726,-125.8302219413902
32.068843664361125,35.55940343525988,36.76147931913714,35.824782664451476,34.438158289637606,36.39653931054612,163.64747346399173,163.64638566186468,49.69858101891029,40.09417258512805,163.64774075238648,33.75830383722725,39.57375694902445,163.64762231242742,163.64761222955104,163.64781786262904,46.48147377525228,163.64779601833658,163.647549785217,40.09417258512441,35.43027886759077,32.916369314384134,36.35765267923328,38.409382280518685,40.49100755638114,32.96309763439224,32.89259714892341,40.1444745732347,37.927405405436,163.6468963857732,163.6475720112989,163.6474960133358,163.6474535183644,32.76554300581459,46.48147377525228,163.64760583476374,163.6475768330052,163.64787293796428,32.5964081830946,33.34004674617197,35.415193779407446,35.32002987113401,36.096038591432034,27.912036409953885,29.847071510302012,163.64774910195655,30.782579141529435,27.367584872823414,163.64782566867558,30.782579141530118,10.151931556958841,-26.735848441740075,12.073571264913301,0.6599037741338827,-110.34782913102869,-64.4061689191037
33.08942160993326,35.7081191088351,31.381865425554604,163.64758100807904,40.982269330917006,163.64747693482263,34.18825986962478,33.78945296572616,34.631098456878625,163.64760079339248,163.64756642712553,163.64768958196993,163.64777040269837,163.64738641067038,163.64743324433766,35.5452913450321,34.685827248602926,34.52295810737912,34.49730531696581,163.64684850245075,163.64753905233852,41.73304672366328,33.94965656908491,163.64765489083425,163.6475640429747,163.64757743486842,163.64714303783995,163.64756956970598,47.4206271104691,47.420627116057034,33.94965656908218,28.251427080508428,163.64744397929195,163.64751856229475,35.545291345037555,163.64757808097255,40.982269330917006,163.6476451870193,163.64766979713778,34.02916314263354,163.64753520471476,40.810824825796146,163.64746132286808,34.083309587081125,41.7330467236651,163.6476965215137,163.64740582068902,163.64760670213377,163.6476191684991,163.64780599337018,-66.4875857168824,2.7737822448181455,15.323101957689156,-17.68863428601124,6.147110315265005
41.00819511344882,163.647126232581,38.97162321863417,40.70645358827704,38.6302926758099,42.675987611399925,39.107263692522274,44.05774554834182,41.08366244622089,40.015249001394196,38.79097527357005,163.6472150198466,163.64723930415772,40.428409432767324,163.64743769286736,163.64701804005603,163.64736765627976,163.64732809007558,163.6470492599637,163.64703744793871,163.6472094882352,163.64735237349623,49.303064582539264,163.6473905330438,163.647572660597,42.937279036531706,42.93727903976171,31.989235525107244,163.64730521386514,163.64728233890628,49.30306458245195,163.64735931051268,163.64729133841217,163.6472094884037,163.6473586572311,163.6474495058069,163.6471747989168,163.64740928526214,163.6473537805379,163.6474231613409,163.64735898478358,34.64967119396648,29.86032626694079,33.58913867941398,163.64723130719432,31.58273124610447,163.6473170306316,33.60877782590639,163.6472854811439,35.48734833871846,17.171490753641496,25.03284147373462,20.121549800847575,-4.017855545890401,7.192641894342976,32.28510511614675
163.64696112946945,55.429844368406734,163.64721014519915,42.6525218064469,163.64726077383182,43.61324401626415,163.64723236538424,43.61324401626415,163.6471733930544,163.64722542620171,47.2945927136646,54.03110521337726,163.64715604730014,43.68984180492204,54.031105213260844,59.22860676363841,163.6470291030862,163.64716504875554,48.19014856770474,163.6463048608311,163.64719073695545,43.91940850683929,54.42374387635428,54.42374378694731,50.619986387373785,163.64700069480716,163.6470568543292,163.64720320746062,163.64716645543626,163.6471699242212,40.92046195931391,48.14845161480858,163.64713176464966,163.64706932468994,163.64692503715247,50.545540482486075,163.64729686925335,163.6472032071237,163.64705338527943,50.54554048251518,43.91940850682474,163.6470915436476,163.6473905322976,163.6469472546662,163.6471581109929,39.20729512644823,45.49398062032357,163.64727952407668,163.6472642423281,41.762158841934365,-22.729905644997448,-356.9769421734186,-237.56678459603557,-120.86691707237107,-129.48962031329714
163.64736906613746,43.21660722124236,45.043813814080046,163.64746132242885,41.30372403440362,163.6475262052209,37.82008531045744,41.60201648035147,38.39050169349889,163.64756680654193,163.64743844703077,163.64761916754833,49.17618656584811,34.01643823332239,163.64688904236698,163.64744885392133,163.6474474457243,40.345033960005864,38.576662770991085,163.64753243854796,163.6475473457,42.11234000051587,163.64746132177902,163.64754458076072,53.193836099773776,163.647448853801,163.64760285239788,163.64749774795393,163.64747937178828,39.62433153031891,163.64745785244043,41.71801823461835,34.43046812495828,163.64753661276137,43.00410789247189,163.64761673105806,35.76537247271722,163.64765472866696,41.27051581387468,163.6473413134986,53.19383618874507,163.64761846328128,163.64753834926296,163.64745037583748,163.6474595891525,163.64752550157363,163.6475740694981,163.64744538649023,163.6474141659026,40.540207503219335,-44.75266129016759,-4.68324419087301,-21.913353746097787,-1.1295490394991123,-10.306060962598615
45.889942716700446,38.089485707622245,163.64708048172452,163.6472080818915,163.6471102940369,54.392688348181295,34.41924885094106,37.014658570761114,163.64743530673087,37.86316581452155,163.6474297750953,163.64721642681616,163.6473190909789,163.64701316617862,44.643779100518,163.64734337358118,163.64738359451098,163.64723171036985,163.64734890757512,163.64738467631696,41.37559320333203,163.64718726985507,163.64751748069926,163.64726846280342,163.6472493843745,163.6472774640181,163.64728093147943,163.64746999519468,163.64736831577056,163.64663520594956,48.63429952749968,163.64645742205744,48.634299527470574,50.231524842991234,44.5389074219335,163.64752094873825,163.6473399056626,163.64715539161176,163.64711723348427,54.392688347715634,163.6471074875825,163.64718380244187,39.05979438978004,163.64740300131058,163.64722542728475,163.64732115260176,37.863165814516094,44.538907421926226,163.64708807560868,163.64718726814635,-119.80175168319943,-187.67997426360768,0.3221686534323757,-37.42299402100804,5.711164910530839
163.64785212345515,40.36307497840957,163.6477471526552,28.922512144864935,163.64789047496862,40.363074978383025,42.330339182507075,163.64776747793275,163.64765819199192,31.238178551679283,33.56282165098867,35.686963770303095,35.57646345311634,29.431850161591505,163.64780478992634,163.64780127802288,163.64785900819106,163.64785255766105,163.6478139617853,163.64786009039267,163.6478282444677,163.6478785514728,42.330339182507075,163.6478243150928,163.6478417157171,32.87379380817617,163.64788987949976,163.6478033641456,32.28740811384208,31.537422203087118,32.89900518107133,31.680410176590073,163.64780737395324,33.39496534079891,32.48188317541773,163.64782222753195,31.733688720455792,26.355075947939746,163.64779653272387,163.64771744603888,163.64778807719227,163.6477436534809,163.64780703762045,163.6478913128238,163.6478354551017,163.6479253725189,163.64787795388366,39.24935960459006,32.62548927212774,163.64788389474722,-6.27649430374805,6.067328678864923,-32.76196586556315,13.546981002709318,2.070230478734533
163.64730488770277,163.64753927396686,163.64730521504453,43.81872909440288,163.6468872028021,40.36774449877507,163.64764762834756,48.642807312064065,34.95538564668868,38.364747537451876,42.07209944559715,38.194104089930924,163.6475327658958,163.64745958840643,163.64765971378608,163.64746896542727,163.6474717297407,38.21122001388633,27.709809469043318,163.64774996921818,30.781529997276564,29.510135953104577,25.728481522191668,48.64280731209317,43.81872910045997,37.952509973526084,163.64776054057182,36.505347160672756,38.21122001385723,29.36214603270197,35.9931286893534,163.64758344821587,163.64761570202933,163.64754561232144,163.6474783426466,40.36774449693243,31.972870898688758,163.64756713270435,163.64743736595887,163.64760908529774,163.64740722483663,163.647645351559,37.952509973518985,163.6476677366702,163.6476816170441,39.52826222876709,39.01158391364814,31.97287089868863,163.64769028882603,163.64777181508964,-53.98144911065624,-26.94122467073808,-22.63607263490124,9.742235737515514,1.2017851448632817,8.24774505844728,-67.06677172218255
163.64757824469234,163.64759369400122,163.64778579867573,163.64753542294778,163.6475780827206,41.57353756304843,163.64757201137724,163.64771663177402,40.98851087413655,163.64785117367575,163.6475532581298,26.460609394443445,163.64769657660628,35.64829232760509,163.64773885763498,31.968459948484938,39.71338790473425,163.64780555695774,163.64765386196348,45.566477531498414,163.64770443683142,163.64761570009318,163.64778777877757,163.6477111038136,29.88714512360925,24.908149760507506,163.64783802850684,39.29328725691911,163.6476686056845,163.6473862645984,45.56647753133588,31.637701489470633,38.88873303699626,163.6478073753791,163.64782046514455,30.071775580069502,163.64769419084598,30.322905876241993,163.64783816590102,29.31150795974235,27.198446342872266,29.44402290086247,163.64781951557222,163.64778417486173,34.911318311763615,163.6477605407523,163.64785724560323,163.64775707169656,163.6478217088607,163.647702597612,-7.860091289691869,5.097891060710932,4.289222270875083,15.785295646781002,-53.092029758360034
48.755129638738076,163.64695278743284,41.505511739898694,163.64697219586907,163.64708807397216,55.63412995720351,52.321429028742585,163.64724136513087,39.99028749652997,163.6469736005763,163.64692090853964,163.6470748575528,46.7739220708002,163.64718305286954,163.64716851838284,163.64710954619733,163.64704851065608,163.64718033091322,163.64692644082487,163.6471789246417,59.4635825583663,163.64727464885163,163.6471227642051,58.20687607382787,163.6471268910371,44.00257510259807,163.64707973116543,48.57718615413857,59.46358255976328,163.64715951678306,45.23541206815097,163.64727258604938,45.02642308326294,163.6472732432299,48.700951145131334,163.64691950294196,52.32151644453835,163.64700622627413,45.32738752461483,47.534098767365144,163.64710260879576,163.64730727835223,163.64706866654672,58.20687607289655,45.23541207557069,37.55568026867503,163.64728852526736,39.48404475454653,39.05750734072889,37.67981615239468,2.959578115238306,33.607374339640856,-65.39930163276708,-51.492770309037176,27.016385978862573
