-11.756765475420021,-15.525405863533084,-20.574272986798928,-25.989855122541336,-4.816836178662671,-1.8563675971829128,-5.059569472949739,-5.390756356434687,-20.123219400660837,-1.0043330283800833,-5.50771013543275,-8.5262867109527,-0.3469056535154724,-2.699734566572677,-17.333049785483393,-7.803501981523278,-9.172666571695803,-15.614087159380059,1.6073365936526967,-21.788971153012096,-6.25591341159892,-4.747517093778395,-10.28535455937698,-31.72229895889614,-9.823460761240081,-21.05815471054807,-5.4342559184918455,-8.301024179309334,-25.80527989222987,-10.712645124337577
-17.283509407550003,-25.12673796576973,-2.7866020790024475,-13.995408368448008,-25.13498068533251,-5.872867242114584,-16.87065385481274,-24.641401937728684,-7.326058310813577,-20.573853991960412,-2.386262955824955,-2.4670838254736256,-6.0041218070676585,-13.567798977457763,-6.504136687181107,-19.540655020926902,-4.984648057092978,-19.45834689531744,-5.583255936610374,-21.665055353937664,-6.333863053855932,-16.537662698089132,-24.2775544512232,-20.357047644592214,-9.689722888100896
-11.564684907741002,-11.200140500612585,-12.772782356133826,-14.27349225663597,-7.9555111186369585,-22.521888234505475,-15.566046323528266,-9.944151871449208,-21.459619874436438,-18.19424169693777,-9.869562818661477,-13.97268086625554,-6.406498135716009,-21.0795011256722,-16.928112084006194,-23.96347877333794,-17.29320252113704,-16.80659803386932,-35.081783537538094,-7.328057863553956,-15.018925565568427,-19.437895080741725,-8.881928055173278,-28.369460300970083,-9.817126967891962,-15.153617901836261,-5.739004882713943,-9.220615822816814,-18.45170790282147,-8.360916250206795,-21.143272738838284,-432.4296713942547,-17.350204572123044,-14.741113259449362,-18.082653112447513,-18.770354179306675,-15.206389128261165,-12.008024188836396,-9.137107468205848,-12.069701460516571,-11.338146145298285,-19.12924130633839,-24.09599595273938,-8.487412934098659,-25.04005052280133,-25.818725557963468,-18.133022648343992,-61.59059856465644,-18.17025301670516,-15.072218603279694,-28.12782319263006,-78.876913409176,-12.583382792276023,-9.03316739064017,-8.749616117040292,-52.51069657793298,-7.689733108511202
5.239166097658114,-6.595730220660483,5.169903693432733,-3.3155436716037903,-1.8779204488585708,4.070847518733302,0.24017048682914338,-9.69487554536264,-1.820225087804072,-13.511017712036148,5.939541485572258,-9.071525428019665,-18.813607559838527,4.697232573157365,-12.703795852827383,-9.642163403237818,1.6376849557696254,-14.665242190862257,-8.377558938844109,4.084987623522795,-50.12940071413837,-8.461171643824104,-14.056368864677658,-4.234012278348521,-31.94990604912586,-9.712091347403783,-10.978787080499952,-5.992105659404675,-2.5175676933018143,-24.836099309277625,-24.47301665007623,-2.5939020837579174,-8.696137895559463,-16.789420172657927,5.050452023526715,3.5668983366611475,-6.390272633326548,-13.106393536202209,-111.97971856910884,3.5842754532650623,-9.635964056873329,-10.282730568980577,4.747748005777384,-44.97222183088019,-7.530891117427673,0.5581056899588583,-7.5356961982075905,2.434411877720356,0.05981417365742033,3.005239393410128,7.338689749123687,-4.342365301817737,4.166060668367515,-10.791266464718634,-2.0590951390054273,-8.193395561974818,-20.763419650608967
-8.434395255358133,-4.935974337693195,-11.251091256107506,1.029766219029168,-3.047271927572962,-4.366048658592912,-2.8745179765088165,-0.16355655748143416,-25.239755183028205,-0.2486508178061504,-6.489907094626758,-11.442166826299744,-13.373669644054893,-4.624046447976787,-14.160269468206868,-21.31368108132285,-3.9065740744330797,-7.045145715334634,-0.912044975581304,-14.053831906609723,-12.690153647256672,-5.842165919628065,0.4814540035646866,-4.023285577556275,-95.09102813804543,-13.1358846680091,-29.075902742349783,-30.851936534289628,-27.771082785083895,-41.238833100359486,-12.017985959916434,-215.35139518408235,-5.044368174856667,-29.65541859577605,-14.029880347417178,-5.056495602561523,-43.797751061197175,-94.39978646212185,-1.4526183535946087,-89.58693297219453,-82.31588072254881,-62.803979427070445,-3.2890178766100253,-25.027118320863,-25.44534538293456,-15.673291368914597,-388.8463369974228,-0.9707349479622129,-31.09021205030087,-0.02492564384565954,-24.864911576218102
-7.725767024364307,-19.252305529795404,-12.97170260479924,-8.802094804047833,-12.44522418318695,-17.19368433952624,-29.838336005796144,-19.97203233449914,-10.877787273693022,-8.254598009035405,-7.070644876802283,-20.213100202791285,-7.424870400639806,-11.766764027349966,-12.260827292861276,-9.320130416453452,-33.248222082237525,-8.876045792252734,-7.985663447704907,-10.004544931020614,-8.181454747592403,-209.56572740436042,-8.742238147773051,-16.163040367724324,-10.134911402185415,-6.216534487819234,-22.64217125883879,-19.995379002472895,-36.196722155517115,-10.965909143767933,-11.565355117914088,-53.58735625301704
-6.2743589575456085,17.94740895439822,9.447937773986279,-12.857862723067818,17.129113818674405,-9.140038949840928,15.51969316546887,-9.298435510265332,-0.6687555269541436,2.368711394311198,8.53785948467148,18.393130591016398,16.785790147875467,-0.05808507955050857,14.730657303949645,-0.14591716601795235,13.46153416236872,-3.542931429684913,18.797550047280968,18.491085580821935,16.446929693709553,-3.090430157452822,9.96898206597526,-46.30546870027658,18.148901894024384,3.9487898036527866,0.7151984915391127,9.290605755185785,17.45745700069344,-72.48284968283875,14.439015813684334,17.936578917365658,19.026186504271998,0.9562558775455015,-3808.3847749495912,14.128485074459899,-8.420543624275965,-199.20604636189523,-116.15999696705813,-4.411611928038692,16.67732365417882,-14.954157929072377,-94.98233168259412,13.928616662234479,13.856129643861218,12.354174556606777,-29.747971148711382,0.6551434640118143,15.420861733977466,17.794909383105033,2.4602811944861065,1.4168366060143889
2.0919031920480395,11.168228778837204,11.49719991607407,4.538189173406432,6.3401649626980685,9.989971279261043,-21.891590431640893,-17.392412188146242,0.8791702060781224,7.435895018735945,10.749128796382292,-1.8352731381631202,6.813488775401121,-4.985520959548418,4.109221239399966,-0.11537912388002503,-9.596029491824384,3.7619380144813825,8.661445707245475,-3.123795142655049,9.73576556645545,-9.013239843722952,3.5725329840254303,0.06341060051335334,1.8233367160114458,-4.531091816698716,4.8905059465023735,-913.4507772014048,-11.472500412332186,2.7425229050576947,1.2728916675557997,-22.935361261445482,-7.635392142886581,6.988658347104514,1.4322361527419298,6.498175632653512,5.779564254305202,-27.179837896693588,-17.027018349868808,-6.031926652642294,8.94103288224282,-2.2131956116411478,-0.27971493721835106,-3.8121731757964747,9.35346687864984,-1.4390784469115172,10.741974767408676,4.984119937777958,-28.046685798196652,-31.169592643662046,7.017770014460606,5.531350376496349,3.931974732685979,-4.014731997516045,-36.12576852410219,-1.6863882086067494,6.544726739562946,-16.290844309312124,5.205920603704184,7.530931549256159,-6.305560556111905,6.147764723754499,8.150775236844506
-8.853390065437635,-9.461062922130473,-12.370440446342585,-6.2770637635443265,-10.097623174376306,-11.937241236156805,-9.65461688716101,-10.186115510174995,-10.014068811324632,-13.21106680490899,-8.821094830251678,-18.467177578196345,-45.03195267187116,-11.64124651208355,-8.26245336944343,-24.924377936332622,-18.32025890597335,-22.486781210235428,-10.702964486621951,-26.727951547984546,-11.119253834899952,-36.885534198233486,-15.060100608678582,-20.062279738866774,-20.197541423635013,-41.818628709286166,-8.541227910724,-10.657125980216104,-34.51169087715861,-10.065782327549826,-15.760733450189239,-11.710460377022185,-9.367154035913655,-7.867251485099184,-19.551271123031203,-30.186338073979183,-15.268975628965247,-14.604798190350746,-70.79448608473896,-7.552834601415878,-33.93819568990784,-119.32542403551265,-6.780626356179141,-18.06440894030738,-17.830889053730203,-11.74214379749036,-12.146858688380046,-25.94251438750243
-3.593168823236243,-6.3106768506397115,-8.2440373122254,-5.736631606298604,-7.949811730038927,-5.769859411993198,-5.323588425556326,-9.7291447341004,-9.701709620236992,-6.902896444988303,-1.7828511532504219,-4.380977395113223,-9.8018986403504,-10.807622217604179,-9.057347451608381,-4.063611718477861,-1.555115402186872,-5.544899153507177,-4.834832353067145,-3.1644251393839253,-37.64302965967616,-34.3870192269965,-13.52375762893193,-7.661613672266145,-3.0221910642495353,-12.627582234100375,-8.211626179008435,-33.441084220547,-3.8712200584748855,-6.228820023849144,-7.489660926226594,-0.4907650300603179,-11.14910679330133,-5.51866931058581,-2.2914556863130455,-7.3468205153504,-1.5290944144143193,-33.06331723156795,-2.627188139904251,-3.9081821175829914,-38.64713329406506,-8.804002786036792
5.098075366839673,8.30449613415522,7.5090213047107675,6.2482944488816266,7.606436359089864,9.049135729980005,5.8178892711184815,5.883275043734408,8.026991306992265,6.207639315700643,-8.439702549380277,-10.696557900282608,3.168766264850896,-10.769675044934958,0.9164488359860258,-5.69535465021575,7.748864533782744,2.5316103706427833,-6.734484302516926,-22.314182388579628,-28.379177920914746,7.7162912645697235,8.286955849225977,5.97183530522918,-7.331261460770799,-32.558585730926666,8.106696847569893,5.7669504958883575,8.02513939909434,1.9860599965835894,-1.0682724024174615,-198.8649196014856,-19.38269494861188,6.788744868343349,-36.87696356842492,10.461187016052211,-9.218255876037388,1.8383110795018154,-0.6082673493219692,5.468054841735985,9.003785545953077,2.7745126325655676,5.94557997291399,9.27696537678874,9.074823233259687,5.3199337744373,-11.285787098243462,2.6750410640094793,-18.998340396887375,-32.16854820849907,8.448994432235827,-14.289712270382239,-72.48106061141985,7.009665683409098,9.777656571114123,-92.89591707011787,1.4857936823528854,5.447537166027729,5.666222578121628
-15.806725814210886,-13.2790169650901,-18.643719616440315,-12.526490268833593,-20.274606240367607,-15.795689323843757,-21.43345603348937,-11.025739679935059,-12.68505967338499,-28.185157026098324,-12.508298744602959,-9.775779721088611,-22.435620370049843,-16.26643946563236,-11.085535216430342,-9.234156285485561,-20.78533801650925,-23.407600745871587,-20.996189349165032,-14.672151879364415,-14.565819730916365,-16.948207014441145,-75.34387526149173,-15.292568875929035,-35.881434652614146,-26.806889754011593,-20.341304707600145,-79.82494152608322,-10.485174374249759,-142.25657508827263,-37.304204322502166,-50.50279963962523,-11.993472921865292,-14.652317923485413,-18.79690251555556,-12.373959490922656,-13.903700049220708,-22.451399253863716,-11.954181178987941,-10.417633028067682,-15.67114366951304,-30.15479103189822,-26.690847908596787,-14.678792831903364,-47.57552986479789,-24.22741797500126,-14.032934623278695,-15.978869613116512,-12.707367812770965,-22.508242669745165,-11.573990198322491,-8.53390938692254,-129.7321661775412,-19.494025418999502,-16.07923030473461,-16.0288647977208,-11.782993137870243,-9.968536665175424,-8.425788559187266,-20.07655510636392,-9.466477285023425,-8.548832570462242,-14.921468369460865,-13.212469316589996,-9.938596018798743,-10.331381662679703,-11.307806381610085,-9.458103368533903,-54.573154286359156,-15.5166548692364,-17.778030971813788,-13.429453423015667,-12.275463223235699
2.414672549466721,-5.770285861169901,-4.009318439651484,-8.998012983663877,-16.66204371348397,0.3652358630044175,-13.368418489337861,1.700172882242436,3.5922272071324173,-9.817039038976674,0.9501432345037912,2.0653195091608145,-4.5285473362617115,-11.959396271417512,-11.112912609109628,-4.533596046238426,0.14372721677368006,-10.96751054993829,-11.992717653247013,-9.63564821881723,-0.47196897984738395,-3.0645842819637537,-0.19223567925634674,-13.708409531345882,-3.1106131146045914,-14.465188418185761,-24.229501381214405,-2.7576501956174257,-24.486209853037103,-27.2283049679348,-1.0237408849353926,-0.2749637228053794,1.703631497417699,-8.666610983536804,2.5070545250859664,-2.7750037216228325,-7.112579860311798,-1.4840188056733175,-20.570811725487214,0.8762669312088578,-9.206371174866659,1.2580499286923688,-14.03735166194418,-25.518232780747635,1.6511381442427158,-7.914271368466691,-7.305571431462051,-17.161053900345248,-27.19206856546852,-14.382661841582188,-0.4529271597909726,1.8761573908678448,-9.540468619570184,0.9259740005113936,0.565073673261599,-9.095233482537882,-7.699225482526674,-162.10334816964294,1.5962514208577854,-107.07268238208175,-9.454273404700688,2.28847159041538,-14.291557338921779
0.9441249531696985,-18.600038055006078,-11.983048788553063,-20.807374730199488,-3.430881014915236,-4.838640452366043,1.8013750468121872,-0.04737903491601475,4.060118161593157,-4.263138041068849,-10.838639983883834,1.3851710781983473,0.48664038598177967,0.9050062256617304,-12.975065391955948,-6.397342939978925,-13.3681221135182,2.767666144350138,-1.4074540697669347,1.0767868579687925,-5.41673327762168,-39.19603928776014,1.3060959186921297,-9.2148449929029,-2.313058758731365,-9.087122048703382,3.4450650844635247,-8.176666129709695,1.4081528942787644,2.4617746847180872,0.25406663876329844,-588.0262033904281,-3.480515335155542,-64.33458474796637,-10.684876199060243,-1.3336178284571485,-10.692111962706537,-31.677311050271616,-8.4779520640834,-1.420355158961179,-5.259189221211832,-1.7994342038013753,-5.273161898411253,-16.790180927171352,-1.9128959367338678,-0.1713189679325275,-87.27153913703826
18.170478298123818,-15.453000844425683,12.952115087482026,-2.60446005098743,-15.042488458912546,11.418907999594513,5.723796763357322,19.80175935186501,12.703896450139924,8.669230650940532,10.3615999983893,7.251388272202781,16.532077974404494,17.955827135498325,12.68148381163878,16.81953938598355,8.882334303724239,10.995188715289148,-12.025052926155192,-8.723711302107985,-25.841218335585253,-10.584218211724263,-9.752463336794294,13.981427211941238,17.02191437479788,8.445441072410366,16.337478580695024,12.784863900047686,12.10297326213689,-9.142084359493717,15.577470713163827,-11.725811614351253,15.228953528741823,13.821145428023426,13.086904468367946,-14.72362761955261,-22.399129477978548,15.769563234971832,-11.601617125712743,-9.849690225037167,16.96144167845967,3.586700772545472,-15.758094414001166,-2.577401331759639,-24.24060474181985,12.188467719606313,14.301221921625492,0.25238177253484556,-14.259571559747085,-0.29658684270239033,8.934082226675358,8.101161942489522,16.80490642088684,10.882229480607297,16.26227286939288,16.806231038151388,10.8403844348193,-14.718722210033123,-14.35756019439284,13.197300443881645,-20.528151784490902,8.318851178462113,11.714725973289534,6.165621484943035,7.158234462574715,16.532955451939284,15.432510148349946,-10.093102446028482,11.749471037687465,12.89326205370194,-118.89153379350039,14.330873762941803,-25.806305850986774,-33.65918060127872,-2.779863830849267,-11.403150036774964,19.353176943412436,-45.21103128040723
-24.74595945092167,-20.558253008522716,-3.8027177610692746,-7.154256331462542,-14.406503066227682,-14.018942812422884,-5.924043770631802,-9.1690759778098,-3.086769558970899,-11.203312697372583,-2.698783347611416,-23.56992340744662,-14.39134148223729,-5.7524848502158346,-11.520629886659915,-15.133323847858026,-10.95206963344365,-3.032458202668819,-25.768399359357428,-11.376576482923301,-7.142332618256417,-21.3540731145142,-12.16864930395259,-13.952939666688648,-11.772380946066255,-12.925314400887101,-21.079574016433217,-8.094454257257604,-291.4484540110129,-11.808153592565318,-5.628306427757077,-16.395060434247537,-35.04533298637789,-151.8499360819784,-7.662989675368493,-23.207386595566472,-16.12425501459458,-7.254373101333919,-21.73103884542334,-5.119038044827529,-8.54067059365092,-15.013879394825068,-34.846812590929886,-11.930451908554856,-5.442752534794254,-12.23796650361525,-5.394898603695952,-111.69469531206757,-51.77088991303529,-23.105922216487244,-18.34736435880037,-11.92729593293264,-75.99986081585097,-12.057046478282585,-76.28939541033381,-5.819884735213002,-6.791856673021274,-9.95111268502625,-8.08477383043533,-5.636899189975944,-2.3965958995082057,-10.629234249182353,-4.503363202753143,-10.447089083151969,-28.333194203895697,-12.2269359701769,-47.110337529619315,-18.287284518486707,-17.911862276201166,-24.511010409680967,-16.681037507297628
-44.64213029870839,-22.985063775231918,-17.682637314937313,-18.224800075593016,-17.53513737090272,-29.70185646576533,-18.461747272318277,-18.315014546140038,-20.122362300111465,-21.55988345695116,-26.735918777020203,-38.69752790217974,-21.610779812699995,-23.10863926907858,-26.00734475292202,-12.666181023548504,-18.532201615955945,-17.60365241038194,-25.041055696070295,-24.68795014992363,-21.61373072001279,-22.667767459691675,-37.940591940466824,-20.064507496399997,-29.73413251698166,-42.332726163011074,-28.06939416330152,-23.589349012292853,-23.593113744843027,-19.70666068825363,-30.07541333514935,-19.65211456601104,-20.716537111768346,-18.79604649490301,-19.82439783907746,-48.847451249536036,-118.89469941907775,-34.794894396010626,-213.77352995201625,-22.930881518682664,-18.70231239697798,-21.308410059003265,-24.573067653592894,-46.54522729792687,-26.84625198765477,-17.03550014382097,-31.784767208673077,-32.644505821250476,-22.52163257629513,-19.54552923623046,-27.04357422031018,-23.310892973935214,-20.50234603493601,-16.085027365508026,-16.821125316328146,-21.86756876303992,-19.865131451536534,-24.09822782629841
-8.158066652082661,-19.354159021036537,-49.99311769845994,-6.215585119486471,-8.938350938661818,-5.233415080129857,-0.029053992888064872,-3.1425313841636693,-8.90749103799869,-10.290931440295198,-14.503631973370121,-0.029099769255252372,-5.763287789217911,-5.1526643985990095,-18.50909484479849,-4.044266590870331,-3.4451307854682347,-5.463960193987811,-25.242181229673356,-6.970701689134723,-14.56447298092604,-8.923879717149132,-11.021097944131194,-4.406566051153055,-45.77201579535212,-6.178913725790595,-15.716934682888864,-21.683382159795812,-31.55240089478673,-4.731143541131738,-6.363749022070339,-4.576978270064592,-23.612946356936746,-4.848925770646728,-9.732637576701586,-11.181393266347017,-5.851198302226779,-3.8185643524131954,-4.985426189231626,-29.033628730976318,-9.215817828767415,-6.077740309683508,-4.991608616688952,-10.125605192343071,-3.5991069894911774,-14.680803192644836
-7.71964023243071,-13.193766040870548,-17.153746581761002,-5.017474135137059,-3.811294577086904,-18.447888706453185,-8.452184120425114,-5.9996756125427595,-8.746931159179423,-3.456402741366277,-21.611950601686114,-36.027325717234454,-6.3437202950050855,-23.146978764448196,-8.551540716451491,-15.299081043934706,-6.615266220398859,-18.718426678586344,-20.024213053822326,-7.811073589492501,-63.78482758854414,-4.443530903484549,-2.4927389089601997,-12.785038341796474,-76.01458566515488,-8.161264018394508,-5.409648352748453,-4.491743086169679,-10.908215904191334,-3.889683307980144,-4.567559538880761,-5.957841924355565,-16.52528308585055,-11.841448848708627,-29.442863191710433,-3.44302978653173,-17.7654967181766
-6.394480548579915,-19.080386316225628,-13.798497196775894,-4.006377261828338,-4.956182306501485,-1.8795657277106155,-1.2493016945624835,-5.704036126317472,-12.156444796741404,-6.011487874761985,-18.54260177615771,-11.607676166469584,-8.695848657279747,-1.798030666652748,-2.144236802819337,-6.288790372251241,-12.487975184939748,-4.503447279958975,-11.015168104715666,-16.29299265358498,-7.180007178151263,-35.54865248107663,-5.731760841561537,-6.3121762947359485,-19.747129215800037,-5.863019058104192,-25.096816607424792
-1.0948010522825433,-16.454535641027345,-1.9439384802923243,0.8649487550492215,-9.644942949631702,-2.8585226198812324,2.53688529761499,4.8838473599167305,5.661870365489583,-0.8614436655825606,-7.899051621427711,4.063618476807673,5.832576798507845,-3.5052610314066692,2.212760382712378,-17.47797833735063,1.474699841049735,-8.944777302464054,-2.6961273674804525,0.794989849770132,0.9819955714150681,3.498016904849221,-0.732078605186474,-2.407396757686267,-12.061799332746798,-1.1909546724031483,-4.2923864583846605,0.6330407041727459,-13.538162389996863,0.27831591051571525,-7.780826077747239,0.30317376569227605,-10.601074957281785,-1.1984026356658124,-13.190615722529465,2.6395848214788864,5.930524354325081,-8.047917859614518,-6.8217159556027696,-20.732012348083,-14.992860336525524,1.9447724928292567,-63.29444560400512,3.5302644797557745,1.8079625857467374,-10.342055535565034,-12.786997823052573,-2.383674128372922,-9.464390528039312,-41.71717506670964,-11.182021975957039,-30.754153208274428,-14.585370513811666,-16.711435907284745,-1.6671975585497607,-16.167259225941027
-9.622041667568391,-0.6415973878008704,-19.139131980279924,-5.397646080510539,-20.135446818152463,-5.690878091460743,-21.920883727026226,-19.492109156980735,-6.052131203318393,-10.944290076983494,4.875751240980671,-0.3881260207356059,-7.22683091408058,5.0192099031644775,-4.798047161154464,4.962817522932244,1.8440204981531414,-15.972470422065362,-30.97497162827492,2.974826970183241,3.3890544305586325,-33.7103245428335,-0.44438796397713115,-6.184755030512885,5.81393541472838,-391.7337213195431,-0.8440033781870668,-0.23164292706268902,-2.8321175541119015,0.6158346531186656,-26.227236716452925,-22.220802157335612,-8.971702594706175,-0.09065875337797175,-17.30004177450032,1.9160325103997038,-17.809012864021167,-22.241289161139584,-1.2227247827116847,3.9444975112296716,-25.87373532883579,0.3816244584800316,-19.88928235424487,-26.870827166696703,-5.426993898868,4.425506567881898,-18.118212320365974,-19.093183574445195,-3.1747141441840316,-22.713769598799967,5.321005310969748,0.7611044884218336,-0.3481158740356299,2.8601444654031947,-5.31477315671371,2.6230607738716927,-1.3854556314365631
-10.195442324050491,-18.540958747782604,-14.617573096589759,-9.04331881276324,-19.713040929937478,-12.608302559216122,-15.89195437548507,-9.384057070661626,-13.94877257023109,-17.258379545176602,-21.15948661215331,-8.381570061938234,-8.269232905464266,-12.182718992032019,-16.608634682223993,-14.016270933244169,-5.26572564788901,-5.689822400729611,-8.874817800667062,-12.647504967792063,-12.991843627664323,-7.664047750303023,-17.90372074011678,-5.281618220283103,-12.99228364818998,-23.457134121202962,-17.61847691058167,-18.017356410699264,-18.61101505342108,-12.476609930844601,-8.573714020845701,-29.34765206029951,-46.1263297832394,-11.78000013108214,-8.309660397044794,-12.92898297954723,-12.453994434434472,-8.047332943121518,-93.6631338109541,-5.725388357572432,-12.778316602497243,-20.795659435559013,-16.316893627928355,-75.96204450359438,-14.618492171906562,-15.281972888188287,-25.151022902545485,-5.067214926216875,-15.911271486440366,-18.191454489527608,-13.451006920824256,-7.756142675826484,-8.600361716458432,-7.559105508633282,-9.053349130333446,-5.789066171566843,-10.959473737412823,-13.780568407914968,-11.420608880122536,-12.490295815009851,-4.407107149917809,-16.86239400988196,-13.688653105140775,-13.9209469329469,-6.652364864040979,-21.439087616325516
8.99549621786883,-4.438885141784175,7.722091864476582,2.8847753009185464,10.699323345714891,5.702310247139703,-1.9733547390620534,-1.904062352749094,0.7595416596306115,4.05498545347175,4.352541882177528,-0.05306175890985945,-12.838084577002657,-2.7314350509602385,7.5869514781979985,6.994761865741801,9.14898800226832,-0.1418343971269361,4.4388112953803125,-2.267575153786771,-15.515773303276667,6.1211772729464275,-1.171584393422737,4.626699492173885,-17.23874783707511,-20.79356383361267,-11.877004532563548,8.645434749249786,-34.788906433052986,-1.9975284875749524,-15.182318036564466,-1.642039814238569,-3.3132782464269153,4.305062425635912,5.793803458738763,10.364398833660243,10.787146541955458,-16.439313283740912,-8.108032429525068,0.5910973666760455,6.5907639622528675,-18.57619904898843,-16.437146315798632,-15.964285008420104,-28.017367490110768
-0.4700703946775038,0.012089668188941773,-5.583755446541569,-5.0396439074967,-5.602193186029166,-6.006300570021097,-2.699827937399692,-3.4756050541724064,-2.0781269826760003,-13.361218688036747,-1.747403215490864,-13.524233979321956,-8.640687460433508,-14.82557962146078,-6.279159595927934,-27.955325750068543,-5.581832117922454,-15.18578720782754,-2.127599851147579,-5.744149873590089,-1.4899752294023676,-15.663941031727939,-2.020614740333451,-62.87033151415927,-14.77307984579683,-20.11356252804595,-2.5209163506832906,-0.03171649392352618,-2.9711704952380846,1.5228270145216138,-25.682598248218355,-12.951616315592474,-4.3124401939844486,-1.9131109843961374,-24.130968384799,-64.6120778208218,-16.53597952230249,-0.6181094758007402,-1.9680831236708054,-2.5189149546542757,-0.6452123128583567,-2.8505242752670132,-6.4703868452015705,-3.7218199358535884,-2.7811449247983684,-8.642690841982581,-0.7002833602960112,-2.0672696562216655,-3.5934970179249217,-13.833283785271558,-1.6825382276115266,-21.783005054811245,-1.0237416371350683,-15.183311157286576,-2.490825790699762,-14.606587650141853
-3.2786188802120915,3.175812647113887,-4.164868791896358,1.4742552405172489,-26.883049560725997,-1.257281090006349,-12.874804892467512,2.174131529499198,3.189579144128457,-16.323152138958253,-4.737917788344174,-8.876280517808148,3.4179048446128686,-15.846440213236225,3.092350969050668,0.32654163758945276,-8.23404078759694,-17.468960274616183,2.4254325131107444,-16.32873257700765,-23.202259841280892,-1.7873364549701922,-79.2617853687877,-21.04686565969864,-29.678917493143537,-7.1173588251647715,-31.869379443402266,-21.528067160552908,-16.4320175183474,-16.178459046772193,-14.057269878869823,-16.38386337189863,-17.259869181088966,-12.505791207573552,-10.333768232878931,-19.488030067450406,-19.934213747317408,-63.53884841150706,-0.5779057123308673,-31.99074259714105,-11.310680359943007,-16.423361618508107,-76.84479404423175,-9.62649770126248,-14.237550680495975,-12.54935839342551,-19.120239343037785,-557.4649733761729,2.166633330011322,-3.835293026605911,-17.768875453426823,-0.3702369348936503
-24.620557674022425,-16.271147296286596,-9.27751677738073,-1.3647401628469669,-11.721693293857344,-11.938594267547543,-9.496331419015773,-2.5412718377109953,-9.090072464417947,-4.918162983981919,-10.059860693892444,-16.771590232039674,-17.569739641720002,-15.415259838134844,-9.764883918969462,-8.131880846378063,-13.442593972773576,-11.139512683072965,-10.816513579547447,-16.130081969438905,-69.56638229995029,-17.571536267038187,-4.773003423918641,-3.111521256282761,-16.203122757259422,-10.3371680664241,-41.17359392905037,-109.19052976403317,-19.50323306743884,-111.13382999996801,-4.198227598504234,-10.545381648636104,-13.975193023537392,-3.8271010752383026,-12.948927223591376,-12.249452993379306,-15.309071083604472,-6.641430905824831,-15.302206735063676,-27.809407865246833,-5.5203634755585,-9.132488317598451,-4.636524510923333,-16.489173424949335,-11.307686858118577,-14.657246327285879,-324.13412095098573,-1991.0507133584429,-5.87241932093376,-7.332526997660305,-14.713433981022785,-13.772470408263462,-19.922959537443045,-7.15167109842382,-9.573933459888364,-20.70407192606027,-22.52549838471766,-12.499474551462967
6.5024165855880565,10.392702913169938,1.5005861372969973,13.473176788477407,9.350001159659143,8.368060900607881,7.533452391065379,10.431299591429429,11.498765682241071,11.207092162902253,0.8522629055248301,11.520411873059686,-0.8707306375487833,-1.97454903302794,9.103916155364667,10.067772736083878,9.77676950674758,8.980840935423396,11.237704309770937,14.272037285090331,-14.176264646362725,4.020334212913355,-4.507444313615408,0.23891338844860938,1.411714769090116,8.90004465609904,8.218714831863704,3.1146816648702282,14.712560408157339,5.269677601601161,-369.3751726486518,10.260497247597597,1.63237545333594,-10.05690385102362,1.574691240402853,-41.80449373538683,10.796476792155723,11.95952467574627,-1.5044280349887462,4.110520183843204,14.28562297043098,-33.78236438145901,10.479739393316047,11.49325907054735,-8.682677975830092,4.899491082598542,3.9815088194846413,3.1796012539618146,7.2037196663076895,-27.5282942473046,1.5715945390537494,5.380852389924447,-465.13954980369084,13.961643433956612,-33.94518843545388,11.488000938926962,11.117488562858188,4.716697160249714,13.429105608399787,0.5343495019925948,-3.6165428366700265,-2.641417680897358,8.12958856188646,-2073.0722470329133,13.14040212831375,9.82730791413878,-257.8338886998184,10.377170159372593,13.302690264379937,12.257588769382325,1.2185810018407521,9.366165410582425,12.428029873487308,4.613765629303879,5.5574803123738,12.124493732781263,-7.905786801021385,13.430087924668983,13.272242752749449,0.6231340186227144,3.5126330258257905,10.403974712199389,4.811295977862989,13.657589494384919,5.716858581988316,8.02673818212709,9.012077877936518,4.719640904165181,11.447398756651813,10.390865541898972,7.610473114282449,0.7705828832124743,9.834228772631478,-29.490962976414792
-5.671438536017256,-4.142624677359818,-4.716817663305739,-8.808851683651405,-3.7674763498803716,-7.8049012995949045,-27.28033741451834,-3.7681153931541305,-39.4400389287125,-6.6857729058571325,-10.23581688533836,0.6162361065452145,-6.0311214172574985,-5.169482805797649,-4.736832100835396,-3.702728751713349,-3.6299410681837645,-12.524531673992396,-15.464253984254276,-2.8181719177424416,-11.476167705810182,-74.00926501610337,-1.4446409942910217,-4.7585875614796835,-2.960853441107672,-7.967350025852533,-15.774893891182503,-21.989928358105466,-13.710569681491563,-7.804075471198592,-8.981931230769405,-9.253420527031235,-3.7546489539900314,-6.091405652379115,-3.320028124955358,-10.265702149456612,-14.576377670589919,-11.61282737872788
0.4671813656729868,-2.0664602414130653,2.68540286063837,-1.557113781226289,-8.324466718637213,-4.0946374419016625,-27.725348117295468,-4.429309799404278,-0.8509213885741759,1.5177661618940486,-5.3729057102377284,4.179810786659863,-5.373883476800935,4.476060991298307,0.03566739883584148,-6.342458234273192,-20.245653545115236,1.9556261070745182,-4.817928758704217,-0.49850194742530507,-9.817777156903869,-4.733035704860134,-41.848263009060744,-9.961296267822583,-29.931032361144617,-22.491913373153796,-17.94895822860399,-57.887851993191006,-4.162474574679988,-12.517242238472393,-10.922103148721629,-9.433587815928913,-23.88349387119127,-13.572548193379783,-1.7762594442138209,-4.427245621952802,-14.591601609203918,0.6087994150189996,0.2760635712288269,1.8690372880454686,1.3877420639580615,-1.3770171407263079,-23.929055918070038,-12.819062992100983,-32.16202124125395,-8.805148929689148,-37.482003805881504,-20.645441743713054,-1.951704832912376,-1.137404922686087,-71.09101004636244,-9.59380736411843,-0.20219747967411775,-14.761024276445115,-3.6270315198453136,-3.1461998541360634
5.267937951104006,3.0283214364302276,11.785752664596107,-0.4513250235994035,6.816871347775587,-1.0801969341157347,9.861331587658364,10.622381434051134,7.59032044911594,8.126119703811293,9.003354759726731
6.2391250262700995,9.93973094048539,-6.366999446916315,-1.2272393276461546,13.850721516787946,6.6271008917672,-5.625879751437514,11.549811223056752,-2.7305520244195294,11.685681854820023,14.46375370063434,10.607188126898691,13.17130001333881,10.191174312155695,-4.761240741404142,10.696498457193492,4.414240391913682,7.237066904504475,6.1084655493686775,1.6108841473490714,11.987985600898751,-187.50702010936402,-33.75256813817121,8.05704090564343,13.803182934002024,2.5354222446729917,10.335784172450062,9.121719389078551,-92.42154661197524,10.221573836442865,5.602708256631002,12.7577110213801,-190.080253599596,-1.1658723559238438,8.276398143384478,-760.0977874366562,-63.929956868377786,-10.762579074902979,12.015907816124024,2.928496676227672,-30.75859101027638,6.234154692503987,-9.329391787931947,5.373401214917908,-443.7546576795066,6.994414549395133,-8.89469191408522,10.956090207034235,-28.33876022353788,-29.4695232706588,10.616245031970045,1.0578434160400376,3.1559071934597633,11.464654730432446,-56.48567894913633,-15.479725974279889,8.096991029285855,-679.3415348112492,11.483296079961244,8.705597798711734,-151.18142084004242,-3.2988704114968197,-127.02821391289042,14.782835941036325,10.995518419745402,3.6785439751186657,8.049786745198338,-4.695808658577276,3.6990467939102754,-7.62846121497948,10.32388791343778,7.4562906980205845,2.4064431476840635,11.303711476324189,-66.62614712941158,14.673173927606115,13.346384681094868,-7.0454905064306,11.031523923162636,9.175202088462425
3.0183164512762697,6.497042883984649,-2.1765020111937847,-9.950171233830478,10.023739048161085,7.976545929825079,3.65746911457087,4.016754930136671,8.729157102513598,8.800293564550625,6.945220971295961,8.060072856012996,7.574874376501638,3.3876778804802004,-7.172244504914284,6.599341128036779,1.775907091943569,-13.023730403620792,3.7746796440167,9.411148406118002,-25.97161765251236,-7.344058140149532,-36.02406316055462,-11.899002359919017,-95.4943916720156
1.7844643253388048,-29.847919131183804,2.5644689421622715,-14.356620273859551,5.5468524127643,-2.485611418577398,-11.287523552711207,6.706811868032467,4.554573359052068,-6.033547406398751,-7.494882139493279,3.0569524467447335,-15.77849447369293,4.249272509109443,2.971718143061601,-15.673295110526954,-0.37952641096071493,3.0476642265794287,-31.176975163339964,-16.645749306116326,-17.33964955212174,0.15665691834476067,-0.3219876505315893,-14.385062807281873,-11.856130053901342,5.4353478495127945,-2.4196491264397064,-12.56928307509143,-0.9976520768416218,2.032427167676849,-1.6296891896714878,-4.3720456898242475
11.88547549391117,7.4681516818831675,9.929918126420173,10.874331066800206,4.5647171183509805,8.274113846535467,4.712343478799795,-38.806427436178,12.35899224597102,10.205654120227766,3.441429807414888,4.9867588722634615,8.149129131135933,7.959147296481228,1.026192870363767,11.4741316770621,-1.5090935332953732,9.279863428678706,12.277790634248955,9.578407702305096,5.754922973847638,9.434576409577257,-1.3194361767716885,7.782984650251418,-15.567265717492637,11.752467427395455,0.9736394878490523,7.378891822585242,-0.012124202929384223,11.299672685647092,12.56782354281074,6.529561836822435,10.767567457153316,10.805258998536683,11.329048352653356,7.977330775646518,5.573214742908728,9.323156606520822,5.023676653940466,-157.9962265611364,8.906635977686275,-25.176311825509185,11.016570873439488,10.630662304201305,6.14936406579292,11.355623274327368,-377.3585594487514,12.50803354575157,9.671922594892603,7.3452418896163145,11.292292551351292,9.521017029557068,8.015248088929578,12.320833394907222,9.09522948793943,9.01878893166656,-31.075478234644848,-134.80720194111717,13.040367365081575,-22.406352047193025,2.9939271523838293,8.657373628940828,7.352926982161986
-15.3332369390486,-20.48378681270223,-11.835602704012645,-1.1875266750087508,-3.4817435664677623,-3.3546691300585567,-1.7699937855584,3.1355259773418767,2.4667331141971873,-1.3285878416941335,0.12880436766800318,-12.752045576723571,0.7144536950266132,3.345943768544668,0.9080891944240447,-8.897573221378268,-1.7560461915096297,2.9033849700964676,0.11230365146032995,0.4420008549811303,-63.850235964105856,-0.8163452878518092,-0.5860065192126375,0.2636821914093972,-1.435612154398038,-8.780317087003906,-9.056009131374683,-2.5175638731360643,-68.70039335170226,-15.784050120830845,-10.094966270856569,-9.503437762660493,-70.41827694706183,-6.9413491971494885,-8.685629436456935,3.362087873627117,-131.2416503478705,-25.19365032120673,-3.5477221066110958,-0.7636333485655717,1.5849603812035216,0.6977545426518814,2.221942121023317,-4.149206035038176,-36.266992359704304,-366.30629236863575,-1.3316462736390196,-3.433378738751835,0.3463628512427559,2.165651205627679,-21.859664242364016,-21.331626534351354,0.6350267990619608,-11.46703509252483,-111.72990672627274,4.546312545603243,-11.227085723305233,-15.72339202965514,-2.206517902785557
-13.744158682381064,-14.569876159747025,-16.202947438672755,-15.035643259950044,-9.62188837690343,-20.241161962615198,-12.432520649043934,-11.765973838252023,-10.886058910380658,-39.560919083450294,-11.877969458027044,-9.136444150232244,-13.732815913043506,-9.613408249606922,-11.53496261974729,-10.79007940935773,-14.092684629623985,-7.507507062009819,-11.57400395582145,-12.362595401949655,-11.940153345519397,-9.720129616152521,-209.36362691536144,-15.573165892765598,-19.643350860679234,-10.341662276072938,-11.12890586436774,-28.59594255939575,-39.98004316773287,-5.53255310340552,-9.18748482907171,-39.47306781930822,-15.228474985698435,-547.5605320016448,-22.375991650319197,-17.141712902086756,-13.960685541171218,-12.002392169900109,-7.975642048738688,-11.859848576169384,-26.54070601451166,-9.050054059866259,-10.085306056519576,-10.830322269922897,-11.483414695943395,-12.186910652158478,-24.43174464021182,-39.33135033585142,-14.416522098434893,-12.568154193279632,-10.871021945667868
6.975297188796313,12.415203343848928,7.059466510036922,9.12123165368569,9.412130949503425,10.983603380589903,11.09043645491352,10.87144679344388,6.262377296930574,5.963862290862077,10.139536338128528,0.6628718024430575,-23.238987218891694,7.216030766915114,10.277714900125078,1.5209023729082742,10.952304277458259,-9.459933472530512,4.993157251923743,0.2170404152669752,12.579073901583707,-12.808513273799266,7.214003488741449,6.2729814094656975,4.507897051348593,6.157881087849603
-14.009837326929416,-1.8016179393750091,-31.66879416925133,-24.039109399441596,3.6835110149377215,-4.38709041591467,0.0932434874930138,2.1735491215756984,-21.083718608388946,-6.858786116426616,0.2780303004503207,-9.912024992711677,-0.3155281405622278,-9.759431901663648,-12.2262827031148,-5.278894556292883,-3.428568876894226,-9.543920263162834,-11.199919098049412,-12.473162921803231,-12.718986713700078,-46.80525496208695,-68.62541325822932,-9.287843138531697,-1.9380641385968695,-61.22820649555216,-15.860370101672979,-14.88862080043784,-23.1072182028236,-0.8369887030230226,-38.82468079913632,-22.602674138210684,0.06989242888773094,4.203829978230453,-7.222805021801477,-39.802844288045335,-11.469024173722264,-19.39464415130394,2.163392702214657,-7.288253148370488,0.1886190729695313,-12.373297761026308,-12.588471405787692,-2.7248044824667987,-8.594825634166137,2.134545948517097,-1.4063844228343052,-15.11302289969977,-11.71403219288494,-0.5347295011192833,0.9241796285079505,-18.98918440729288,-0.21918453664275014,-1.2166577635880913
-3.6522569548464063,-18.69050419893401,-9.868266225920568,-3.748083958367417,-2.351673419693302,-45.53818288014506,-6.400842483140231,-7.279607853115365,-5.768974541766442,-5.908966219671873,-4.306504654544615,-15.79405639297749,-22.470797388918516,-7.921271469136886,-5.376730822210083,-1.7440515726701393,-3.7790285773277845,-3.6016352948251464,-5.78026927746668,-6.493337112064123,-12.27605470702406,-48.65340529900281,-27.274271685580487,-3.126468421503353,-3.095254529563563,-6.195919156220719
-9.38719485972649,-9.14218474549065,-5.4001940516908995,-28.284073748170897,-14.668934237577444,-19.61659000303754,-3.9426155026762193,-20.262323732792495,-20.26247568441636,-5.806674953138322,-4.95449129687714,-5.3063970521681,-24.502879309967792,-7.278848309223601,-6.302918756949838,-22.136863259828996,-24.420786378967012,-6.698941244739364,-18.97036682905886,-5.16835082156483,-11.007672297398582,-16.253925641376952,-29.391883137733654,-18.98534500083884,-6.745756929976467
4.19652070940097,7.017626538275269,-4.2874490380469865,1.0817498000992243,4.946474024940564,-2.469028742141913,-8.289393609713837,-5.619854028966028,-9.9165618563033,-6.179053928720929,2.69381920030976,-1.5641969361198096,6.533422247347807,4.278115953553968,-0.16740053058240986,4.056153692151068,-2.80778251519529,0.6425599471272199,-1.1591243068431651,3.3936265496511826,-3.482358968670835,-6.359024441197218,4.245375148357329,4.065974907831524,-17.07212221769164,6.636030465100777
1.0739363295104583,7.749348099161876,2.7723574908162747,4.464429218857061,-11.45749041338736,-8.03831552548913,-8.038315525489187,9.054062775540812,4.884126163139099,5.9613545943615645,4.066794197833202,5.4161966382417415,8.54703656695362,-1.7485241835940655,-14.490073672625341,2.877973091644647,2.73396501636165,4.3565961279064265,5.413259400765453,1.016286831406886,-48.16740637495391,-1.3368521460426037,9.8055212673528,6.612346648680825,6.9238209492884675,-3.6024576145796607,-108.21287275263623,4.30006067801652,-203.7928724422855,-4.343959664206009,-0.662757778767586,-6.920388515220422,-69.46696586982672,2.6791840305409935,4.2376789868134335,-91.55087344378909,1.5351194581281917,4.410745864804836,-14.971582892333045,4.3982408672208475,6.718094713276981,-2.805850485807292,-8.985166508547364,-355.21009698134463,-168.59615794560065,9.43337771482018,-318.0046153154483,7.805542770708483,-607.6802911248902,-59.56640267619109,-4.196895941750766,1.3437051037455334,9.651095429859948,9.267764314171343,4.050982307566484,7.829516079235601
-1.68447427091021,0.8491309487398034,-18.9130602846944,-1.23920609143306,-1.034934773625475,-27.950446684934438,-5.668543923513839,-6.04913284577909,-7.616698070801378,-4.979538301592539,-0.13881208107513243,-1.1302394326950513,-1.5932947992562867,-2.1499545179715107,0.2209944068015247,-2.400826526086187,-3.067280319358249,-2.43243547244491,-18.890834827664353,-4.2066028296162745,0.7283986714408016,-58.734153462639185,-3.1654552625028196,-0.3464633475039193,-0.14322594824071755
4.191513822621129,-1.8746668235950399,-16.08504441906109,-4.744311847545102,1.72581324814298,1.8347655960340332,2.553655890525218,4.803650562768442,-1.2902537840888415,0.2574054785092822,5.594607571911197,8.296866508864932,-3.495921111702862,4.97904897629076,4.2261207262121,4.904492019425487,-17.604504406572847,-19.17198184331621,-4.253210659419332,-8.482165164747254,7.037951659493247,-4.491946772320931,-1.0667320902762976,2.8008516274100552,-13.74418521099887
6.591447052029582,11.643749422863966,-1.3228566576945842,4.231050988512215,-3.73772471706467,-4.036987359249861,-2.5212070806816778,13.583403658483075,8.21795886279973,10.801866831484762,2.7657563360325272,6.8157858046034825,-11.937229413903447,11.569213917795375,-13.344907487414583,-5.189769244866576,10.733283205083268,0.5110541283051728,7.991375443422767,11.726841003403502,-0.5399723187431738,-91.31008017624677,9.379913718231423,-0.9036609707052774,6.9138697548619295,7.093544853800543,9.073943100019129,-8.72645440923041,8.403163561247503,-34.88701278979823,-8.77206428996434,5.482895140777154,11.37309396483692,9.358931028661305,12.046395455370197,-4.131880517147818,9.358875273413851,8.773968610340338,-10.668494478971601,-14.013880881540633
-4.790242586623035,4.2796525701570625,5.557548065123202,-0.24095264394305885,5.266464152063057,3.5521650790796837,-3.47154339482664,-1.2100615607709684,6.346009569303427,5.005390602315448,4.485058532450572,3.7194932596416503,6.185266049877547,-3.731883937463472,1.374698992279362,-4.859510110665888,7.783334780682964,-2.406442817328864,-5.436421638401616,7.47820344371801,-27.713529613645658,-45.068168953404204,0.3886838653749153,-9.475282089764374,-11.838270060415336,-3.2562098994484683,4.732029379699828,-11.355773082745483,-52.165897010194065,3.0984167634411865,6.0366997962782145,-0.7819850782657695,7.424073910207586,4.112718795386494,-39.80762832449084,4.710722142883623,-11.962865740107938,-8.15035055567984,3.9566032209405795,1.687346827022325
14.727030352980416,-0.5489946781892576,-17.14389749028827,10.782642684254643,9.538713669717607,-9.459544914985438,2.618247247170219,8.228512033637752,2.2316487412192196,12.99497955843089,7.515220516090739,10.28541366106852,13.972710426428227,9.280464611132022,11.4289258071572,3.8052768979265488,12.460135276715182,6.819268695592314,10.100060540343621,11.680403025786596,-2.9657138804748064,-5.993697519528665,11.413334788426775,13.060436305118026,9.210020571102689,11.692532851880628,-395.84075266252233,1.4838318542715037,-4.012557291460875,-58.212144828572086,8.912099095210898,11.150924791529057,-41.304094245484826,-11.810688904759042,2.3241683841243366,-12.125507426059182,11.663047977743476,-29.297750701707802,10.644674307697173,14.044547918210645,-19.817910841333017,1.502650962686277,-17.646720280548287,2.7358629594552917,15.022238314488582,14.240250840735694,-9.663208317000135,13.329478795848047,12.693838162923175,-2.101314291865478,12.212617203605658
-23.456168461587435,-27.981532407152702,-30.414378695181323,-30.395169804679107,-35.962261890540574,-27.851893806358234,-31.91011785547335,-20.38650378007139,-39.484984905670885,-23.74551880587752,-18.87059489183874,-29.23487728927722,-21.51635570183715,-21.83320743600522,-19.066761594027504,-25.605395550202953,-23.56829585223844,-24.860368651415882,-30.335679612928345,-34.00751036212664,-21.333586853284736,-24.39517562169157,-41.53791052992662,-34.91744720409051,-19.687799856303318,-20.359774967899483
-5.818883106703234,-16.26498796128473,-5.88741638888496,-9.992687078331706,-10.191194409823801,-8.452849072521834,-19.671458479292887,-14.285954044763661,-4.537555711676601,-4.575845092470947,-12.761567086733375,-11.087167250971532,-35.266725965127286,-11.14345882164296,-17.545822579737553,-10.00180337696908,-9.19975559539946,-4.134632510463483,-9.192884538313013,-9.097224091086476,-28.336884165622465,-8.005645211368341,-4.207698950714922,-97.73149165277498,-15.965496558151179,-72.15403704776571,-6.472119117595611,-5.954057707888952,-90.76462272133314,-8.92764515252831,-11.094430431154642,-22.631333866147756,-1.4302602926883465,-4.565366728759123,-1.623507895735752,-4.359745908562024,-15.093937678277246,-39.26789989312007,-32.06966161881609,-8.543093470834057,-5.6669153790929245,-18.618780152051357,-16.91352192101704,-10.5426067878143,-57.218082604461394,-13.286460545347113,-4.45915926890887,-3.9873845861792168,-96.07650947869413,-21.21962995156835,-1.972636046138891,-67.6962160009703,-27.109113303305513,-16.947988578790515
-4.799569263994827,-1.949552815578137,-6.835070684590631,-4.638596888341232,-11.595652695457131,-14.35747686058666,-3.9466268417288513,-3.5723948572164166,-2.569454168401607,-4.820177681361093,-9.015167196649148,-3.7020038073083743,-5.451147765934734,-23.669118821799795,-3.9573758587634535,-2.3386744649201554,-7.4990089561863575,-15.222564869458624,-5.524627677089164,-23.069854789662347,-1.989369364642425,-3.9980027420176074,-8.586995272118651,-2.815502051609719,-1.268050625622302,-1.8807856795328928,-8.447480250300142,-4.3420220614779055,-10.054979258089897,0.2595417014322618,-6.134295574688573,-28.05299754294413,-78.20870534836077,-0.9375020283262485,-3.8294328158155264,-6.659821360510995,-7.282384995208198,-6.445114487575055,-6.4527551962200285,-15.278750344318833,-1.2228830611625094,-4.307358151702954,-6.223450830053278,-4.211094374320348,-4.225701861429276,-16.646132391712953,-8.071263347177366,-3.268981667366914,-4.880127195598072,0.14611464220802814,-1.8653842226879969,-10.752209961559286,-6.609149303870303,-0.6742747558388527,-4.542658923540992,-0.8280090478350477
-21.192705310215914,-3.2907259346359132,-11.127541578023557,-2.9700824274179958,-7.282436467477324,-8.011694042657057,-1.693701657311658,-5.690553529687413,-10.680715254866028,-2.2800048282527166,0.6783533106663332,-17.375944148861677,-12.50391031343445,-9.822649033800325,-4.399567755997084,-10.526540661376503,-4.225073029074724,-5.738914035053749,-4.895102399672902,-1.610270313024503,-4.773727294364822,0.23217915258562777,-4.923518665662672,-4.587839440742182,-11.471149318558245,-13.154886552818054,-0.23543611933669234,-6.611715289331739,-1.6818180758933527,-8.329364575207505,-7.297413676951584,-1.4368679274785863,-159.75860026220377,-11.791189533315228,-14.253614140745595,-7.792467964521442,-0.07445294580231335,-9.112704996558632,-1.2786258385217204,-10.095419459624077,-16.027280216285433,-30.384487073773343,-67.38529462414165,-7.506371608016159,-11.7321909132214,-3.3311453982482764,-19.25151133066608,-18.938057614538366,-7.228323837485635,-6.817411544691965,-5.966271867523673,-5.448210626978827,-19.352240538438302,-4.002153913895844,-13.351311093158115,-9.570509607563517,-31.00923349062188,-8.827797010286647,-25.60612846386907,-15.356084252838711,-41.56476135707619,-6.1814769573981065,-248.82906851151625,-7.839984374338118,-15.452432343747146
-14.74320336142078,-5.975365383829404,-10.924626721774423,-0.7998845506389426,-2.4379762762492323,-0.5152654136417822,-9.274863283411388,-2.6796382631406885,0.046956635007103585,0.27976889731558086,-20.47601670111773,2.0586910890691525,-12.38596989952431,-8.41690927823564,-7.122869329196198,-11.420174331546125,-1.0665998409370177,-4.587580291066294,-2.505212645583483,-12.055035935482927,-2.425748501728533,-6.525408814016821,-8.58117754910697,-16.33806873351937,-41.97063180942156,-10.089525638244826,-10.680319787826068,-25.08754988570211,-10.608259809139078,-12.01497732074505
-17.476165282680817,-9.943351511868698,-9.144722239375842,-29.05170059262561,-16.188974117785268,-22.650467669104632,-14.766282568121353,-14.306715892304899,-14.749949471903868,-31.73602101802797,-28.473568897328843,-19.27786244641173,-18.10069923637803,-15.437090677663715,-17.744903092917426,-13.302439855436704,-17.77501944633375,-40.40553690626657,-19.25632527457901,-16.794798788754488,-8.575500228998616,-18.36088533741494,-16.73327990064299,-12.25685144034411,-8.166201552220366,-15.292358346893854,-34.979609946113904,-18.012518433126782,-11.609011042232293,-17.573269637797114,-15.59648448866072,-15.170146187097354,-14.563582254430758,-18.68176195922371,-75.66106495716082,-30.329678788845168,-8.241755507431034,-22.091694203273317,-25.17489070561395,-25.573884828162296,-18.70888803420626,-8.994025859596148,-12.613676658059411,-26.13745141365643,-16.856015940539848,-22.892832070953535,-84.9873619309848,-286.1729534079365,-17.072185450936963,-10.441628889632625,-23.85935096358482,-248.92826241421923,-14.113806366954398,-19.044038402367462,-28.29164573621811,-51.955864879437115
7.374720340457489,9.98074647047176,2.9634085227175704,12.233263393597483,1.6320278085665083,10.900307466242992,-0.16642555465098885,3.2435725215857776,-4.367262570712047,-4.832978368125854,-3.35838162704847,11.831801444303329,9.031851635852448,8.89415246247898,7.569363907537726,5.835741092250742,-2.6830826360745528,6.676463137347638,4.36392182425585,7.08623607026862,8.828894034477768,10.985053072578042,-8.509910513272892,7.12017704584905,-2165.334912769573,13.272997671010152,-6.240093321523396,-16.710054240884254,4.6575170136910895,7.879507519754843,-37.0517761586752,3.8682407677014865,11.978608947316205,-2.6744953155684423,2.559977049111463
