34.68043031890311,13.673824746923593,14.414682685146802,11.4882458928225,15.044302415814746,34.680430332746745,11.488245750272641,34.68031940895575,34.680741097168855,34.678884697289234,34.680771452009424,34.6803358896681,16.57302282252361,34.68041907559072,16.573022820660963,34.676974559924886,34.6804302590204,34.68060776970033,34.68052463605831,12.485554106691184,13.73272742463209,11.39597328616705,34.68072981543466,11.93041608149119,34.68059653710887,34.68011425420121,34.68040256574581,34.68072984001283,34.68059127829518,34.6787224692752,34.67692196614388,34.68081032180705,34.67885572895846,10.971063509832163,10.971063509599333,22.597682847553983,22.75243152576138,22.468530072743192,21.01897729831387,20.437775268131986,21.904893054539457,18.401507749134794,18.14598645167996,34.680965753788826,34.6776895054192,22.14093674617459,21.771959199482694,22.858888997608915,22.63765682178189,34.68066622423963,11.397780789906276,-50.04147587818454,4.963164939457669,-93.22661065486172,-107.69037962158362
22.302191024704086,22.302191978378403,19.500445630558616,19.664729979078057,16.18042855060988,19.45130334890776,17.765252874264053,17.781989620098404,18.71021960771971,19.17960862911635,20.72750070334501,17.988006658083428,22.13193206708168,34.680802164832876,34.67929581488408,22.13193015973305,18.38536790644133,19.782216972839297,17.606993562702442,18.572363052246605,18.972427434448505,23.675626101306282,20.653815220163256,22.032392452524096,19.546414325998217,23.675627829295962,19.838794741510505,27.32092319440834,27.32092359986262,17.270544156656648,18.863009711415877,17.376585803166694,17.29692435933702,16.30808079911821,17.6007446639096,17.31521657033317,20.99136134471653,34.68096854948645,34.680857773156404,20.991398349502973,15.869551812498338,18.456016754067438,17.25409165515742,18.120453899048183,34.680818828887354,34.681062969512354,15.3258872021694,17.39914113952798,17.069072595969427,15.155850283042122,11.832529961303415,12.780777095988919,16.21708774490707,16.223126567140746,16.258108466104197
11.832615659970468,34.680674325869965,34.68020844832748,11.616694170913847,11.717483239288592,11.616688750401181,11.091505211162394,11.591370407320554,34.68068549698601,34.68031928604851,12.876648372587761,34.680552255557465,34.6804136231082,34.6808268677987,34.68060781276464,17.517776917408195,17.517776917408195,34.680333267004656,15.791399334678175,34.680402501181575,34.68031939672392,12.817482891959871,12.758771430819097,13.938362108195934,11.214103094070952,12.154707131559762,34.68061896542454,15.791399342128756,34.68058005184758,13.293442322061011,34.680363592208074,12.694777650061797,13.293442320198366,34.678943674951576,34.67861733965002,34.680430369581295,34.68084085751273,34.680391428353346,34.680391428353346,34.67879734979961,12.22174403188078,10.81890019504964,11.25525518984978,14.246229067010061,10.52834993334,9.768076068124527,14.630116998714582,11.887089156438382,15.551130175155775,13.669467255038397,10.175003291000397,3.992885219058739,-328.42526509181147,-1600.8808301275865,-1547.9038635457844,-1343.9721576479067,-1745.034096545526
24.586495037787643,34.68055803228914,34.679572138214176,22.9784296752766,22.478705287154042,34.68078830840996,22.60442483442577,17.558708548720205,21.54219281690868,20.651333213026845,21.868190646345937,22.176158309157216,34.680857659425506,9.5944597349225,7.24845496973642,7.040265908806694,5.303744077227682,9.114673605017677,8.986581732809944,9.454237708452572,9.556262874439133,8.611043113378335,8.987236347564183,9.752114777542308,8.376592882843331,9.61324482464436,9.08404914835767,9.401632550681759,8.708077127364893,6.190799681655269,7.396882919971111,8.608201988834415,8.00213114220053,34.6792713026989,34.68094481799197,34.680739660086594,34.68076044997857,14.718698200729143,16.0691410423782,34.68076040082222,34.68097684272953,15.786288809921992,34.68078118927295,34.68046085668887,34.67948898195683,34.679462364412586,34.67765526185675,34.68078817861734,34.679017249457175,34.677009383801405,-22.752584954711462,-22.730393525552355,-25.285951772952746,-28.068690327978633,-27.096429208466343
34.68086854161531,9.966056467952251,9.24131999146058,11.663687156034678,10.853017309784002,11.47347291551234,11.368915478537641,10.570877671044048,10.045864034053347,11.405104174252411,10.62732678274653,34.680896374800334,34.68056910816664,34.680530163862834,10.205654859856095,12.460431928634646,34.68056905287186,10.926052371242886,34.68073259150274,10.950713348051409,11.444978535542571,34.68062438264569,34.678914817131655,7.232239325172675,6.639926808386509,8.616131684153729,34.678998453264335,11.058693985864112,13.627625721120264,12.189748239403784,9.43048056627616,9.796198458967623,8.742638821702926,8.015298477872253,34.68044689040142,13.819311822541204,34.680896259549215,11.846914721643945,11.846914721585737,12.76939263777822,11.824698522463587,34.68069801719395,34.679208856697564,34.68069806020099,34.68058285327501,34.679193136525136,12.013789863567945,34.678981869874285,34.680762330311545,34.677585323384804,10.839746486172226,-56.292827279995976,-47.0817327341736,-26.74973473091595,-72.30631050489828,12.194055379144993,-15.204806589821427,-7.86834124342732
34.66486676504598,34.68055802305341,34.68092423399091,20.459632812585756,20.34427565201752,34.6806355875088,34.68034996511066,9.574156195967673,8.94883803160576,10.293282822353198,9.755759589886866,8.643166071684163,8.748692155106651,9.861641622342528,10.887116672822685,9.924244866825212,8.418717682875991,10.470206046288142,10.016865842332338,8.366530734081607,34.68064950310559,7.423523289918744,10.823462860838674,10.821006948466513,34.68103862699181,6.6346584154654655,34.680759893339996,7.153173338525113,34.68117379968755,6.894441090240585,6.207579891665856,5.988733052322932,8.482751781943708,7.115250646174023,8.056410013551384,8.75637440778613,34.68091831587461,7.186207581869768,9.268276839956034,7.6988007982768565,6.20803638326655,34.680909716724635,34.68097195404924,7.582632720430386,5.295031964291308,7.951428297450548,9.018602922806195,9.47682901824847,8.824252630577499,8.82425263054903,-9.534755386543473,-7.044580949848918,0.5497095344777565,-43.05042477591964,-43.07581302819281,-42.628352718579144,-42.835963799409726
34.67458259352025,34.67903997894472,34.67943234878231,34.67632504964789,34.67658268079717,11.092778924336812,11.092778924336812,9.126167833199167,9.126173425092011,8.164487861091969,10.182456155360365,7.954540390452894,8.003899898762421,9.774763998352917,7.256218414745941,20.371428777079814,22.613217641215556,21.35008363853001,21.472787190776103,22.48261194358372,22.198294926982157,20.72627000937962,23.049475957255595,21.37169771323704,22.322697926860087,20.776067067485087,22.921361256938212,23.19390802512669,21.72322588096165,20.98449640403294,22.433991719584697,23.184064198832743,19.251727391581767,22.49068193564915,21.010232259135478,22.06929907541002,21.617859132237594,21.285905129857216,20.307264573521767,21.79778695816532,20.463431546165726,21.389715315396618,19.5024584974289,21.596714051173333,21.242817456442307,19.250822798786245,19.957687017495036,19.23089934191992,21.3690922331287,19.390897042699013,21.48064351791874,22.24343419785063,20.28309422390982,19.2899086131594,21.581039674229775
34.68052462377195,11.389189018281135,9.583004229599588,9.58300422954138,17.25174939880059,34.68040256574581,16.45985305309671,34.68060514934551,34.68034713767018,15.448615213067795,11.959241510713431,34.68075754409185,13.002976254298183,11.13941308797333,34.680796451526305,13.781249489063939,34.680430185244965,13.781249492789229,13.11620027474648,13.328170378651118,34.6808796512716,34.68043030823128,34.680646730943536,34.6803913700216,15.960953687512127,16.612328407347285,16.151418375417272,34.68049682748184,13.003020391726967,9.939246224442652,14.927123938881603,15.915790383898464,15.951766350334108,34.68063547377935,34.68062160308382,34.67921126992109,15.952982471310735,34.68072986464555,34.68064935711875,16.15141837541728,16.61275369175439,15.448615213067033,17.251749339195946,34.68076876439695,9.946035515953016,34.680690908000194,14.722067154903057,34.68060779433305,34.68063553823129,34.68052463605831,14.303018386434378,10.808845667138888,-140.82001269685975,-186.38789931536417,-307.70557493258207
34.68072571092819,34.680833912677556,34.680684176374825,34.68049280289466,12.924512030634311,34.68072571092819,12.924512030634311,34.68076726429682,34.68090320931633,34.680951706135545,34.6807603270877,13.603931278531205,34.680458110706525,34.68078117587108,34.67898484712541,9.601307067824672,10.906042433992406,7.7574565963704325,11.562706788274,11.736998081186465,34.67878588396149,10.901513623775761,11.356075993485462,11.564732643114548,10.464162316721435,11.495217818410142,10.088759582992788,9.442185758912382,12.385045928930326,12.151434085220401,9.369176249489039,8.39710253123795,11.660907663744227,34.67895453657642,7.954840028023495,34.67768709225393,7.954840027936184,34.68101844063538,12.527273348650896,9.046961324775445,34.680691114065226,12.526187513162409,10.13535917308516,8.347512419254123,10.112411188288375,7.5729853801225255,34.677702598337156,34.68101760919242,11.779000852637378,34.67961094402547,-56.73736008090254,6.601032664160625,9.07246477829703,-54.81574822372352,-97.51898996981039,-85.21121118752639,-111.02868983863047
10.205110666160671,11.192724908433355,34.68076726429682,34.68056631341699,34.68055243391491,34.67993325014884,34.68012907387536,34.68101140492182,34.68072571707206,34.68070492358751,34.68046078296251,11.780497186682702,34.68090056720078,34.68049695046816,34.68059399515838,12.632470488248085,34.68040531947355,34.68078803187018,12.632470488248085,34.68078803187018,9.392817055728282,34.67876867001629,12.454154712135166,34.68037758858126,11.310484096766716,34.680635602950794,34.679326606345356,12.417656383010772,34.68062438264569,13.270949397438914,34.680660637395256,12.061462975193523,11.448895155719619,5.211974051505344,6.299254925288473,11.230707241537587,11.306830241078117,12.203534879513157,8.998928179754563,34.680774304487834,10.639087717566559,11.367970729473432,9.435931531473448,9.104205477278134,4.520545948298546,34.680297122135705,12.70534403545859,12.692036449247247,9.392869269213257,34.68067717571347,-216.16362851369806,-153.55972462572976,-164.70672554759838,-85.32117493148574,-24.212387582322425
10.537135913485447,9.341881640848921,34.680619026856355,8.239831638539716,11.116177596648965,9.965732845712962,9.46717351624516,9.707705476188483,10.947748434159191,11.06545974009762,10.079988035472095,10.078330889151882,8.242522558554278,9.551573300416392,9.845199745761068,8.135740040248299,34.680635731850224,34.68066338983029,34.68062453928093,8.937569152923777,8.036307237641097,6.710186630163162,4.946017993470251,6.855461213734517,34.68107381784391,34.68091015822992,8.476490738876787,34.68086875979388,34.68056914804805,8.723023107317486,34.68089901785261,34.675961782553394,34.677776014370686,13.513652048135427,13.513652047669765,8.231781101512558,23.57143635802022,23.57149739317647,6.14753820861714,9.311092593532328,8.83622299957259,8.284104742018632,8.746538483748543,8.33632531378297,6.158101048287596,8.599586684394842,9.238278367872942,7.93183355091586,34.678619270693524,34.68086586983126,-516.6162292570191,-520.9394356520609,-642.4585400834114,-667.7516740377325,-480.0407440326892,-534.9489163295877
34.6772874329587,34.68054118281958,34.67542374500123,20.47489898949533,20.47489898949533,34.680663289999345,34.68084076995997,34.68066325313208,34.67968798456535,34.68079651916878,13.298018938974892,34.68043030823128,34.68067444885628,34.68043033280401,13.298018938043569,34.68056627493651,34.68081306746943,16.63986399728388,34.680377525528044,16.639863997284124,17.041868709664065,9.212936443458837,10.988821411862098,11.690069694457868,34.68044418005128,11.610739893724038,15.557821931111086,12.661215844484339,10.477310085036386,17.041851180158396,14.841938340000599,14.596194949524898,12.225691004430935,7.632929163546223,11.293993555632923,9.375504867302524,11.922856463000798,11.572228669812475,12.107931981966985,11.92417905675903,11.646505607057051,9.187504306360651,34.68069103402419,15.47792801614719,34.6785424683212,15.47792801986918,34.68069103402419,34.680336043375455,34.680621758310984,34.680541219686845,-38.83495854753927,-45.33259742339068,-42.143872998642465,-7.313338925118288,-40.207230663147485
34.680458113687955,34.68044420302749,34.680524746635584,14.931451320709128,34.68072992603645,34.67889596266429,9.9767186375716,9.976718637629808,8.671591371496392,34.67907532619229,9.995995852314826,10.550138887449359,34.680496956543855,11.135029549764136,9.439485175821597,9.564391053801069,34.68077425524418,34.68058017776217,12.58825696945964,34.68086852007481,12.04210920311291,13.125656624278045,34.68084085751273,11.741520406266341,34.6805689021742,13.125656625490555,11.800617158594541,10.544212737756448,11.80061715812888,12.588391548740908,34.67913163709698,10.667272176083843,9.61994539946173,11.131220185454653,11.139937299909716,10.074415275873491,34.68085194719259,34.6789402242848,16.246248133964347,34.67984608338718,16.246248107668585,34.68075765467522,34.68069106779446,34.67972319304362,34.680635547513866,34.68039144373772,34.68058010708712,34.68033596646212,8.112379673252063,34.68074381093194,4.607515050616994,-37.045538338121446,-1.1676153275021248,-37.19122926830261,-36.40191465562648
20.890741651416462,20.400092428088826,19.921361511111897,19.426099901557606,20.993781631351155,18.020887618423146,34.68080216329359,20.271721553502697,22.245418739019055,19.842804622350354,9.062384172010852,8.811384226871368,8.733414087807532,7.31211335536419,7.8938387098415745,8.137677503839868,8.96248354754708,34.68043029594492,9.594139629918455,11.347725382356103,9.224979484702189,9.283875061452918,7.539871011445129,12.0623512489521,10.077210437821151,6.584284423236667,6.508335343128337,20.731787773347232,19.820617767548892,19.021918388581607,34.67900109593019,34.667177309028084,34.680746409826696,34.680580184000455,11.319140362804953,11.319140362804953,34.67787283875161,34.68078532344458,34.6805524399756,34.68055505463957,34.680607812764634,34.680607812764634,34.67863129639328,12.990436581392867,12.950702431109828,34.679014864413176,10.746932489295585,34.68088539459848,34.67989772655235,34.6805858688763,-1644.5529311597356,-1651.2484215686354,-1651.0772412464876,-1658.8314739556436,-1789.34110582011,-471.4367217099902,7.82635030386481
11.365497376528982,34.68049682748185,34.680524571494075,13.236147834211243,14.826276941829647,14.826276941829647,10.906605089673349,16.261924800163786,12.796499351862394,12.253805282766507,16.261923782052587,13.9296541536702,10.222207725594988,10.41317721848586,9.248559833629177,34.68070214059166,34.6804302590204,10.143676155619094,11.154419436622764,12.398723462066616,11.452981508811124,12.064226981872114,12.068580847212932,12.3534315048249,11.089599435357147,11.543803650283142,10.178569654433293,10.664306667409026,11.966498064453251,10.186327974771618,8.760999924555424,10.549959079705648,11.067949814264239,34.68058005184758,13.245284341592232,34.68033591122258,34.680333267004656,34.67856022527633,34.68034713767018,34.67849212043335,34.67927592803562,34.680796451526305,34.676815932716714,34.68037746248882,34.68064663566271,34.680583483167716,34.67538632411116,34.68052456535021,34.68049688282568,34.68079644538245,-67.46304603806645,-81.61985363067076,-2616.042472870597,-1908.9336047276654,-2239.599958841906,1.2202440579344265
34.68044410129858,34.67892478224785,13.749891134091683,13.4246027223794,34.678746291416964,34.68033591122258,34.680715993210406,34.68046920184018,34.68082419247258,13.749891134091683,34.68044416776492,34.679657669627986,9.078035211557111,8.08358679576759,11.904494870820603,34.680774262938506,10.98040548579866,11.413147765199941,11.65097087652521,10.329990818851915,12.28125484955945,11.474070390907404,11.749673196131884,12.580173587705762,9.615032076969332,9.509812561404946,11.59855337055615,11.825527305033578,12.2692453972295,12.231179001292734,11.722039309725918,9.093149924366184,9.837881975348022,8.946242542914728,34.68063581787388,19.095992786968804,14.620103439663138,34.680746594203924,13.151862101976361,19.089512726984474,15.844571426857796,13.980669714857425,34.68076040973351,34.68084101576903,34.680691202971055,14.925671227053945,14.118997670487706,12.869092277960126,13.247429720835035,34.680777201109606,-35.60651334408744,-35.6168840761231,-35.69929334508061,-35.65395244538229,4.347701988891904
21.225183568928003,19.926463685962915,19.928796636555376,21.62844071063153,22.760740133849303,21.013374182311217,22.277381750670592,19.92885516614348,19.71395405385232,20.241667114231348,17.916994892093896,19.96818976861986,21.077571444340077,22.420783572025623,34.6805441593145,34.68069396903424,34.680666229627,34.68106017997174,20.656650718098838,18.94787519777413,21.691579278355796,21.782499965077598,18.790809806233604,21.34904902780648,20.612755950337608,20.003807004338462,34.68102115885149,18.788036521321494,23.918308368240602,23.918315997635133,34.6807882999395,34.68081603934674,34.68041952266426,34.68081603934674,34.67109552607611,34.675625882243835,10.585640064274951,34.68034702083966,9.833167569094979,8.683775613107894,34.68028037860279,9.292211837122334,6.866038940819446,10.325190607525467,8.627423930732942,9.316341491839733,34.680713237921026,34.67823002219667,10.327334066985525,7.879324584822636,4.794613109459344,9.67482818957232,-7.066104107338283,-11.493778048372734,-32.248599490825995
16.646022747838412,15.943771388018046,17.883767421514396,13.094552237283985,34.68109050910404,18.097277665547683,18.75597545045696,16.818287794307608,18.163520870749917,34.68101006310409,34.68100746799007,17.346581819822624,16.799490641438876,34.68099359232123,34.68109050910404,34.681157182046604,34.6809381058109,34.67990283452651,34.680993594630486,34.68082990654872,34.676989979129736,34.6807217099805,34.680829909627484,34.6807217099805,10.003367221254988,15.258638720964944,12.7894449660564,34.68096843879154,13.104581899463822,11.532641172702082,14.33743169868774,9.317901796954342,11.787042991085567,34.677918989422004,34.68079089120446,12.15436181844689,10.72397432545677,13.296629082174153,16.70534414304164,11.548814642005713,16.705320419323325,12.218356658234374,34.68084378568098,34.681101800050506,34.68093810965924,34.68076065424956,34.67925169288322,34.680790980345876,34.680735589113006,34.68084378568098,-40.55742488801933,-2.0002841840077927,-83.42588628215981,-84.56308449510146,-51.481228041635234,-30.429456882817078,-51.82890941592433
22.112749355138412,23.192426930507438,23.11728636648809,17.782166730004278,23.12083746071459,22.866153966032357,20.654957084067707,21.55006661646934,22.628276130992873,21.634734927037506,19.91660548040162,28.25487159993254,34.67941565765202,28.254871599570578,20.946644569412793,20.979312563912,21.197999979034986,19.877260113731946,21.568428302780713,21.629508281723584,21.041846300140943,21.00464716054591,19.5716239462057,20.886873985306348,19.83342042066249,16.118025208489026,20.05113258458766,21.100466633812513,17.97584655381831,19.87165739633235,18.632867122665967,20.268201137558545,21.60544850923213,34.68084378568098,26.675705797629398,26.675766832785648,34.68087152277848,34.67933355927005,34.680979720501234,34.679345609440446,34.68058586849141,34.675302043965694,34.68057465926498,34.67922362308932,34.67932893699965,34.67767089397683,34.68078835227395,23.36936287234183,23.36936287234183,34.68084367898552,-1009.8877782409395,-1703.1253184859956,-1038.0380651538576,-935.8782989566529,-10571.252329443916
23.3523310623472,34.6735923184148,24.143891660643575,24.963735173519236,34.6795119980024,34.68072171536848,34.6778348923094,24.37454459412794,21.832978773985776,23.4179852090646,20.456032221397333,20.497269087508712,34.68084378569626,23.375403556358172,23.65375248406761,21.97880904462291,15.225529358648789,15.38426272656871,34.680940695151534,21.538612053656113,21.3124615409608,19.850179360174668,21.39619414594127,21.11095301892711,21.71731345441295,21.56095187451793,20.849177048468125,20.668185875677597,21.914773628973496,22.083573982977402,21.09839503552867,20.473344490789902,21.533352539801133,20.648766205572617,22.039530442022812,20.87379889094877,24.19699927171512,34.67953041190367,24.196978299486336,34.680721708441084,34.67929156926556,34.676572520939416,19.908123583476776,21.30479949532181,23.478523021909385,22.324086078831176,22.774315944180998,22.272029067376618,34.68085765134333,21.591303225731423,22.630110179683015,22.385372648344866,22.17705688451519,21.69088407612372,17.006813918565317,-207.5632752323579,-207.49893541279044,-207.5708947626684
23.24524378420522,21.785230779796226,21.171108957545062,23.184156992592865,23.01471789051928,24.594654794949406,24.085598703678308,24.42641342687884,22.83538586951946,23.380997297003344,22.669555830077506,22.259762521998187,23.86081385256465,24.72635340906452,23.28535914065053,19.170548956738365,34.68097557081048,19.386282246757435,34.681125387457215,34.68096169648112,34.68085350049798,34.679504941949304,34.68108376680098,34.68083268915935,34.67837864048734,12.97744466950567,14.960223123077334,13.140947062310268,13.836307344644311,12.602636402266121,14.564443811487518,13.505697674474655,12.680483672238413,34.68115728001784,11.731998335619627,8.825180622399095,12.112776991823232,11.460343314159438,10.927736860088082,12.88349598936204,34.67745728128503,34.68066332530899,34.680962938596075,14.807701973715035,12.955522077036383,34.68063564888402,34.6794852110429,34.680718797971075,34.67708826229539,34.68071878720023,-129.8014024708419,-124.21363926898647,-129.37093628964485,4.188959086429793,-12.361962944968361,-36.95856141793843,-84.82850540167487,7.601779273128379,10.69013762092731,-3.768550695386473,-10.59242545487428,14.83614982139343,14.992084836094197,9.469029725622,0.2367697244037501,-5.054676650238214,2.0910727813891534,-5.528111621418027,-53.84943032014485,-84.27894120133783,-86.55558795452885,-94.4950440803957,-102.44663730345242,-112.51098168938682
18.460984285333666,18.672705228784594,16.66770004794887,16.235800261953386,19.068777199247393,17.381369586446795,18.110448415735277,18.245766933420214,18.141496296384844,19.273358698347124,18.543257768610033,17.721459265211138,17.379836614587816,21.537723887272264,20.654932803222408,19.74638957411932,17.427161282607784,18.954324430534115,18.847752379505245,25.184757936838626,24.91592687925859,21.849700429379578,22.568713800070114,34.68081603934674,34.67911579232256,34.675830418910635,34.68000638146274,34.677505982695784,34.679164270965494,34.6809490571597,34.680524795759915,34.68031953030031,23.204431782378684,22.211505698320124,19.836515235035183,22.22974005850048,34.67884833328478,34.67876530851442,34.678787178124175,34.68063558436272,34.67690285643793,34.67850385635948,34.68014189827581,6.848443259796005,6.848443524837313,34.680164332743516,11.114662298474945,11.114662178519074,10.658801566089222,10.658801566030672,-231.07642189166626,-230.4792457693021,-239.30873539321084,-31.132624083450562,-300.88387548514385,-322.41281802822544,-323.766964281875
13.434521501508673,34.68076877668331,14.31737233024766,12.251656227656966,9.984989024025968,9.697583043391464,34.68064938169693,34.68056885612337,34.680796543741515,34.68055237854379,34.680510840715655,34.68059132743519,34.67782537179837,34.68016107866965,34.68085191032534,34.67876591799802,34.68052463605831,34.68083808195449,34.680593922897906,13.61247845858669,34.68067451028809,34.67893274660265,9.92796167082603,10.241091917449591,10.241091917449591,34.678676532451995,34.68032205898859,34.68045807369302,34.68052741356209,34.680702171310976,12.586724902328072,10.464304192722615,11.23932640956233,12.006816694079738,34.68068570601231,34.68045816283341,34.68016968227683,12.725136117634495,15.069199913737496,11.49991015767197,17.791552261538488,34.68040256574581,13.612476515500546,34.68025277905977,34.680566311795594,34.68028055686513,17.7915787034305,19.506308791034623,12.586724902328072,19.506308820836946,-31.694100212330735,-31.692529403918027,-31.705663221973555,-2.171341297416954,-31.96144017563319,-32.45726024605323
12.202619107922231,34.6806355875088,34.68088231431408,34.680566311795594,34.68079919526457,12.920875286932727,34.68070486974668,11.440574774535065,11.420323633605307,10.08234180232293,11.24372738900313,14.588303257973038,11.24372738900313,34.68036362907533,34.680796451526305,34.680308114932465,11.503336498414242,34.6807021006056,11.522588187062178,34.67865224001406,11.170615693687543,11.525805447678524,10.999648513227864,34.68043019753405,11.383490267025238,11.663083110285854,12.723898583129758,12.705876460673625,34.68025274220068,9.99504962211116,10.389324072040083,12.265578879642373,10.492201028958796,10.738829633788107,34.67903390934845,16.89125894916455,11.22962424696258,34.68064676780263,9.874365534417024,34.68087962669343,34.68081299674837,34.678729971054494,14.588303243071877,16.888278800652273,34.68052463605831,34.6805134403341,34.68062171530394,12.710682449878817,34.68071869964747,34.68069099715693,-40.344914598871114,-505.9992997047792,-220.83055489927747,-430.4035262684173,-4034.667902336418,-5049.743973307
34.67856345121577,34.680688382108094,34.680607812764634,34.68074637295126,34.68063551064587,34.678865951155295,34.677840464388495,12.792946861968431,34.681015592634424,12.792946861968431,34.68054118281958,9.009863631821036,9.065168329302951,9.70309603134895,10.440267201097713,11.24800275600076,11.363472222109822,9.42574478233958,11.247183423894864,12.349404439765221,9.15513855981431,12.384143829187801,9.749647204129356,10.674345507815811,7.507961334200753,12.61210897924399,10.541634706611145,11.30181940280393,34.68088248489818,34.68069108318055,34.68030823791878,9.297109535015391,9.108523010113043,8.624550623132148,8.500948872927022,4.265921541639311,9.524155903528065,9.427145867492566,9.549321529394131,10.087797649496263,10.033546195329603,34.68061908843814,9.721357982969987,7.110143715443466,9.525512496413779,7.988150466830613,17.9500334716683,12.811367103863724,12.81136709468273,17.95003341191086,-39.67537419178542,-35.351624154125105,-45.63758640715214,-63.33454303962942,7.381561399641707,8.129908189134351,-6.376550333208738,5.301838602281843,-36.028025718562915,-23.713429454950674
30.605229647065993,29.682903961548078,27.792156891235578,29.140789703735578,29.233624176391828,29.258343414673078,26.949444557228226,31.201197983102517,28.889569000610578,31.98259890757354,25.382479867312213,25.310160836550494,25.083220681521198,25.52170868821809,25.513930520639175,26.07158966955831,26.093066415163776,22.07692363425367,24.605148015854795,23.687745315735246,24.116023217337215,24.122109634582902,25.039345962707902,24.907049232443505,26.09920873629441,24.936336442456373,26.139888952130672,26.10678328488465,20.8306457608669,20.868463455451494,30.82013644071604,28.564200526715663,30.240531251797744,31.522125243919703,30.818046859933922,29.934867322174345,28.950492189270587,30.331117439639197,34.67939687640616,30.281328103526896,31.231025370256585,34.68057189872174,34.67931112006493,34.680585769002484,34.68080216675699,34.68104630738199,34.68081603934674,34.6794130815969,34.68081603934674,34.680816042425405,-22056.35032469152,-17021.0901699674,-17168.52886778234,-17076.976034225212,-17658.288473190056
25.516448747158627,26.180209860719298,27.556177908657943,27.13590288089702,27.020618330391212,26.806733405707377,34.67255797937681,34.68073558103083,24.1668192859024,22.539884327622026,24.829737771568833,24.713709939537583,23.030604470787583,23.978846658287583,24.303126443443833,19.795419454679674,10.53294274209551,9.645982066079196,8.918870481252124,7.663637278471323,11.054895702313697,11.226639134530014,9.36721362729153,9.59387190692436,9.546200543952036,9.997015841171415,9.685836298366521,11.165765754595522,10.506248955943047,9.307647587084684,11.056667677760597,10.505984763721099,8.628484221303406,8.731578646461312,10.056925306152007,34.67871777594118,34.68078528652822,9.94820200813039,34.68063549218945,34.68064673396451,12.290147608586471,19.795419500467517,12.292058534717922,34.68055234313408,34.68066321621572,34.679149958216776,11.207109708648568,34.68025279900073,34.678057506447644,11.78530715194737,8.58173539089197,4.079420925367692,5.520832461811405,4.105424222597659,5.471276167620853,7.543530776679144,6.685661302199914
18.40792288321085,19.18456766053912,15.420705557315317,18.64337121433228,19.07034181769021,19.801175743787258,19.250948073158874,18.589728204050466,20.154198955518673,20.309939744433542,18.875272498585527,18.600580451462708,19.357398599832027,18.46942472502467,19.498091774152606,7.369268143996317,7.640278654859879,34.68092122870981,8.53921777053912,8.600930239702587,34.68058012256864,7.023257617495995,7.861696101828068,8.788388834927185,9.002417109995088,8.671997049586219,4.565654984248988,9.025025302398001,8.066898543852597,9.57439194990476,34.68092122870981,34.680496950468154,9.672286406613432,8.884681602991998,8.462595620133664,34.680596778435465,34.68087129614288,34.68066340060115,34.67913768534781,34.6806773047346,34.677150420053245,34.67906690179819,34.678812060819965,34.67894236634349,34.675638353373735,34.680757700828345,34.67714606636735,34.68066337608024,34.680580184000455,34.67724272501881,-22.857881897197135,-51.60654431051515,-25.9401814786568,-68.4207329397166,-34.17944932844037
11.242167956241772,34.67861911196669,34.68074096192889,34.680685552280764,11.242167956299681,34.68054108441688,17.917533821419788,34.680879709603346,34.68060783726373,12.817277190509177,11.040897153172514,34.68052463289009,12.80930885786086,17.917536226045364,12.574807159370668,34.680757639290846,34.68044158215463,7.620382513386728,7.620382513386728,34.68052463289009,34.680674582402325,34.68055237844835,11.038734526460853,34.68074104180047,34.680280357870416,12.33193385857243,34.68028053840797,34.68037483240098,9.596932958843691,34.68085197173532,34.68074104795251,7.835897773536976,7.835897732049466,34.68031944733514,34.68049690271348,34.68069089259775,8.411438851740554,14.337032981659078,14.337032966757917,34.680252815918855,34.68029442791545,34.6805108268246,34.680691046253955,11.972994922667905,34.680496925783636,12.802563276726064,11.972994922667905,9.398252545168551,34.680851922581695,9.38340936485857,-96.68584344672708,-21.188474933789976,-95.34732822097749,-38.520050907739474,-28.339561311294396
8.960881478130492,13.72360071309874,11.905304905303517,34.68072993844554,10.78454481808864,9.93083062311695,10.66149245352414,34.680621741492615,34.680388751975656,34.680690960289674,34.680593982872026,34.68067708808481,34.67953314766177,34.680391397732905,13.72360071309874,34.68034723909966,11.844586932211671,13.066254659862803,11.963723559762071,34.67909831538863,7.434831314340797,10.552836449287362,9.158624646099344,13.010002265448586,10.687624240324887,8.964392174953765,11.885713269171337,10.277777108467355,9.25442569546599,8.242145451253101,9.78128377697599,12.863740168303526,9.693597697188899,9.986601178485081,12.982001480224815,10.28123410811144,34.67709936320573,34.68048579782054,34.68064941094765,34.680580181019025,34.68070489901207,14.213608059277899,14.213608059278673,34.6807534022639,9.593186356028122,9.640680831290371,10.904662765502726,10.67324298354917,10.67324284681936,34.68082965425872,-3.5703905122919792,7.707558515451795,-4.18961062865599,-275.1327592989301,1.3939667974054428,-764.1872008911095
15.161282170819254,17.901807085788505,16.872370023339528,15.271434006702185,14.495740463418972,18.05323975582169,18.296065021968907,15.435258652504563,13.25099902362752,14.815475154157758,17.73560760656868,13.417186378574625,14.443233051758416,17.73002744062777,15.422016639674217,34.68061063340834,6.037392564288263,7.762671214462268,8.018801508190615,8.563241487373768,7.955606429898859,10.75571813530299,7.20992596174195,8.771689781627453,9.225544589520092,15.422026628132777,34.68072148957186,11.068563443467616,12.233140657423716,10.852557290446875,10.887008909824834,10.845091771501336,34.68062176606534,34.673923178826094,25.34544031308967,23.22423531249294,21.22438985376541,24.33515012289137,19.881795230199735,18.19030505685989,24.091190648627283,20.201113047887723,21.477762531379227,34.678196225336265,23.927433142586114,34.68076332390109,24.73381157983227,21.080236735631864,23.722349161700585,34.67542826651537,9.70314437418484,15.903577652090956,-92.46691815545336,-45.52322130581951,-33.68903847250175
10.969586064431613,34.68055508082553,14.583876576278241,34.680677238780675,34.680711842365056,34.68089627191469,34.68069796804305,34.68058712417816,34.68067715728189,8.98969821229121,34.68062174149262,34.68079922759439,11.771267190971507,11.880657588760464,34.68069103102642,10.703257046919411,34.680628678316765,34.68083393110914,34.680732579213654,34.68069103102642,13.14777914613487,13.147779145669208,8.779255840857608,34.67920049482682,34.680854649526154,34.68093517165142,34.67721671114648,34.68077849688829,34.68048579782054,34.68067715728189,34.68069103102642,10.335879572412436,13.06646090919091,14.164796835646895,14.27511169757848,12.502581907352702,13.972840964571795,34.68049965889376,34.68069103102642,13.237996343526872,10.903528763173563,34.68040180299248,18.656190675728453,11.13136169923137,34.680538567082756,34.68062172920626,34.680416490627756,34.68049965889376,7.5208307540844785,7.520830754142686,4.615962577237248,3.5346704117211867,-2.294848679751134,8.768205867879466,0.8213315642816549,-45.51545581302778
34.68059399515839,34.68074378561644,15.62168593077378,34.677162908033296,34.680691049458005,11.788273473458915,13.171105573989204,34.680691080177326,34.68078806259631,11.743589277521359,34.68067732550754,11.936438945035498,9.865121037321678,34.67893121774979,34.680663289999345,34.68078532344458,12.182767546590007,10.52031931835464,13.173135801427959,11.113311959812165,11.743589277521359,12.165956523225221,12.517627803800027,12.55099604684072,12.55099603762541,8.320338542994621,34.675345450099805,10.552290877737247,10.968298433656598,8.181741763097959,8.923197956176152,11.037622646867673,34.68093326713574,34.680635630515845,34.68066335607945,10.223732934072196,10.938167951623491,34.68064950310559,34.68064950310559,34.68046076598894,13.753129836259,11.1950791772395,10.714649178601693,10.929849247706485,10.63026190329536,11.951280059553088,9.767557827209849,34.68058283630144,34.68092400665334,34.6807465051522,-174.59368648132997,-72.47529996544809,9.136480074463925,7.226797303404714,-25.349966912610657,6.533142516011885,1.4142828879416505,-3.8162812506317088,-18.39591276931685,-0.7651177018698769
34.68057598988849,34.680958669233576,16.21393196826354,15.065396822666017,34.68070486974668,34.68070486974668,34.68073259150274,15.065396822666017,9.019581546380705,13.650328029823694,7.586649476946299,16.21393196826354,34.68030822563242,9.019581546380705,13.650328037274367,34.67905450584903,34.68107380252944,34.67610497982118,9.97668027866827,9.97668027913393,34.680743736465544,34.678912390295224,16.608181749853657,16.608181746128366,34.67685009255407,10.294905358302792,10.294905358331896,34.68075760252655,34.68093025600453,8.94171577474177,8.744382999121317,9.716805359978625,5.9424841515907785,34.68088132075703,8.318997010832991,8.330542851630023,5.481306736093254,6.791324413040863,8.637312232794509,9.065936813001324,7.701909135220783,9.131698921524228,8.976647949533039,10.48606555171424,7.219498195790187,34.67900990710556,10.731030792903006,10.672952701442377,9.814823203577511,34.67916867219815,-34.79628540784764,-0.3196659426438022,-17.505281712871543,-41.90542571289992,-36.85425334995383,-22.55742685320441
34.67892684193203,34.6809739191515,34.67939937877654,34.68125429517912,9.146773620635278,11.052065644206673,9.872714428525695,9.520210434122367,9.466611997345613,9.027226898197847,10.158800729597026,34.680447090047146,10.752128069432597,11.120373489584924,10.760586706832196,12.813628149294956,34.68084362588734,11.565995190901827,10.298041207743022,10.183594377761285,9.603332438466508,11.019442216770095,11.025597378081498,10.258812990267915,10.0761855975358,11.545918084601706,11.026322376707471,9.934726717268994,11.171050587260005,8.689057175190213,9.934047756319607,11.107728529911578,34.680635612054594,13.726414623277796,34.68071869964747,34.68048843084246,34.68045805831035,13.726414623277796,34.680760297031064,34.68066323313572,34.67902057224298,34.68081307049107,34.68081302747449,34.6804719862777,12.813835508233224,12.90638266211107,34.68082700992696,34.68093520841946,34.6793935272226,12.906382661994655,-11.286271109681191,3.985758446299507,-37.787086670827215,-37.81478202077391,-36.21246341359754,-37.449800477652126,-37.37878458556497
19.649325476395024,20.68856440614356,20.935638533340825,17.006089316116704,18.69869052003516,19.116612539993657,17.888131247269047,19.173196015401526,19.173197922750038,34.6807217099805,34.680599639668,34.67763180150857,34.67780375605774,34.6807217099805,18.94290839265479,22.303049935489526,34.680763326722925,22.703322979812835,21.805687226729365,18.179376130714964,20.889573147224453,34.68073558559226,20.424788934445207,22.182002115591274,23.71262134432101,21.94803623474311,23.712377204151,21.51453813774559,19.89666220031416,21.348467127042166,22.28884462865754,20.5272718686191,21.53531482223084,22.177752338486183,21.805685859838544,34.679294634930905,22.243127740836446,34.67927955864947,18.723220218976664,19.801488031705546,17.270398248990702,34.68076056207113,34.67939943052545,34.68070774826849,34.68076056207113,17.625881542524027,19.69281541283958,20.449569620108907,23.07522956273586,21.864799417472188,2.3264185096033665,13.650369562839888,0.7581878179417291,0.06727333790701856,22.271472848868672
16.921757871509403,15.02291505992493,17.339977795482486,16.55118542373261,15.29677456080994,17.5023437088736,18.07876520812592,18.0878670758017,17.497697526813358,17.476638967395633,17.42600219905457,17.674516493678897,18.309561783672184,34.68062481697081,34.68055802613199,34.68100746799007,34.67406127404444,34.6747120944914,34.67430144820425,34.67901465308428,34.68041932601638,34.68054139171229,34.68071885325766,34.68054131182433,34.68069111692799,34.67700919710522,34.678438894955995,34.680496973387505,34.67825333783146,12.323836581682665,14.476741978799803,15.89997583059023,15.364501455699903,13.831860633468134,15.630068818008406,11.933750555062874,14.440503418589218,13.208167430157049,34.680910378717876,17.10361950862249,17.103471367565103,15.494828947032078,15.834305301452263,16.193837735945564,16.08123131483255,16.623319178963285,16.276983723188025,16.52088079615889,16.468440532827955,14.240929059827907,12.664390418824121,12.805279527003288,7.326668878778063,6.971656857051115,15.6772203782147
14.499388441740425,34.68082690319192,34.68034985453339,7.961768562607057,34.68025551826876,34.680826903191914,15.193168484053306,15.193168484053299,34.680474503715445,34.68063288645815,9.309956701157521,8.472000365091153,34.680441362504865,10.700136785354662,10.102161253646264,8.710760539619733,10.794713271705193,9.047287528147216,11.872730730765065,34.680430185244965,34.6806189039382,11.910156286392539,34.68066599228381,7.908413032371897,7.908413032371897,34.68066325313208,34.68059394132949,34.680838063522906,9.45270557707704,34.68046920798268,9.45270557707704,9.224662838583635,9.70711451124941,8.926179497291622,10.282206440598992,34.68030822563242,34.68055236625742,34.68019738791139,34.68068248987881,34.68073952832689,34.68063561523715,34.68064948936666,34.68067030128279,11.919942994180143,11.91994299324882,34.68073259150274,34.68077147511629,34.67881590576707,34.68070218059478,34.68055508082553,-195.9291082369125,-51.854093403406075,-39.94517359148791,-43.6192154642738,-65.88918561543301,-195.56817338546546,-207.32135826707975
15.882235425709458,16.26830308583834,17.87692039909973,14.707395721946675,17.203204863437644,15.049171073969543,17.79974970667256,34.680757673263294,9.953613330002856,34.6808684586778,34.68070489901207,9.95361333003196,34.68071872881734,11.318216993948639,11.318216993890431,34.68067716181933,34.67905732833688,8.80558477528146,34.68064950310559,34.680433108814825,34.68078806259631,34.680725785764594,34.68071877958859,8.80558477528146,34.677484519067534,34.68108778113358,34.680621802924435,34.680555179127325,34.68073265294818,34.680555179127325,34.68074648982545,34.68057598988849,34.68045805225614,34.68087969741449,34.680391397732905,34.68079922759439,34.680746489825445,10.416970186894922,34.68051082228815,10.332923461301963,10.196275949709813,10.023990992885182,34.68048309746051,8.161453311685255,10.522537207260715,10.890555684379958,10.855812375831587,34.68056914804805,10.680786834496242,11.161789629074914,6.330096864306537,6.622502981384454,-7.646752405979502,-322.6025690146003,-307.02921909706
34.67794515520806,34.68085750280868,34.67931656769868,34.680942504826334,7.048749380283082,9.037685846876661,6.786286423452498,34.68088948019813,34.68098648628466,11.176775797083696,34.68074667730721,34.68078822324564,11.176775796618035,8.065049932910402,9.973353894759416,6.496345021369994,8.462935161897835,10.255701033483124,9.908618176902596,9.930064395780423,10.101211605598142,10.42787960032459,10.45744458387438,10.486426286458514,10.336315629506348,34.68055236625742,9.659922060532185,7.770572283244324,9.430255265238007,8.561168368881258,9.239587780442012,10.277198955701383,6.0725118355012775,7.505636172897571,18.504324439831265,34.68037488015566,18.50432444676352,34.680838063522906,34.68055237854379,34.68055236625742,34.68078528657732,16.36405803709389,34.68052469449301,34.67895497940379,16.364060253301698,34.67739870054473,34.68064940480379,34.680538567082756,6.712746474092487,34.68089354542879,1.9694733813567251,-35.782403495619064,-20.827785584388025,-36.64598877076691,-28.975021803528964
18.87173355129807,17.4091243794307,18.819270556245733,16.205341165338446,16.87842768934815,18.07759225872605,16.820947473321844,15.703090911184239,18.377365057741095,17.3923847725734,18.92664868143647,14.88248098400681,34.68087984489891,34.680799319752325,34.680377662299435,34.68056646083702,34.67315832673264,34.68047631102168,34.68055683372442,34.68025727731015,34.680563758748875,34.68051097298401,34.680400159827535,34.68040709742168,34.68048069577647,34.68044178683638,6.665454478178272,8.935508632735946,7.410238696796442,7.245752516482804,8.815643279097355,8.51108765786489,11.75817267691197,15.182609181615751,9.525101901431427,11.295726872506279,34.678944858761675,34.680566311795594,34.680580184000455,11.292277450785152,15.182939031201736,10.512245115070925,12.089181230130174,11.549370909531891,11.67743893236047,34.68092390519047,11.104753906141445,34.68059667235154,14.13492700458821,14.134924038322094,13.247835954154821,10.68473788862791,-39.45174578519937,-141.4600454726692,-94.19165722805475
34.67910821027184,34.68045805225614,12.060868480524581,8.648830444833797,34.680635538357905,34.68028055386801,34.680660655822756,34.68055237854379,34.68058012256864,34.6804329597489,34.68082426319364,34.67782011224286,34.68063289260065,34.68073261608092,34.67913000374799,34.68044701938879,9.032402144472975,9.032402144472975,34.68179661467365,34.68039139158905,34.68082661638095,11.428021686185412,11.048381440446564,10.668484581413555,9.907980734340818,10.968492134184789,9.93272344182434,11.682259945361691,10.281698597773666,10.76111210681556,11.71744972601677,34.68073259150274,11.075547339224087,34.680596672408825,10.15781318153838,34.68074648982545,34.68086856013795,8.688156008299883,8.06122713702065,8.202775088991656,34.68093789776837,10.265224013854748,10.253710097491766,7.820002810145816,10.984376976999783,34.680801887179044,10.705417395529789,34.68067298065061,8.342791156724742,9.347246788771043,8.112723298059462,2.020303320373969,-8.190376382888612,1.3186708309939619,-19.339689733971607,4.307087531390887,-1.0923765023915752
34.673064449622586,12.377835277172249,12.175646724962363,10.614447575350118,12.382695175060325,8.252240719339706,34.68060773894011,34.678628591231224,8.030174005416978,10.633120456859094,12.137655910824082,11.681583045961053,34.68055238921561,34.68067441344658,34.680402522649814,12.10427358101645,12.397055485358967,34.68022494742606,10.323074353152183,10.632255805807834,12.598365891675464,34.680197314037805,19.343919587788406,12.012171768357346,10.791046871512787,19.343921158244196,11.224621754683046,34.68085187956511,15.623174563273013,34.68062738138373,16.489800287914324,12.875942129985022,16.228228529032915,14.721875392763367,15.62289990280401,15.040561071531142,16.37424431279958,15.600799799626364,14.81797139060042,15.960937175658186,16.489820036230626,34.68074945169623,15.194762972932836,16.120231803035924,15.85020059142699,34.68087152200873,15.617942039348574,34.680735579876234,34.679480448754184,34.67794587131955,-336.062225388545,-395.43247921969316,-251.73488663341425,-559.9586836716118,-669.7872338166418
11.584195384608853,9.470126993845547,9.836032274236942,12.787767248412381,9.002261959308818,7.505471962973263,9.644922058773645,10.252012618642105,9.923487588248934,9.915362363573234,11.97907937150241,11.39356846636885,12.074392295044634,11.58419537974382,34.67985034108131,34.68085402440018,34.68086439533214,34.68068404133837,34.67975449095669,34.67948128166009,34.68092859506288,34.68093602281999,34.68115818742001,34.68104483405559,34.680943477762156,34.67811313420842,34.6817187189819,11.506508835890571,14.110713895558519,14.272987343426365,12.573944158794774,13.671967680353163,13.416656098731409,10.685795997295799,10.690374126834248,9.199147193832852,9.860367317977902,10.234067436102467,9.698373042019895,9.494129657000565,9.194886382359485,10.50117763903858,10.810693005462676,10.112869043480043,34.68069102488247,10.252012618656657,34.68058283484343,34.68095333511566,8.034904491704186,6.909801519515032,-188.60976536891837,-194.19080479582078,-201.62395563281638,-208.4416628417224,-146.14766543396726,-156.0807017655353,-156.12665962897296
18.036884847489368,16.651570725646984,15.846762690154089,16.71680329313613,17.0492790224228,34.680552310901305,9.68987860853543,8.000301430306202,8.48806987092997,6.778605204510889,9.171549162666118,34.68076876439695,34.68085474010357,34.68058021468467,34.680732684409065,34.680621758310984,34.68059401973111,34.68067712495207,34.68071609004361,34.680718742721325,34.681330603806614,14.823783781462797,17.08822287068654,13.924019118854293,16.322127338582167,15.546035690316447,17.158824479290733,12.956123661333212,16.64820563056458,13.658258734354266,17.021411558696517,17.179238561624178,15.947341173970589,34.68046086351076,34.68056906200327,34.68078539562149,34.68081313810696,34.68093520841946,34.679349951615336,34.68062174061944,34.679094405622514,34.68056899748196,34.68066333915569,34.68081313810696,34.679182100371385,34.6807465296857,34.680555788037246,34.679142871679275,11.27852619094843,11.27852619094843,-149.84354316380274,-194.52292404703263,7.664079625090341,-655.89458608739,-8922.793600180732,-10006.831913964423
9.944876690396661,34.6808796512716,12.841554419932786,10.958151099858256,13.215611428351973,13.443393067320724,11.179391257915555,8.018176697919566,34.68110256879741,9.489107692175052,34.680635538357905,10.24242848117559,34.680663228553904,34.6807881463003,34.68080196089207,8.654937762234987,9.744431620204853,34.68070493961446,34.68084089905745,34.6810045713683,8.654937762097838,34.68100724019992,9.184719284271853,34.679152079443696,11.405227056445586,34.67904845313489,34.680541219686845,34.68069103402419,34.68041921545445,34.67905529646386,34.68088238657457,34.68069099715693,6.907075268445119,8.989070876126087,8.161621321964432,7.422409050695001,9.339284151332432,6.662177790267194,8.578654534079575,6.155336399195395,9.018776678335447,9.471061667913016,7.924358809517614,9.12426805012983,34.68084097743041,8.140792484502342,8.997486546591,13.993158036069175,12.27910044723087,11.85620070273937,-2.1333000389492556,-0.1743546606325803,-39.37411775767228,-15.993997701106215,8.20752471075986
34.68003096218755,34.68035830257113,34.67438517223324,34.67823806273573,34.68046908805109,34.68027508436461,9.612054166238067,7.089539088865836,8.572492319469065,9.167056563642008,34.680314008727585,9.628466633712774,16.69799717836622,11.215420808126959,22.44371899538282,21.313470925619637,20.719765748312508,21.81141575746778,22.13184842043165,22.500937547018562,21.412316407492195,21.813664521505867,21.836208428671394,22.23498639040235,22.3627444165254,22.130450333883797,21.44944008760694,19.71158131532911,21.640064324667488,22.453433121969734,21.992635812094246,22.374218072226082,21.17243798544926,24.220362466883888,20.602078631013253,23.514746555887093,34.680912952281275,21.163364610432055,22.47471902586415,21.907214173030095,23.434726738834293,23.401545244445106,23.970534302962488,22.967093230399716,21.97798391741752,22.548757858283828,20.228971786506484,34.68081603703774,21.977906482812,34.679446550975385,-95.54893972657892,-610.3265758451337,-773.4824756119153,-844.1139250500157,-76.44922924165013,-80.20152091429492
24.295085054756157,23.51761778379386,23.75625128999619,22.12523084212253,22.90565691744094,24.658840229825014,23.756387313392292,21.240317176369757,26.109523804777176,21.315678330975494,26.938830553280383,23.246731492619798,26.938708413049202,34.6806939651859,34.67956820374632,34.68073301623288,34.68092423706949,20.687515216873052,34.68081603934674,20.48075481037891,20.93960710148609,22.02346082310474,21.32532020191944,34.67794088108226,34.68095198263388,21.10199168749261,21.026950317428472,19.940357166335943,21.101991687492422,34.680951979939984,19.208142238663193,34.67961305638167,34.68093810965924,34.67670860814526,34.679841360980404,34.68085508654549,24.72750439397327,23.667598388113895,22.305247924246707,23.73727001897327,34.67924993949664,23.95643172211549,34.67934200176694,24.2102359964719,24.3033756449094,24.8200992777219,34.67919760990621,22.233276767956276,24.852608127819558,23.956446980904552,-34.63913221209974,-34.63962510769615,-34.629075054751155,-34.630669968262595,-30.753541564338633
16.169385168321977,11.218874720420832,34.680743736465544,12.022163609059808,16.169385172231504,12.06516224537585,34.68062166000919,34.68063553221405,12.784583831701568,34.68075495677065,10.790807298052405,8.830625101766364,34.675845270853685,6.60773522881462,9.48559645316962,9.476140291687244,10.374062434779972,4.729713302133673,10.362633594579876,9.877616806733187,8.286706972287703,10.086015467007002,9.749883204086274,7.8714411238168225,9.035371248689245,5.410368345458467,9.799940706098624,9.909520940868589,9.912344872830346,10.064430627908934,9.852551238679354,8.461520008301505,34.67904917206539,34.68040251961316,34.680319408955754,34.67843731017858,34.68041381976669,34.680374886231355,11.58720134641022,34.680469146446924,34.678617192574755,34.680796543684245,34.67862176689002,17.866167847815973,34.6807021006056,34.67875919694678,17.86616781801365,34.67746905714101,11.58720151454861,34.68013071484614,-13.000028200547598,-17.981471515849194,4.861609238438888,-10.736021580924618,-2.6457952641223206
34.68093503322275,10.184714904198922,34.68051340649599,11.38890900300997,14.87287618414776,11.346101293300423,14.848933035757266,14.682567269384034,34.68071866888043,8.275874934337722,16.01651363152183,10.185320325764275,15.314127907930978,34.67906304602192,34.680759745854544,34.68101427330631,34.68091987478754,34.680885265207145,11.102751956590392,34.67928103650263,12.28229864312004,10.655349027006814,10.655349027669732,10.322897798592631,10.683607895429434,34.679405456692656,13.102655443869757,34.681136431611066,13.102655442007112,13.370941719403554,13.370941704502393,34.680847212484395,34.6808160117922,34.680413721410005,11.877991250103763,8.643314196641409,7.456290313130565,9.817257793090661,8.453586581122176,34.67901588337808,34.68058000261044,13.212377796808834,9.522129202956467,34.680713287071924,13.212372808023646,34.68055505463957,14.160780515026914,8.275874934337722,14.160780522477495,34.68045798153508,2.225331305355454,4.039372599163713,-406.14115447765994,-2078.781424991524,-2207.636633647547
12.100908829500591,11.502824089233794,13.355903209559118,34.6806355567895,10.721893205869417,13.238532735226897,11.150815649965068,10.726483057440882,12.650091801729275,12.253051459474312,13.713407469811855,11.619048067837467,34.680593982872026,10.768080085768057,11.43038787795008,34.68028049543331,34.68030823791878,34.68078263544728,14.762002451551801,34.68066321626482,34.67907338360146,34.68033598194364,34.68069097257876,13.820391355415474,10.553421896712063,34.678791750980785,34.68072986464555,34.68056623807741,34.680663228553904,34.680879678982905,14.762002449689156,34.68056625036378,34.680757608670405,34.68063553221405,15.366610580363574,17.401216528444266,19.084757906999595,15.366610580363574,11.769862603720227,10.472335416856637,13.316371367054941,13.513254975234574,13.93993604937377,34.680349842247026,19.084765536394144,12.352760582906555,34.680610508901154,17.40118676312071,12.352858213452052,12.888551860673303,8.063320136371019,-5.248655615516031,-36.57436675856974,-36.58730585841852,-36.55345838790079
18.757895474343872,17.984785799890137,34.6809767904125,34.680815953304005,14.965505859492302,15.046592701835513,14.03890524120438,15.19108429425764,11.733202217755794,34.6805829998614,14.603421436531946,14.60342143839459,34.68066330223115,14.136010160236916,14.030975392425763,11.400698526971102,15.634292503289146,15.81480273318758,15.619492740628672,14.935131138770164,13.324798583115127,14.917058137890036,15.547411873440728,12.793101835681359,13.421378294365706,13.355421824878489,14.224058909839426,34.68063572569511,34.679846639975125,34.68071877489068,34.67945554106488,34.68085747808419,34.6806661381969,34.679005165577884,34.680937939862154,34.68082715125935,34.68084101576903,34.6806634743357,20.939347705782264,34.679033290607094,22.642008670430776,22.642016299825308,34.68082973405934,34.68095180437184,34.68077433668941,19.54016538614115,21.137719592989296,34.67616575817783,34.680919907769336,34.67884759924176,-69.45149976699244,-100.02041069357287,-72.61109021617662,-68.37709798975479,-111.07499951435815,-100.48331289304983,-86.07413819371354
34.680635538357905,34.680688245350694,13.277063765457665,34.68067708808481,34.68061902078066,34.680280572295516,11.017341404257309,10.688503966253354,34.68067444885395,34.68058007027916,34.679119742194366,18.219207291285393,13.371670880249535,11.892874251014387,34.68015848355551,34.68056338978171,34.68035825343113,34.680441417836434,34.680224956671026,34.68079915839731,34.68059399515838,11.305336235286518,11.414269730702358,34.680743736465544,8.967142809420217,12.237951005484092,34.678615853086484,34.680824186328714,7.517743047215368,12.306770213076891,34.680349782272906,13.576717473241615,34.680510753106425,34.680211190549656,9.968406531586403,9.531364473659075,12.45883266120162,18.219207172076104,10.819410183611787,34.68069090185497,34.67698638229221,34.68052463605831,13.321283851425278,12.128047748002452,34.6809489135303,34.68060779433305,34.68079915839731,34.68023893840801,12.306770976985268,34.680444104725694,3.2670224818916758,-0.8562285634304638,11.004663570305334,-9.36456780577508,-24.71070688580837
20.789969556248693,20.14677154294303,21.12985908261588,34.679467158421815,34.68121258057037,20.55255424252799,18.782529942906407,21.429987065709142,34.67916580571774,21.435915105259923,21.687231175816564,19.160497777379064,34.67946149459967,23.0704844795965,34.67940909770908,34.68072171536848,34.68110179157233,23.564701398541807,23.634380658795717,22.820469220807432,24.253576033127683,22.965687116315245,34.680843780293,34.680843780293,22.08514054649116,34.678238695011366,26.125902829860028,25.614184012867604,34.68106018109022,23.81886704795587,23.440235456158995,34.6807217099805,21.3032885465824,17.229161587735355,21.38712939359778,20.278001156827152,34.67908566257008,20.676774588605106,20.20273217298621,34.6807217099805,34.68110179389263,23.41453023547138,23.189489139587,22.667993320495203,21.554267085201243,34.68083249858332,23.412988612712642,22.050517022839397,22.311293757564524,21.83837047875593,11.692244685298899,18.210447582386113,-779.5350117653621,-816.5538352152146,-843.5650685070282
