49.954692256027556,49.95482108239344,49.954882646545585,46.41668559517541,41.23044977069867,49.95488264654499,46.64932587058636,49.95488264654644,44.35734443350231,44.02035922962052,41.11670470344602,49.954882646546096,49.95479073268304,49.95485170157895,49.95488264653765,49.95487866683285,49.9548826465026,49.95473482685444,45.91768721493359,49.9548822461082,45.99339952703365,49.954882646545514,45.917707511355665,41.50220892776679,49.95488264654411,48.4682880312765,45.99059342205847,45.60894333614561,48.31832362220709,48.31832362806323,49.954882646545556,48.46844983683734,45.60894333645308,46.17590215518158,49.95488238661562,49.954882646537335,43.6471086211058,49.954875940990334,43.1943899145719,49.9548825667823,44.91949771942155,42.029172989127,49.95487528595881,44.81752508016194,43.89450539110562,44.15392994592793,49.953761365635614,49.95376184914685,42.02863767600417,42.88580029995444,30.366065067917585,35.48243929878807,34.90620273285849,36.2057045109209,27.841897001427718
49.954882646537186,49.95488264654127,49.95488264654426,49.95488264652943,49.95488264654537,49.95488264654446,49.95488264644575,49.954882629801396,49.954882646544476,49.95488264651958,49.95488264654563,49.95488264654537,49.9548826465297,39.452223683189054,39.11295758133661,39.93352340112108,49.95488264653103,41.56627274283197,37.95176277227601,49.954882646545926,43.68264728959308,49.95488264654493,49.95488260925683,49.95488264646813,49.95488264654591,34.228893154903396,49.95488260817023,41.58033041395092,49.9548826465454,49.954882645444684,49.95488264654486,49.9548826465455,44.65596499489587,49.95488264588142,43.90631750697782,43.90631750695378,37.93546230343378,44.6484012342219,49.95488264654594,49.95488264654699,49.9548826465454,49.954881180748075,41.56627274283288,49.95488264652901,49.954882646545144,43.68264728950577,40.542032251734625,40.51844711894849,38.207278447674,49.95488264654536,14.105685150168565,7.9277992359250185,29.386916911000732,30.305639618380336,15.283763048415318
32.84784891632047,43.777409905728895,44.36636444578726,49.954538938046824,49.9548826465449,49.95488264653738,49.95482111725658,49.95488264654283,49.95487785913748,39.78360675176131,44.528959509138204,49.94017163584185,43.827347371963896,49.95488264654507,49.95488264654507,49.95488222611843,49.95488247041783,49.954882646546395,45.33205334528019,49.95488264643557,32.84784891679059,49.95488264653827,49.95488264644157,44.428654991041476,43.76708772615985,48.58850823566452,49.95488259460761,49.816301202611754,48.59280971276498,45.97536454491231,47.91939733694072,46.24624663147752,47.34347389197121,49.954882646545556,43.56861675908963,45.32594114934594,43.567766549360435,49.95488264644406,49.95483880807822,44.52979818587063,45.37072131151955,45.295073083038154,44.783144466984815,45.82336157832034,43.630412071953266,45.12211832792937,49.954882646546096,39.78165074052249,45.258371024750296,45.47597185824431,38.660008207008836,38.19370416025625,33.74437603680997,19.674973495615234,32.68329581188489,35.165683257558854,34.51233530365838
49.78295316414431,49.954882646545464,49.95488264654607,49.95488264654553,33.211201422628925,49.95463019635007,49.954882646546295,49.95488264653849,49.954873881998026,41.99253141201011,49.95488264654506,49.954882646545016,49.95488264653806,49.954882646537676,36.81147075244661,45.90537467267957,49.95488264654645,41.614004817520986,49.95488264652292,42.032529266208236,49.95488264654453,49.9548826463216,49.954882646544974,49.95488263869879,34.561106009360024,49.95488264654645,47.95630924309562,47.95605438191343,41.47506770097079,49.95488237173492,49.95488264654465,45.898984995247474,31.99531018221602,49.95477955882375,42.06133213085772,49.95463019635125,36.811470752447065,49.954882646546515,40.27566029397331,49.954882646330375,49.95488263687923,40.1168726286296,43.751800851610795,41.454904668453594,40.58782768752775,49.95488264654638,41.42182872173811,38.68338528314379,42.03207751035221,39.576193540021066,38.16212907911589,36.46712225708745,23.89999687628026,-57.595106809172,30.513231782551856
39.07957117570193,37.64434448220136,49.95488264653725,49.954882646545656,49.95488264653754,49.95488264652911,39.079571175702384,49.954882646538636,49.95488264654429,49.954882646545585,49.954882646546864,49.954882646544576,49.95488264653877,34.481309121501376,49.954882646546,49.95488264653867,38.33448917639575,49.95488264654726,34.72691037142607,49.95488264654472,49.95488264653594,34.7269103714263,49.95488264653703,41.11888369931328,41.91210632780136,49.954882646028274,49.95488264654476,41.952198417695804,49.95488263257578,45.45026721510015,45.448404772340105,49.954882644937314,38.18432138663377,36.87215109555739,38.18431981716483,49.95488264653697,49.95488264654526,49.954881828339346,49.95488264654631,40.79197055345848,43.41991137759274,41.952198420298984,49.95488264652993,49.95488264653789,41.92194561410524,49.95488264654573,49.95488264654611,43.41991180614104,40.88184469518344,49.95488264654463,16.60597608226301,17.92293553822352,32.87193997613588,34.040422749456475,19.32540618519182,35.139859433860465,16.425636346592587,35.40946377981651
42.95588983244431,49.954882646538834,49.954881723316305,49.954882646522925,42.32619448371352,49.95488264654752,49.95488264653773,29.196766597401382,38.27716592158629,49.954882646480634,49.95488264654672,49.95488264654625,49.95488264654507,49.95488264654742,33.64194205427238,49.95487540301226,49.95488264653094,49.954882646373925,42.06160227904767,49.954836058052855,44.567535581918364,49.95488264654294,38.592535666987345,49.95488264654547,49.954882646538486,49.9548826465452,49.9548826465452,42.06161557535677,36.98714472889926,35.323682271810725,42.05356328153747,49.954882646546565,31.470834310616823,49.95488264654624,36.987460282198164,44.56753558191791,49.954882083719944,49.95488264654449,49.9548826464824,49.95481468511657,49.95488264654628,49.954871966525744,49.954882646546494,49.95488264543788,49.95479203687171,27.17644846708639,27.457240605834848,42.955889705680434,49.95488264653844,49.95488264651761,20.797426131983322,10.89302647822078,11.16432661392362,-19.64245808283665,27.13934656230439,16.921336596659284,35.2727307047017
49.95488264653745,40.929146963206186,41.818055015597714,49.952429103902034,49.95488264230274,41.81805379894442,42.97387008216561,49.95488264653757,42.9738700821665,49.95488264654537,49.95488264654533,45.35476151383779,40.930033300831475,49.954882646545045,45.35476217510957,42.21197701571717,49.954882646537705,44.880465270991905,49.954882646527636,49.954881427447894,45.259184431346036,44.833931713976284,49.954882646543595,49.95488264653775,49.95488264652293,49.95488264652275,32.84836309827372,39.13250903537667,44.8804795025974,44.834079470945234,47.08258287422873,49.945106751670394,49.95488264653818,39.13259484453416,42.209495275518364,49.954882646544775,49.95488264654692,41.545199239312666,42.94990005382488,49.95488264457119,49.95488264654506,35.09826366380097,43.185400333021406,42.94989900272189,40.235720820993656,45.40754605797009,46.41922439116339,49.95411789503722,49.95488264311673,47.0829908994246,39.352192190730634,19.88314305344493,38.171503386939335,29.37337475567043,29.90692883188305
49.954882646544654,49.95424552685183,49.954882645813406,41.790356877723454,49.95488263237963,49.95488264340377,49.954881114634,49.954882646538884,41.77700011097097,49.95488264648898,49.954504810856065,49.95488111467057,49.954882645998865,49.95488264637795,39.09490287140453,49.95480886383591,38.96083558039466,49.94382861809458,39.09490287140498,49.9548818059639,49.954876889887124,49.9450019352627,43.271100953484044,45.98117369117716,44.00020348277996,43.94976599960499,49.954861619782825,49.94293780729824,44.46478076336867,49.953979946205145,49.95488264654615,47.80855732202156,49.95488264654651,49.923097891288336,49.954882513252606,49.94654870597786,41.03416744409384,49.954882646548285,44.651586945943386,44.43017125751732,44.89292875138075,49.95488264654513,44.873342356560876,45.241819807970785,46.23867721477298,42.96986288177837,45.994920973386584,47.805898970485025,43.4592138714755,41.42865748746944,38.285762097963755,38.70238533244335,8.8488426369182,28.109358614845675,29.2217184154059
49.9548826465454,49.954882646546565,49.9548826465371,49.954858774637806,45.56749815819043,49.95465612547904,49.95429313208744,49.954873653975284,49.95487554081103,49.954868071667164,49.954882644475845,49.95488249959768,49.95488264391636,49.954882646544704,49.95488264654008,49.954882646473834,49.95488264654642,49.95451556173866,45.56561672962263,49.95483757261305,49.94377514074757,49.95469497793769,47.592394014039144,49.95142807132819,44.57295357261406,44.71163919982235,49.94907888184767,44.607721776505954,46.220796154750296,43.94641738386979,44.557365712149675,44.241007984650764,49.95487848723319,49.95488264653874,46.01048622240408,49.954882630310884,49.95487877391972,44.11929094653631,49.954882401698214,46.2208008938729,49.9548826464021,49.951280167346724,49.95488264653802,49.945776968564864,49.954880554396176,49.94928952691579,47.59283853230952,42.959603222365494,46.0107411141818,45.694771903081836,32.60809366886472,42.570329353762155,39.06835395038848,17.581794488276227,33.60684395904392,38.70745927500387,11.159195832610324
49.954882534776715,39.584164288189115,49.95488258105267,39.19264191340081,49.954882646545116,42.86841232742549,49.954882573199626,39.798963678488136,49.95488264654594,49.95488260439065,38.2844350789515,42.89441549836566,41.79822494752916,49.954882646536845,49.95488264654455,49.954882646171555,49.954882608160794,49.954882646545485,49.95488264504553,49.95488264543118,49.95478774719161,49.95488264654561,49.954882646545954,49.954874443728,49.95263322023821,49.93947786351613,49.954882646538316,49.95488216981138,49.95334028902052,40.15913025713695,41.20668316922408,43.939295985153606,40.7939464967751,49.95488264654476,49.95484425648843,39.89713149833451,43.86249933800778,40.08065084283484,49.95488264654528,39.58416428818866,41.79822502666978,49.954882594070405,49.95488264640063,49.954882639776066,49.954882646545556,49.95488259066086,49.954877481589094,40.76989379815876,49.95488263883827,38.88653066977589,30.55941229143717,-5.038610079220078,32.939566275481795,38.31609105826988,22.66927232959872
49.95488209573687,49.95488264653864,33.259039541247425,49.95488232567568,49.95485366407997,49.954882646544995,49.954882646545926,49.95488264654573,39.98260269053042,49.954881657886226,49.954882646545116,41.94373409264648,49.95488264653874,49.954882646537044,49.9548826465371,49.954882646545414,41.94264881883886,49.9548826428173,33.2590395414034,44.45868956600859,49.95488264654428,41.9426488207464,44.461967711831846,43.73455500143773,49.95483914286595,49.95451313733752,43.76466931080502,49.95488264654507,49.954882636444005,42.573877751431866,41.81545862307329,49.9547187436873,41.96694835158181,49.954882095738206,49.9548826465455,40.33070680773507,49.95488264654546,40.89367344263361,41.8155986733225,43.743624538255425,49.95488264625009,40.03382084361977,42.542513807544886,41.611202692380154,42.55641977945032,49.954882646544085,41.478731027335506,39.331122829775424,42.07919266203939,43.02071171471628,34.39761064844411,33.722532045983925,29.33409112384717,-51.93827136466242,38.551965077212195,25.3502244644845
49.95488264654503,49.95484711958976,49.954857617670015,49.95484690256606,49.95488162491659,36.208330727439844,49.95488264653834,45.41657014182527,45.89553511425856,37.338728612837954,43.85177355141997,46.30860914344099,49.95481229611117,49.95488264654381,36.2083307154054,49.954882644436665,49.954769998348674,45.48593192130127,49.954882646539,49.954761097148655,49.954819966329005,49.95486810407986,45.85362113207052,49.954882646546224,49.95488264462614,49.95487446178271,46.309641180524615,49.95488264652992,49.954882646544476,49.95117715737132,49.95488264654523,43.7464788243272,49.95488264520254,49.954882646546835,49.954882646546025,49.9548826464662,37.338728612837954,46.278818915035146,49.95488264654544,43.76980558270754,49.954882646314076,49.9548826464178,41.08987282431716,45.416577811158,41.08986547231296,45.85362123882552,49.95488264654523,38.97395835900353,49.954445088228404,38.97395835932061,22.13866395822827,26.920777164036075,30.60061939757127,35.496006204914856,30.589525744282124
49.95488055110209,49.954882640050435,49.95488264654601,49.95488264651919,49.954862013400756,49.95382752262886,49.95485985864623,49.95486374590383,49.954861257662024,49.9548826465298,49.954877298203996,42.38710382228272,49.95488264654642,49.954882646545016,45.13989495002026,45.34009427196596,44.66473092675197,46.658170027596825,43.64229101816028,46.542603161577986,45.68984874065995,49.952911801460445,44.395082246653494,49.9548826337175,44.80418059402815,46.07170631646028,49.86852574704437,43.76783603150868,49.9539872945102,42.125315753656025,49.95488264653747,49.95488263371672,49.95393894176902,46.64944158365946,49.95488264654554,45.28150313381598,46.90136078931989,46.00767855681965,45.267009896287085,44.83449864893093,44.75883943518205,44.91421548929609,45.997780604888504,44.881312199424336,49.71787542442425,49.93568132851,49.93543332351108,44.464115239311184,45.93731760928486,49.95485535735026,41.06872328030653,42.11463240644486,45.21033224545016,43.97462451911668,37.62384625078324
49.95488264653796,49.954882646546494,49.95488264647278,49.95488264654601,49.95488264654517,49.9548826465454,49.95488264654472,49.954882646544604,49.95488264654573,49.95488264654449,49.95488264652354,49.95488264654635,39.350815754443445,49.954882612869746,49.94794990955409,42.3920173807306,39.34972931396118,45.99694356638362,39.36723439493136,45.998005614389044,45.50939149596926,49.95488264654581,41.13620110967615,38.124546849003195,42.39272014117778,45.508790961197924,42.10186035236595,49.95488264653926,49.954882646537705,49.95488264654506,34.22824818166062,39.68918093812837,49.95488264653921,42.79925749858564,49.95471535417499,42.50069340277918,36.61731120948451,49.95488264652994,42.629485879318594,41.88813967393457,43.375795252683005,49.95488264654615,49.95488264654479,49.93504345731808,42.99497672236637,38.90352539506445,43.93482053179508,33.95376291204816,49.954000414689624,49.95488264653827,35.36450020371289,29.576618343356646,33.58144251168366,26.368407085071297,32.38230569260061,34.85125860373818,38.197252159534116
49.95488264654604,49.95488215406177,49.954882646545286,49.954882646336806,49.95488264444286,49.954423133295165,41.430887977880744,49.95488264653786,49.95488220730231,49.9548826465454,49.95488264650485,49.95488264654334,49.954882646545514,49.954882646538984,41.91620690847762,49.954882646542096,49.95488253959441,43.0750177481694,49.95487914478591,49.95488264653751,49.954882646438186,38.79561785970479,41.91620690773638,44.92593385777783,49.95488138071379,49.95487143255354,45.745876310985594,49.95488264015556,42.7645737408168,49.95488264654611,49.954882646544704,45.745531757088926,49.95488264654536,49.95488260486779,49.95488264654604,49.95488264653774,44.92604992751602,49.95488263844303,40.94146240739161,43.18195672911987,43.07501774817031,40.95663093626865,49.954882646544206,49.95488264654479,42.7645764791653,49.954882646545755,41.430887977880744,49.954866862069714,49.92374034760237,43.18195672985123,31.431885920788247,9.420127072329915,29.896971473187374,25.597116543529864,42.162658777234526,11.196535481562053
49.95488264653136,49.954882646514996,37.70109286081145,49.954882646545826,49.954882646537165,49.954882646546736,49.95488264654536,49.954882646542785,49.95488264654533,49.9548826465459,49.9548826465456,49.95488264654463,49.954882646546295,49.954879886855515,49.95488264620699,49.95488264654543,42.82532465744517,49.954621194842254,49.954797256962884,49.95488264653885,49.95487198849963,49.92124865835799,42.11039514392388,43.25087630239126,49.95488264654553,49.954882646546295,47.21448339181727,47.16094848422916,49.87822960317708,46.882647814077416,43.35260701929018,45.924436148263595,45.88406879946694,49.95488240176995,49.95488264653768,49.95488264654594,45.76875304466718,46.06522770823821,49.95457889950537,46.35912726271919,49.95488264654553,46.82268895589158,46.28484305580138,44.49789561593636,44.01451212532093,49.95488264654515,44.647311685282645,45.1562133337464,41.847459335150965,48.09594576674243,41.42648267044138,43.84278152557605,24.40310200684326,20.852530421070362,20.907196569692523
25.438701860226928,49.954882646531125,28.263230645789577,49.95488264567001,29.0699733723404,35.74152593012287,23.2011804971456,49.95488264565581,38.69185325804078,49.954882646544505,49.95488264654567,30.56360279051111,30.563602790511336,49.95488264654493,33.2379088571747,49.95488264654476,49.95488264653028,49.95488264654509,49.95488264652265,49.95488264654429,49.954882646544434,25.282953427422314,49.954882646546,33.517824823221595,49.954882646538444,49.954882646544235,35.741525931358055,49.954882646545954,31.85185854844038,49.95488264654465,49.954882646545784,49.95488264653921,49.95488264654567,34.3713945417381,49.95488264654527,32.06606802456779,23.01868916832302,34.37139454179949,36.422453279177525,33.96015157118701,36.42245328888417,49.95488264653582,33.51782481542145,33.960151574284296,49.95488264653847,49.954882646545116,49.95488264654644,49.95488264654679,49.95488264654526,32.06606798450924,18.759495242171248,-14.47776732375874,-137.26860044667606,-15.607283379170727,-12.060775023558698
49.954882646423236,49.95488264644948,34.43136547210162,49.954825783230646,49.954825783256084,49.95488264654732,35.32936386434768,33.15871124742035,49.95464178184854,49.95479150171597,49.95487459139517,49.9535498869005,49.95488264610801,49.954882646546494,49.95488264654591,49.95488264651746,49.954877232707766,49.95487723220668,49.94330799163876,48.14588795449267,48.14383041449757,46.6298187584148,45.478360302120464,46.09426723584209,45.94321441545097,49.954882646546295,49.95488264650538,45.302002259729434,46.40555962954409,44.45228300578583,49.9548826465455,45.7471404945909,43.89982297847969,49.954882646544746,49.95488264653241,49.95488264652315,49.953238558782175,45.64969122489936,49.95268995317304,46.40557524660598,47.51269262621262,44.78759922956622,47.51314797294999,44.92056493624072,45.013143295760976,41.75432573738108,44.604623646141135,44.379043090371084,49.95488264653849,46.10176617606293,31.185347689906532,41.45406234445009,5.75813114003988,16.538492859744366,-40.822036021873004,23.47084373808608,-25.45353227509305
49.95488264636869,49.954882634781164,49.95488264654601,28.25579772417018,37.318569997696066,49.954882646545016,49.95488264654554,35.4009540472573,36.04193219450763,42.7483978671038,34.468455982535986,49.954882646544945,42.02177548543252,49.95488264654598,43.763980648678704,42.02177732199048,49.954882645393944,49.954757303623715,37.75388877615317,49.95486586980685,49.95488261767321,49.9548826465137,49.90558191890658,46.18229414603658,46.588527990738115,49.90507613690777,42.0432290213211,34.46845598246459,42.397606738618,42.748397867105176,44.6882553570574,49.95488264654708,45.713508652771914,49.95488264654625,49.95488264654523,49.954882646544974,49.954882646546295,49.954882646538195,49.95488264542546,49.954881848463245,49.95488256379596,49.954882646530066,49.95488264653698,49.9548826465454,49.9548806296558,49.95488264653029,49.954882646546025,43.50530524132368,40.031689340389406,45.629049085132785,30.17938802098541,38.21695308257831,39.438375745102604,13.258108679368135,16.513252712418993
49.954882636199066,49.95482728167353,49.95488264654464,49.954882646546324,49.954829624961356,49.95488231900022,49.954882568955504,43.950650965491356,49.95488264654634,49.95108051628953,49.954882641611725,49.95488264654503,39.976637508716074,42.99968389250574,41.995379932286994,41.703581161955924,49.95484751231888,49.954882646543865,49.954882646528375,49.95488264654546,49.9548475386374,49.954882633510415,49.954882646454095,39.809385982995536,39.809385983595426,49.95488264654482,49.948735455254614,43.7276218868064,49.95488247588451,44.6717858763116,44.15049076685399,40.93931122868005,45.60675040840798,49.954882644637564,49.95482920116721,49.95488264654573,49.95488110674302,44.014222518002335,49.95488263606143,49.95488264654547,44.450025017093694,43.30374527490612,45.08128997740253,39.97652754712772,49.93583624311821,37.66358595038337,42.40924882096849,39.01929733478599,44.433048644835516,49.95488264654432,26.516674056634475,30.27171998886296,36.24219716634044,37.29833152696702,24.174599495851556,38.953614034791116,11.325673493131681,29.607135183751915
49.954882646545016,49.954841443698946,49.95488249367297,49.852466455903475,49.95488180339134,47.67233336916589,49.9541687587947,49.954872292241184,49.95488264654564,47.24546653576082,49.95486685433439,47.44354459199185,49.95488224020833,47.20550822926091,49.95488089427717,49.954882521976366,49.95488264654588,49.954882644841675,45.8291059301293,49.95488264654587,49.954882646545045,49.95488264654588,47.81502467330732,47.743476280469466,48.177149875798456,49.95488264654554,48.41208247590923,49.95488264653806,46.20015742841331,46.62815967785057,49.95488264653836,46.886317941809864,49.954882646544505,47.355608287629586,49.95486725773764,49.95413724658149,49.95488264654617,47.63110611593865,47.92561349244466,47.43624633386497,49.91380674432657,47.13558447477745,47.17346610103537,49.954882646544135,47.45976407822038,47.874992539725746,49.70485893674033,48.11774689500802,47.02073479196172,48.589759079509236,43.15033276630167,45.57324050157841,43.2927543171753,42.80201741121678,15.876292964961827,44.45196725433184,44.43679355222654,39.953981984971826,44.944083053035904,41.4583554086854,38.43636436386817,45.86165327568951,-60.12851495098904,45.17613707640694,18.38841764037971,36.01817828787055,-39.968069781983154,44.73264893386213,43.92027704170112,45.31680182935722,46.381120179612765,45.11807950347752,33.81009066106928,38.72933156765504
34.336111123529165,49.95488176124033,49.95488264654601,49.954882646545826,49.9548826465452,37.94473992088747,49.95488264653903,49.95488264654119,39.33934870981189,49.95488264653017,49.954881761248195,36.756459643198134,49.95488264654635,49.95488264653805,29.607551025665188,49.954882646544725,49.954882225432804,49.954882646545386,49.9548825868504,32.96297000448932,40.28047575326189,49.954882646546594,49.95488264654563,29.694079547222586,49.95488264633219,49.95488264614217,38.64434598428757,36.756459643206945,49.95488264653714,49.95488264653965,49.95488264654534,40.28047587032935,49.95488264653915,49.95488264632602,49.95488264654503,49.95488264654617,49.95488264654658,49.95488264653451,49.95488264445831,49.95488264654564,49.954882646544675,49.954882646545315,49.95488264654554,49.954882646544945,35.26364391001344,49.954882646504544,49.954882645053836,38.87239989622263,49.95488264654408,49.954882646544746,-18.979626870048275,-0.26088069984602913,22.52161898261909,34.448784499949184,13.938841607149516,10.805136905919936,11.184720645971266
49.954882646547276,49.9548826465452,49.95488264654688,49.95488264654519,49.9548826465451,39.75678818510448,49.954882646545926,49.95488264653766,39.75678848001244,49.95488264653504,43.51552356386081,49.954882646537314,49.95488264653815,36.74010702769249,49.954882646546025,49.95488264654409,49.95488264652918,49.95487416512261,49.954882646412386,49.95488264654519,49.954882646546096,49.9548799523039,49.95485898508837,49.95283813454842,38.60311265021645,49.95488264654543,36.74010702769479,40.454309768235966,46.46963874000231,49.95488145913955,38.713849331438766,49.95488264654656,49.954882552763664,46.60135917768795,49.95488264653775,40.454317890721384,49.95488028995917,46.46914025770296,49.95488264654594,42.023554695339094,41.12332407150611,49.954882646545144,49.95488264654499,43.51552356386091,46.60135917540833,49.95488264654607,41.12332401235285,42.02355469989445,49.954882646544796,49.95488264277066,29.85365548444672,30.888206750202983,37.31496523863504,35.52210064381698,22.528901112252896,11.811370934843831
49.954878396444336,49.951877846763615,49.95488264654655,49.95488264654642,49.95476070168293,49.954878419384436,49.9546387330095,38.72403765583476,49.95488264653053,49.95441826249942,49.95488131716126,49.95466442762945,49.954839148547386,49.95228854623806,49.954882646522314,49.954882646546594,49.954882646490724,49.95488264411299,49.95488243028606,49.954882646530926,46.309410122427984,49.954882637779576,49.954882637777814,42.46909421661136,45.12826671561246,45.50840912815307,49.95488264654513,49.954827681162634,45.90307682468961,41.08016402749297,44.41087397256577,49.95488264654651,41.71350602327316,41.30381608762859,49.95488264653062,46.34833365336715,46.3555272855802,43.599635320447106,45.19932099346164,44.247402144034524,44.54565079805702,49.95488115071637,49.95488264654446,47.07421788592135,38.98250357764213,44.01191287705923,44.18067474764204,46.0429893505049,47.06944097301136,46.55661036185511,27.232529337949007,42.94044703916042,13.666209262454679,37.75539713788172,37.886116678999855,34.477279793423726
49.95488264654469,49.954882646545485,49.95488264652603,32.701028558991794,49.954882482890525,49.95488264653661,49.954882646545954,49.95488264654477,49.95488264649661,49.95488264592593,49.95488264654482,49.954882646539325,49.954882646536355,39.8748474961155,49.95488264654662,49.954882646545784,33.273599724956085,49.95488264654574,39.675984503444596,44.24620651230916,49.954875304980796,39.675984503369044,49.954882646545826,40.09356407443007,40.63333100569046,49.95488255697663,49.95487282008493,49.9548826465452,49.95488264304847,34.890934509079244,49.95488264653017,49.95488264654371,35.370288146998064,49.95488263063804,49.95467589600277,40.44328587859512,49.95488246053505,37.101636925804065,42.54681431632836,41.89430871626857,44.71214411149784,43.129093185247285,49.95488264382328,49.948714014997215,44.24419799894571,38.06253919840363,40.633331005691396,49.95488264654638,49.954882642969906,49.95488264653651,30.595575659064444,12.352133335296715,37.43299375106502,-14.971067324226865,-39.07949790416807,27.4785232511151,38.33852684056085,6.900882114390309,16.925171339364873,33.60393573353498
49.95488264622415,49.95488264654644,43.84375980798594,42.08886718200769,43.84378081822891,49.95482903569792,44.25414967996682,49.954856334358816,49.952592219382154,42.088867828729114,49.954882646537705,49.954881320742956,49.95488227439104,49.95488157321719,49.95488264653655,46.70923142385226,49.954882646536916,42.279978158162436,49.954882646537904,49.95488264654411,46.26294191684908,49.95488264596024,38.84333448752005,49.95488264654499,49.954882646546835,49.954243770372194,43.258538697569236,49.95488263332868,46.86804410406776,49.95488264653056,49.95488264654587,49.954882646546025,49.95483079129742,40.86144957812395,49.95488264654544,41.69338391429983,49.95488264588666,49.95485929275898,46.86804568603355,41.258103810176095,46.70922507396088,37.14750115538653,49.954882646545414,49.95488264595318,49.954882646531594,39.7826218739578,46.25000088095827,44.063284248814654,40.88984662545846,49.954882646545585,34.97840637589095,12.136001716501783,36.04608544814762,32.19962730962972,18.524070002837387
49.95488264580156,43.616039353813676,41.78117608936646,49.954882646537804,43.61600562663685,38.220716252822214,38.37098552988991,49.95488264652269,49.95488264469644,49.954882646515706,49.95487086215974,42.907147755959265,42.90714775599504,49.95486270348812,49.95488264653682,49.95488264654581,49.95488264653818,49.954882646547304,43.21396937674323,49.954882646546,49.95488264555707,49.95488264465243,49.95488264605286,42.7683363116579,49.95488264654543,49.95488264653115,49.95488260242081,42.38932728206222,41.66850216957253,47.466611075764824,47.54405061264145,49.954882646545485,49.95488176784001,41.78135507771279,49.954882646538216,49.954882646545485,49.954882645740376,41.66850356161153,49.95488264654506,49.95488264654536,44.83582219874246,49.954882646545684,49.95488264562184,49.95488264654543,44.66400028763597,44.835821768572,44.66399274409975,43.21420352763514,40.70605258896664,42.395221428578836,-37.73846814215605,33.20174487039293,34.26919629324762,24.777310490720573,35.42117062684169,12.024859624500108,36.31613441777617
49.954882645670054,49.954882646545414,39.97410511792432,49.954882634639695,49.95488187369329,49.954882646545514,49.954882646545784,49.954882600171274,39.97410514337858,49.95488262492273,49.9548826001569,49.954882646545485,42.24009222820956,49.954882646547205,49.9548821469848,49.95488264654439,49.953069789780585,42.421843424700384,49.95488264654391,49.95488166962838,49.954849350180695,49.9548013734145,49.95488199949312,40.25682088846641,40.393786216085346,49.954882646539104,43.53278629488447,43.533094630682825,42.42184342469899,49.95488264649794,49.95488264651992,49.954880324113546,49.954882645854916,41.19708961108131,49.95488264654598,49.95488259155979,49.954712995827215,49.95488264653874,49.954882646199295,46.587814037811846,36.82971334719506,43.332073018094164,49.954882507182084,49.95488264619955,41.19707007386071,46.58756091563523,42.23982187309098,43.09423753709886,44.38973989646128,49.95488264653952,33.0983242781478,33.833541365158865,21.827731586743127,33.13521709620681,5.785003412909622
49.95488264653757,49.95390790261469,49.9548013357987,49.954882646545954,49.954882646522805,40.620018872866616,49.95488241504414,49.95488264652363,40.6200188695265,49.9539256847898,49.954872788891926,49.9545665358294,49.95488264654459,49.95488264654573,49.954882646544974,49.95488264113989,49.95488259672495,49.954882646545066,49.95099854658409,45.37030434387821,49.954882646531715,49.93230800417244,43.66345828846803,44.41609551813016,45.80969501671135,49.95488264654561,45.82607183581098,47.007962072381794,45.62451487022342,49.95051012500267,43.70278966911362,45.10316507111297,46.09079623131613,45.66067156190565,43.70298647682526,49.9548826411481,44.570584775467694,49.954882646545784,45.59644800087403,49.95488264201815,44.47896295481815,45.619202660099795,44.80416939621027,46.742091047834954,47.044675872224374,45.80973023082966,42.35735624185024,46.389030833610036,47.0763674137686,46.05047692783996,39.38585932016453,45.03531083947115,44.94415167907541,45.51389006943863,37.46556176878999
49.95488254599148,49.95483539115546,49.95488264654645,49.954882646544675,49.95488264654499,37.832958313857205,37.82740859458798,49.9548826109617,49.95488264654627,41.037252274494264,40.34980963501452,39.81236259810416,49.954882646529754,39.380090183575824,49.95488264653779,49.9548826465381,49.95488264654644,40.737200098605086,49.95488254599417,36.95997290079156,49.954882646545514,49.954882646537826,39.812362598104386,49.95488264608116,38.88979545817914,46.61861153846809,49.95484067787858,49.954882033150845,45.51671198332445,47.839024288676946,46.53393149521847,49.95471493925495,49.954882646545286,49.9548826465405,49.95488264654459,39.02426304795343,49.95488264653788,42.8029139144148,49.942062946574886,49.95488264654587,49.954882613229756,37.3265927689411,39.68396460914097,49.954882646537094,45.922323020402864,49.954882646545414,39.38009019286232,38.15559254051402,49.95488264654251,42.53299815106389,36.05153989114186,-60.003719484829716,38.15854241275615,14.588280857459083,-4.958330133260175,30.680621514056188
49.9548826465455,49.954879981408546,49.95373128837584,49.95278443348528,46.39531838832386,46.76327808576141,49.954503822402465,49.95488264654598,49.95488264654631,49.92594580157901,49.954857844668496,49.9504030429308,45.66758291996813,40.46329591378616,49.95488264654416,47.74582457109364,47.905619414571234,49.954841642839,43.257997571291455,44.15645370421163,49.95488163830099,43.40029829832811,44.13379879276601,49.95488258875824,49.94778902255033,47.95470036340247,43.39480450784039,47.96453852296787,47.56007172455518,46.527085630987685,49.95486386904611,47.63787278243546,44.726555194232944,48.65506187917124,49.95488264653066,49.954882646530336,45.9788256826531,45.82838499140208,47.641860779941425,49.95488264653772,48.653893654354455,49.954882646545116,49.95483006961224,49.95488262473395,45.142106052443445,45.03346276237559,40.45873415069249,49.94049473359028,49.95488264654537,46.527167359347374,42.04771959973556,37.723673908230325,25.023170350632597,-66.17312219461861,43.392181304796274
39.50414869030086,36.35986790982022,49.95488264654588,49.954882646545315,49.95488264645816,49.95488264654547,49.95488264653708,49.95488264654435,36.35983259571255,49.954840000166364,49.954882646538024,49.95488264654624,49.95486496479323,38.880833427624296,49.954882646545,49.954882646544064,49.95488264653788,36.176389312432384,41.33826179101192,38.07135087882048,42.84155205262073,49.95488264654585,36.73533504440462,30.827030831899815,49.95488262222762,49.954882646538586,36.035327739622346,49.95488264653715,49.95488264654523,49.95488264564729,49.95488264483529,49.950057551108635,49.954882642421026,49.95485467712861,49.954882646537556,49.95488263607992,39.35397257569888,42.056265297407485,41.4562727234878,41.332697562521794,39.76535471152788,35.686216716767234,49.95488264652998,39.506277911021726,41.935184390889916,45.9858468806973,49.95488264653088,36.31405321759814,36.40738826044886,45.98584688071111,35.57204286829591,17.233145526793265,13.542093606575275,30.739716343928002,24.623302449504283,31.299709426770196
49.954882646544604,49.954882646545954,43.010970611958264,38.38901923674023,40.616892387872554,49.95488264652357,43.01097061196154,49.95488264653101,49.9548826465391,33.52992150462336,49.95488264654483,49.95488264654563,49.954882646545926,49.954882646546025,49.95488264654482,46.09433482908909,49.95488264653763,38.820262911746596,49.95488264654618,38.38901923673933,49.95488264654503,39.51545919801867,49.95435535002875,49.95488264654499,36.38292506388234,36.3900036788899,38.82026291174614,49.954882646545826,38.91462208753877,37.70480176691969,49.954882646545315,37.70480176692014,49.954882646541336,33.529921504622905,49.95488264654436,49.954882646545514,33.801150731606,46.09445771073906,49.95488264654554,33.80115073160782,35.646544789048896,49.9390411344111,37.893807223640465,49.95488264653657,49.95488264654537,49.95488264654543,39.51545919802831,37.30443782847417,49.95488264654588,49.95488264653866,24.804206887187718,-154.4216599946314,36.56477064934528,16.285115203317513,12.729912148069454,13.464961399723567,10.84612307158922,31.88675836430274,25.37984496414984,14.158119955812042
49.954858669743665,49.95488264653705,49.95488264654597,49.919078531301416,49.95486428789438,45.79641628925251,45.796292717339,49.95467308980401,49.95488264654591,49.954882646537705,49.95488264653068,42.14984851689122,49.954570446004396,49.954876727740356,49.91910103035922,44.54935028802968,42.759221063236595,49.95488225071335,44.92726060065687,39.98191038121705,49.954882646537754,44.11064188108837,41.148394303704514,45.873686276543154,49.95488264654607,44.095775286319586,45.97137334609223,49.95415768735594,49.954882646545535,49.954877585675625,49.95432425128913,49.95415832783247,43.24010931185877,42.7678403375826,42.7666567515924,45.88818281580545,43.75392079902801,41.41206163649178,45.31846034325231,43.20360516130233,43.3742377660745,45.29117589294667,42.558817696779,43.50527571601423,43.05821087103164,41.39024986192925,44.507417128915584,43.24702940603299,43.043904409659554,43.798972977110814,44.40073023714291,25.658183248489955,30.335173438881935,37.295946213011014,42.53374702491362,41.62231558417654
49.95488264654581,49.95488077489579,49.95488264585015,49.95488264653743,38.965420923272625,49.95488264643052,49.95488264654665,49.95488264653729,35.40440652821278,49.954882561166684,49.954832709996445,49.95487964171077,49.95488263841693,49.95488264653662,40.57870523234156,49.952182150742246,49.95482431816143,44.18162132652237,49.95468998616015,41.420780799037644,49.954826933829274,41.42078442164277,49.95488264654624,49.95488259671384,45.35534193569543,49.954828091472194,49.95488264113478,49.954882646546054,49.954882540651276,41.422511133143686,44.18156954986037,49.95488264654241,49.95468810777331,49.95361579993329,41.098983166527184,49.95485578731984,45.355345925661425,49.95488264654631,49.9543509667487,49.95488257730135,35.40440391786989,49.95488264043894,42.6553074472948,41.80660915287548,49.95488260610145,38.83348409281751,41.80754658082737,45.793802347570825,45.79357366498455,49.954882646545485,16.721977250059478,43.591385354062794,37.50825080886257,8.405478755098684,29.191421680856408,33.780950901330414,37.69825439287444
49.95488264654489,49.95488264654631,49.954882646545755,39.24916176675937,47.979132370954595,49.95488264653667,38.17925152688037,49.954882646546224,38.190365149316946,49.95488264654574,49.954882646546295,49.95470309849846,41.98250564997995,49.954882644451764,49.954882280617866,49.954882646533974,40.55059692901411,49.9548826465361,47.9800359937969,49.948686467142046,49.954882646545485,44.771321591423764,35.343434488150706,49.95488256541426,41.98250564997449,40.54700697201979,49.95488264654614,37.86611100708362,49.954882646545045,49.95488264654627,49.95488264654249,49.95488264654436,49.954882646544505,48.059748088017194,48.05975947016266,49.9548826465378,49.954882646536966,49.954882646539744,49.954882646545954,44.76956656293436,40.12456923189908,36.54627845798127,49.95488264653715,49.954882646537236,49.95488264653058,49.95488264653979,39.83906375647588,49.954882646545684,49.92881927275421,49.95488264654465,39.29454895707937,31.87472666125286,16.127890106792222,34.335554192721204,38.11974468289067
33.70844952466431,49.95488264406379,49.95488264654206,49.95488264654547,49.95488264647357,49.9548826032543,42.257721281570625,49.95488264654499,49.95483227224858,49.95488264652273,49.954882646544675,49.95488264654627,43.85592560818105,42.88523360839753,49.95488264653892,49.95488264416,49.9548322722549,49.9548825589762,49.95488264653838,49.954882646545784,49.95488264155798,49.95488264654584,49.954882646526755,49.95488264654405,44.66311008645891,49.95488262031593,43.543804748704574,49.931222454640675,42.20216171281828,49.954882558975804,42.21050196345392,49.95488258012324,49.95488264654446,44.01182134035458,41.00183642391065,49.95488264167478,49.954716030545285,45.04295331034373,47.881357017640404,47.880606776631836,46.16987871693689,45.03957687138726,47.04133454855117,33.51480277605178,49.922715904148085,45.6518793118933,41.51339390124516,49.95488264654516,42.26124305961403,41.02184464298666,35.27755507844811,41.8046754676368,37.6981353987196,12.71681275704645,18.60092802211438
49.954882646545514,43.20478681861193,49.95488264654661,49.954881800539326,49.9548826465449,43.204796022578826,49.95488264653718,49.95488264654543,49.954882646546295,49.95488264654455,49.95488264653748,49.95488264654641,49.95488264654422,49.954882646522066,49.95488264654594,42.9611914905901,49.95487605631852,42.038142514238565,49.954882646537925,44.23707622098891,49.95488264653547,44.57613600810521,49.95465284455583,49.95488264654584,49.95488264654492,49.95488264653117,49.954882646538096,49.95488264653138,49.95488264654537,49.954882646544604,49.95488264654615,49.954800491321414,49.953428840218265,42.96127565694094,41.69483314677036,49.9548826465457,49.95488264654482,44.92094888828065,49.954882646521376,44.36470159973103,46.5789413769737,44.59328412381815,44.898100457853985,41.324577421462585,45.1197263107501,46.56081128067866,44.63148216832511,41.78330525995126,43.55461683424983,44.22801904645001,36.72888765622538,26.206718384119693,40.88228437203309,37.66111527846748,38.53489041674223,38.408402273248036,37.283546057162965
49.95374012455749,49.954882527428055,49.954882646500316,49.954882646547375,41.179903361298386,49.95488264654546,49.95488264654604,38.12355791912744,49.954882646539,49.95488264654496,49.95488264653775,49.95488264653752,49.954882646546636,49.95488264654469,49.95488264654608,49.9548826464331,49.954882624045865,49.954882467150995,49.95488264654523,49.95488264653628,49.95488264653154,44.54649568712739,49.954882646546,45.63607363063023,41.17990336129748,38.12355791913149,44.54649568712923,49.954882646539104,39.41427858141267,36.05751352999161,45.635775540572325,39.32563488888319,39.554101679253876,49.95488260514264,39.457502098701475,49.954882646475745,49.9538836698388,41.860352063951595,40.12673881190205,39.28004026716509,49.95488247066563,49.95486296087619,39.66626301805408,39.55410167925524,38.68382639080846,49.954715191887594,39.10372943973663,49.95488264654567,49.95488262871984,40.14520026634807,34.9827861866087,23.2910666805867,31.67097565714954,34.411066155741366,36.16124959777406
49.95488261067092,49.95488264654574,39.99521276597615,49.95488264654536,41.899584470365305,43.28281948267784,49.9548826465305,42.05892464327621,49.9548826465455,49.954882646538096,49.9548826465294,44.38770366542689,49.95488264652256,49.954882646537584,49.9548826465457,38.09431556168465,49.95488264654422,43.591811813857035,43.59310213451904,41.553339493724174,46.80820659260721,38.37087926504336,49.95488264654601,40.31533444959494,49.94886457471934,49.92216084866747,49.95488264654405,41.16684015912048,49.954882646538216,42.23385983961442,46.79898212344334,38.13857779073786,49.95488264654685,42.717411427317636,49.954882440805584,43.11700632659531,49.924759373976954,44.25384506881205,40.49115716025623,49.95488264654469,42.10004258859721,41.74297748807827,41.6727510411607,49.95488264522187,42.675162545063124,49.95488264652081,40.31533448227591,49.95488264653188,49.95488262757357,37.931832545172654,27.55865629968313,36.84643483357414,27.153128054732285,21.692576793589748,22.731630208049538
49.9548826465453,49.95488264654638,49.95488264654165,47.38278440488207,49.95488264653788,49.95488264653737,38.99475532991888,47.397014011407244,49.91897130589886,44.78996014816161,38.99475532990683,44.97776377081243,49.95488264654644,49.954882646529484,45.6893691348941,49.95488264653069,43.80550685542204,49.95488264654472,49.88436387400395,49.954882646529754,46.57053690727777,46.70793006460548,44.95608388573124,45.859542957905234,42.73675930692803,49.95488264654543,44.385565711921394,46.67524552007545,49.95435535264624,44.722659223955425,45.27983409449907,49.954880412536994,35.17950677739523,38.772439930314505,42.62860942727546,49.954882646546054,37.657863573450776,49.95488207579655,49.9212338610168,49.954882646546025,49.95488264596289,44.6829722622766,49.95488209660005,36.21903649673583,49.954882645872026,49.94036049686443,39.370359580065255,44.12914717776298,49.95488264654634,38.617996260027624,17.46924227739575,37.81057860206488,-71.36763720370587,15.717834287194332,24.48009001323892
32.44527226032335,44.899678241633005,46.98446870441716,49.95488264589505,49.95488264652573,49.954882646538145,49.954811547714215,42.90907188639308,49.9548826465407,47.413356348330495,40.29498277554841,45.618783658110615,40.18639705781837,49.9548826465457,45.97767739836845,45.977677647520444,32.445194859880736,39.859311057577536,49.94987733970968,49.95463207919223,49.95488238049869,49.954882646544746,45.88393886209664,49.95488264653683,49.94607804383241,46.45488385909468,43.975445423839126,42.005972778392064,44.54061907875273,44.127901765196135,46.61770155688246,49.954882646531075,46.90973509615297,45.86538114154135,43.87015578969787,45.960353528804816,41.615828662834446,45.379229568905565,45.54584733415721,49.95171256912728,46.326932862639744,46.151802014849565,49.95488264654516,47.413356355486606,46.392357908965174,45.31948330023951,49.95488264653,47.108669939479725,45.32331422757785,46.40189726710952,42.48928724104955,37.64657900527964,34.03747175982339,-58.87790240325495,41.79623491561847,42.59697210430083,41.63484885040956
49.95488264654669,43.123101865641914,49.95448816748879,46.66413397331428,41.4579859522352,49.95488264603576,49.95488264653584,45.89301079959426,49.954882646545414,49.95488264652307,49.95488044755093,49.954882367002384,45.36515913228874,43.60858041619689,44.86758595890369,46.10752871325683,49.954882646543794,44.84704802825679,45.175882120171536,45.74524175183563,49.954882646531104,49.95488264654559,46.663468966400885,49.954882646544064,44.8736690428602,43.527139374185474,43.606135752080355,49.954882646544434,49.95488264652951,49.95488264651097,49.92709469552551,49.954882646545926,49.95488264654359,49.95375045301945,49.95488252289322,43.22858465863762,49.95488242683294,43.559027535131015,44.61041895523234,43.54486091361617,49.954882646544746,45.312691581891556,46.20023167226201,49.95488264405048,49.95488198410318,44.877515047703824,44.3763624771944,46.337279630252056,49.95488264654679,49.95488213555199,16.219058436316047,25.93559378543383,43.1041351125837,28.174419602222635,22.04043222086693
49.954882646545386,49.95488264653566,49.954882646536944,49.80923027028152,49.95488264653037,43.20780327136949,44.57605029653619,42.27329178688461,40.46319540004679,36.72631942321222,49.95366851280252,49.95488264654551,49.95474164113906,46.63951581721851,49.954882646545684,35.627989967170784,49.95488264654458,49.95488264622677,49.948333304577474,49.9548826465452,43.86271081073391,49.95488264653598,46.67291053395452,36.31055847124963,43.14420950940455,42.887092132758376,49.95488264651173,49.95488264653767,49.95356158986361,49.95488264652266,49.95488264654412,43.68561308529383,41.31604436092082,42.80305231196522,49.95488264654621,49.954882621697266,49.9548826465382,49.95487658943794,49.877382118897714,49.954882646464995,42.98462075093688,45.34266802721793,41.982298470687695,45.0197644911346,43.85629730976278,49.95478200740667,43.427685422585455,42.260294024507836,44.3806245444579,45.3004989698118,41.246849049312665,11.70587817742418,37.49657296398989,38.78813074771218,16.031551155306172,42.07731897397638,33.88875490699867
49.954882646546224,49.9548826465456,31.09214108347619,49.95488264654499,49.95488264651457,49.954882646546054,49.95488264654608,49.954882646545016,49.95488264653794,49.95488264025173,49.9548826465453,43.11129420949165,30.23255889580861,49.95488264498334,38.65341757984978,49.95488264654436,49.9548826465459,49.954882646545926,28.750306403568526,49.95488264654574,49.954882646537705,49.95488264654516,39.828015001313695,49.95488264653154,49.95488264654591,41.53761760541728,41.294107584947646,41.9670206580184,49.954882646537314,38.15130971314138,38.35149848084837,37.21131540798926,41.161968934268565,38.65341757981977,49.95488264654469,49.954882646546295,49.95488264498229,43.111258333863326,49.94271504564049,49.94891597004128,49.954882526843136,49.95388101925204,49.95488252592146,38.06951797593806,49.95488263930576,49.954882646538195,37.75152730958244,49.95488264654584,49.95488264654543,39.5706137971095,-50.66762831723551,-0.09982919451838801,33.8115218987724,31.635741125877413,35.04952347591153,26.135627855635235
49.95488264654597,49.954882646542465,49.954877181810694,49.954882646545315,49.95488136551149,49.954882197419344,42.16196454536037,49.954877248138,49.954882646545585,40.53200469014275,39.21083908616473,43.38088209604081,49.95488260497414,49.95488264654526,45.61879174255266,49.95488264654591,49.95488264653595,49.95488264652244,49.95488264654624,49.9548826465453,42.54001956015708,40.532006081403765,43.717347827278346,49.9548826465369,49.95488264654634,49.95488264651918,49.954858050189145,38.99238081845987,49.95488224295617,49.95488264654648,49.954882646523615,49.954882646545926,49.95488264654642,39.210839086167354,49.95488264654465,43.38088192834027,49.95488264654665,45.462033411863835,49.954881889944886,42.54002039649587,38.9923807342427,49.95488264654574,45.618791742553114,45.147661386364426,49.95488264654573,45.46200542037443,49.954882646545485,49.95488264652966,42.16196418980996,44.1209851074056,41.15015274897506,17.896498495575663,37.58148436723111,21.401418330233028,31.542635868576323
40.91507621177328,49.954882644245565,49.954882227688195,41.265267408951146,44.10203760750637,49.95478633442948,49.95362212405555,49.95488264654519,49.95371800681312,49.95488264649706,44.10203444406862,49.954882646545,49.95488264653821,49.95488264653673,49.95165125653788,49.95488264654635,49.951650804318916,49.954880288771804,49.95488264653822,49.95488264553453,44.42562044312018,41.171682291954966,40.9852399086294,39.72277145378593,41.11713669077809,40.89080641406374,44.85458612178906,42.542171430172864,49.953408156102086,44.08459979544106,42.42375088686026,49.93998677326754,49.95452569315275,49.954882646544704,44.856774136136714,49.95488231302479,49.954882646483966,49.95451974650931,49.954882646538046,49.9548826465453,39.23245902545425,33.143658707062485,49.95194922317391,41.00358034175995,38.902400653730595,43.22160365433838,49.943314647203486,45.0378425524146,43.94761701179645,42.25122392757892,38.61488687833175,34.130475006041685,13.932415106670295,-13.367362986305324,21.422902398927828,14.63314486246851
38.543192533457535,49.954882646536454,39.93549106906982,49.95488264654518,36.89930368415058,41.16595749484968,49.94327371670976,46.4867604113587,43.94006666299747,49.954543722176744,39.647687778805555,49.95488264473783,41.734929336549,41.165957494848314,40.56143108928645,49.9548826465454,49.95488264654506,46.50946618044247,49.95486126920348,45.7992717386289,49.9548826465452,38.131581814588365,49.95488256881163,49.95439166656604,43.65198862940409,46.486761662561065,49.95488264654577,43.61646285435006,49.95488264654553,49.954882469704614,49.95488264653842,43.26856482332189,39.64768777946448,49.954882646546466,35.139857271685656,49.95488264653216,38.441182622875395,43.26857137483604,49.95488264654655,38.44118259671839,49.95480972597289,49.95488264646872,49.95488230673832,49.954882646545926,35.139857271686566,44.80437207611903,49.954343220059904,46.5095795664479,49.95488264652916,49.95488232150266,35.07563217275095,36.20064646400662,38.66114511866265,22.583034671310124,45.36599948162102
49.95488264654537,49.95065336675286,49.95334528047945,49.95488264590519,49.95488264653759,49.954824489784905,47.45960091661559,47.461300589339814,49.94609851246077,49.95487256006244,49.95488263619636,46.88719190553851,45.051386211744536,49.9548826465459,49.95487172159709,49.95488264532889,49.954882548748394,49.95485430413553,46.27808199292741,49.95422181134355,49.9548543097334,49.954882646545954,42.04338957797802,49.954860596624975,49.95488264654533,45.765271299267546,49.769253538451984,49.954882645299584,49.95488264653918,42.043389578144,49.9541401683976,49.95488264654486,49.954882646544945,49.95482869098103,49.9498846258921,49.95487888323318,45.141172369387576,47.615820999266504,46.31969500562306,45.76634327105547,45.1411723046261,47.47416154213059,47.313043792989994,49.954882646530656,49.89657698807609,49.917440000766206,45.921443827304444,45.79104192016746,41.85233258547652,49.9548822568396,44.25676355564973,44.9068872235887,-22.915974842138343,25.319414376712867,30.76960501128417
49.95488264654546,49.954881792506626,49.95488264653841,49.95488264653872,49.95488264652042,49.95488264651461,37.78204083584037,43.0397662040814,49.9548826465272,49.95488264654537,38.696876307927894,39.137162190043924,42.534082369595424,49.95488264654547,49.95488264654567,39.88946397705659,41.57597022311338,43.31909760927554,43.31908934018435,42.12064587283734,49.954882646545414,49.95488264653807,40.134777928621254,42.800752779917445,41.822652203046076,44.76360109881897,44.78983077480813,42.75414108152775,49.95488264653762,41.89063854284774,44.41323968535376,41.15275382672975,49.954689747956486,49.95488264654546,36.29956805084997,42.22628648921638,45.2748860684032,49.95488231355391,42.13457860452595,44.14304478103534,36.2995680733721,49.954882642373995,42.67413991739771,41.497533231769175,40.58345416456535,41.78100722254874,47.16290372815187,45.49988053919955,49.95488264653854,41.9265417648292,40.18144784803673,22.096902483618848,35.454136486926586,35.11726409677425,41.122956339625695
49.95403279382279,49.95487398572376,49.954882361383376,47.59005663109259,49.954882646546494,47.556378216900775,46.90429146194717,49.954882646544476,49.94710866944185,49.945569060246775,43.620025859405715,45.17145478726628,45.12927144978387,49.95488264654634,49.9548097624661,49.954846164795185,49.95466771727783,49.95386069461411,49.95308146308714,49.9137659654653,49.9140166776017,46.90303911917285,47.77778328904618,49.9548822948311,49.95488264654526,49.954882646080975,49.94226742090687,49.95488264654644,49.954882646544704,49.95488146985528,49.954882646546,44.25299144627266,49.9548762096428,39.93935627897254,49.95488264651761,42.83306881923378,49.954882361533514,49.954882646546,49.95213138467012,49.9548826179425,49.95488261977596,49.95477689819594,45.85881897811924,49.95488263880075,49.95483914158843,45.86067465455575,49.95444462485006,49.95488264654564,44.23520637807694,49.953815959579096,14.445702284070471,41.41236412316846,35.91878463910585,-11.049722837419932,40.764922577405834
49.954882646545826,49.954882646545855,49.9548826465455,49.954882646538124,49.95488264654587,31.463663769161297,49.95488264654506,49.95488264654516,49.95488264654628,49.95488264653789,49.954882646546025,31.46366376916198,49.95488264653056,49.9548826465454,49.954882646538124,49.95488264654564,49.95488264654591,49.95482766267373,40.933131809990215,49.95488264654547,41.029831767785815,41.594203265764136,49.954882646544945,49.95488264654611,39.33459266017488,45.957282563557975,36.83596010568882,49.95488203697506,49.954882646545435,49.95488264647465,49.954882646544775,49.954882646538614,49.95488264647062,49.95488264654523,49.954882646546764,49.95488264654543,49.95488254286002,34.826429349353276,49.95488264654537,49.95488264654435,36.33052833855734,49.95487068433252,49.95488264653324,45.95728238033201,49.95488262519588,39.33459224374567,49.95488264654547,49.95487068433245,37.476559776963796,49.95488252152026,23.372899156888955,22.600622890473414,-61.18263974383976,36.195181165855516,16.191247610146796,20.316433520077325,15.537784827043907
49.9548826465388,45.66657948698726,42.56887622628176,49.95488264653237,49.95488264653761,43.361349891794795,49.9548826465459,49.95488264654588,49.9548826465453,42.568879200299456,43.53336738501808,49.95116164877723,49.954882646523906,49.954882646544874,49.95488264654543,36.624991499717055,49.95487862094194,37.751562666199156,49.95488264654661,49.954882646544704,43.53336738501672,49.954882646537804,39.498181316496755,49.95488264654567,49.953463902233935,49.95488264481699,45.24067010763433,39.4981813164963,49.95488264654549,49.954882646545926,49.954882646545144,35.4603191261574,49.95488264653775,43.58569157900143,43.34810902801529,49.95488264653759,45.66657949252856,49.95488260464041,49.921667882312,49.95488250185937,43.58569254959439,49.954882501166004,49.95476736090378,43.692890352342275,49.95488264654537,49.954882632208104,45.23944988990831,49.95482455585554,37.750965865624146,43.692862539601855,24.00149388190835,35.301858222128864,15.860587573955081,27.67639650588123,23.473413694712217
49.954368329438665,49.95488264653126,49.9548826465457,42.64637437405025,49.9548826464589,49.95488264654608,37.001529896739356,49.954882646542245,42.641719286738386,49.95488264654614,37.21198940957937,35.045990947644,49.954882646546054,43.893083953430256,49.95488264653829,49.954882646538145,49.95488263646426,42.64512175690262,32.71571864627863,34.133915094420175,47.751283158971084,47.750977974950644,49.954863482225306,37.21198938122551,41.613870631849174,37.001529896739584,49.954871750049854,49.954882646537904,46.499791500608495,46.05191941895308,44.22773259103012,46.49980518476808,49.954882646539765,46.052569810601746,49.95488264654499,49.954882646545855,49.95488264532567,49.954882646396044,49.954882646544476,49.95488264654564,49.95488264653871,49.95488264654587,41.746023889220844,49.95488264055182,49.95488264651544,49.95488264654499,49.95488264654591,42.882592475691965,42.64171540452803,49.95342373291612,26.843452115462544,10.438012069343905,21.041885130830767,35.635533018298446,24.880473805724417
