298.7907822070331,235.07891324894942,304.9845679042621,275.69091067852094,278.6672660770667,252.99297593757862,250.52832765402158,178.09551875290015,286.9665423602594,328.3258463612394,236.0565960675826,310.9666964792807,301.94971838821516,138.85475575590453,246.2527339403899,206.91041604657252,316.89700503977224,242.32044892163717,297.39569490255167,269.5507636006871,266.7455625640134,316.2130945300189,272.2793742408278,304.4554520694576,301.14800154776754,215.20323047580683,221.13882980373123,-271.6244191758375,-261.39060063681836,254.48130611647795
397.1941484789271,420.0470141500982,404.75004823089614,351.08159525756435,397.55947511804237,432.8369425451083,377.3429295316595,425.5278075333181,412.18411200625536,411.9866043309876,433.1806545240679,439.4923157988078,401.40838732439033,421.8070516064321,410.2495262708498,409.62220295393433,427.21241370381813,406.2115344081534,412.7708454669764,410.2141066591966,415.65387118793404,388.0459184630448,379.07068119500707,388.71331345259296,321.6874606336014
440.72316266977884,446.8730320491044,391.46891062287114,389.4231206827342,205.31100164620625,205.86058131747745,237.34508310971546,450.7469689404128,211.16991460217218,223.58163566103508,373.24852494191373,223.2320350606617,180.59046178553513,444.5694463795402,215.3019288731714,361.17577344141546,430.26901199935253,377.50748342717264,359.44753983914643,221.90373363096774,233.99679762471828,228.92302579623106,202.1911750801312,190.93442866335795,170.91320530697817,418.3498302768743,113.2660892352117,177.75077780898687,-283.9570752388815,337.95509475854067,132.21658707434952,376.9676419044795,181.8923248722142,353.0397482787263,162.77531664190363,336.10464949332965,160.9129618513264,317.6711819688594,126.94434426208434,381.5688754342723,386.73805967616,156.61052623630283,114.18159229236815,322.64821821233136,345.6668668177613,170.79044569355142,160.21229663869352,343.2872360878705,337.5821711406338,380.8736350526045,402.97453737023477,44.0275849091934,343.9919908367833,175.19276492887116,419.08004083815047,351.51124167078024,186.03665422986637
338.2123948145428,346.56965484349814,315.14166037791716,263.97744600855026,297.5552296556382,289.72795518526533,308.4996646756727,251.8313784915992,302.49281829208144,301.5726753651145,332.48848399551673,347.5698110691784,304.128249428749,311.85119841586595,349.8806681792022,295.129514523662,347.84180578605185,276.3424795380163,309.7241546144544,314.7641423303113,266.3765077820618,277.7899968453314,305.24500369585905,287.0106891667567,142.4718943095187,261.02600850164185,331.82921650833043,169.40612823562353,319.3350577958091,112.2596307176765,199.5132344092027,251.67652459285193,228.9273709580195,200.66825780518795,91.12268549773857,301.1875492679511,197.75582721368585,322.7395503532872,161.33263238844404,289.29891839591176,204.43594214312645,-136.4192813896332,237.81635345019737,269.25400377212384,336.172317351081,195.25461863181874,275.13553584355134,192.26644072777987,91.23087002378837,299.29256356148574,271.4319387694742,241.5678745386495,276.1429128084393,267.3690267853017,132.7586611626461,58.64324351944036,127.24355549129199
320.3334818628024,328.0339796512227,270.8541994514304,348.09509380563725,288.52845497485,329.86892170425165,337.2369405865244,326.2317139844414,343.353521787899,332.33773740857544,313.1373521958627,402.1883423018274,298.19243645065865,285.428978093452,334.9939811141186,408.67434619876195,328.0641154621695,349.80416126992634,321.5169264625903,343.52034050472423,343.82941475500695,303.4995404237594,303.51939316188475,281.2354972924801,255.17724518618672,319.581505567253,313.0145337053251,313.5859456490358,318.70541241592866,104.24446128470994,345.53847341578796,76.91964961876793,249.6677432490502,-544.5657612324767,340.9335596100965,319.96755193024285,260.93531935161,-25.918267358606236,295.53970737801103,295.42182115336175,260.64068960678844,-504.2966381867635,308.81908372508735,-140.1381991434072,325.28931908622656,262.4101814873696,339.9030618448261,327.0706822410681,340.0563739481614,299.8602340435642,345.82574900849716
339.9099195786874,345.328719372751,375.2548297094899,362.5900966740291,344.3815056060766,359.8668989523348,427.941280205816,351.8059883774394,347.7828174433661,352.4424669533682,322.03777031319527,339.9293785310981,326.18992501989754,331.8823716232209,366.48595677826137,371.83497591806275,369.94926240685066,380.5578913102499,368.76826915710166,325.5348265615166,364.30689490310664,148.2319458270712,286.5063319254686,327.9401401758868,347.7872154985152,365.27621572549737,286.32236104582165,207.81913130106014,355.0399884558273,319.4658557640277,358.3734807126447,265.0827333406259
366.1651612541171,404.64992060662223,354.70744876508235,405.4103963612582,390.2422562814722,404.6270648852227,386.9244047967772,284.57273642531106,395.3001307790113,355.7987416924223,380.36461755640664,335.5731226453425,380.4134797535229,369.8167540603243,329.2698614076215,392.03805757370753,326.23934233775054,334.7443786906077,324.4544858401785,333.4792381721707,305.3914584573793,361.9700359450511,382.63054690862225,324.1512000016808,358.5044549344751,396.3231054646898,370.6171501224602,341.47495591731405,305.48838632434473,404.8705781100583,372.0914772564578,292.0702235637871,332.46737052613736,380.3977667730654,333.7272427446513,349.2616468546479,381.678579468717,400.1926872253247,363.53676759637926,330.9345223098424,391.272695144144,354.2448829837884,384.9985060274488,332.14442910377676,358.24745812633756,376.1231696267208,329.374464603701,336.53377490439,366.8031360902827,331.2136704120492,383.9568618023044,384.2910856099337
262.46671348430993,361.76543261803283,355.30033017606013,378.9094608595898,366.528678200497,317.09408019514933,377.62991578779304,314.2185276330043,360.75951256391056,335.1759607050318,364.56931770187435,323.09143038742206,335.52749282330257,255.584057688057,378.06916442373597,295.9110305813143,332.6457152860627,351.428490885975,317.26934774471613,306.915140778509,326.23626408428254,261.4960459377277,312.8945622218306,314.11011840456433,276.2787258011946,290.33258531669946,336.4598257431045,324.6012987846649,303.15693743870236,303.7912765657444,336.8632446305902,-2119.4176425307573,282.20280388583944,334.00366503346487,190.39612275046483,266.51652139872624,253.84777053547683,342.22363697890194,256.4292728939969,375.82494865121964,263.69004901559913,310.1473397649121,289.23806769375244,287.3998722040511,280.9649098015458,282.3972778017329,378.03209021723717,314.9814536618827,189.2682015339912,281.0649490762613,359.7621474459139,331.57101204883486,333.5148223935231,284.0847510781149,-584.4255352224222,229.40476149073464,239.637477043753,338.10533960208534,309.9026387643195,327.5741272947805,317.18603367831986,335.24069160342293,274.63611986720446
252.9601784275181,212.5010681982331,273.63351164679403,286.26848676588975,264.8749568083831,290.6675276176516,251.08553326656434,291.0747612123994,290.1666298601774,262.0636469380384,274.46730495544176,295.58995405679866,286.1539234597454,280.8733288277833,241.12316930148424,282.74329031231514,264.69712253755057,204.42243644708194,227.36527873609063,297.1739919123152,217.37707043619213,212.22236828544175,213.55229662622045,247.05930889049117,252.08069269846584,273.8403119791888,181.12590107770285,257.63119603850623,201.62343049932247,279.31934346757185,234.27267043647015,165.1963497238574,281.0270707984889,232.32375605099134,194.0724966565784,243.19789294454088,291.5076269881661,262.5815344152921,175.15976697812206,285.6390809208984,194.40867286491977,288.88268216175635,254.08510379184148,277.49546639901524,184.90913997915555,234.6239055865074,99.29588702943859,255.1025912786404
355.6952950758188,363.9417414356996,340.94188387711455,333.06718193997057,345.6349372206807,341.51420505552795,340.5661560871724,269.9385665658103,350.5445775608661,350.11051369611795,350.9057827317576,391.1533200463152,373.4482304152759,303.2003325642192,366.43489751686747,313.4027480556953,326.007457824887,377.9112110792618,293.07521970323904,312.1954967045578,313.3629898769988,356.8201093496743,367.6418691711721,152.1354060603964,309.52650617306534,308.37132518102334,349.95775234143247,93.6091261402315,367.86797364786497,381.58674381498594,250.19747502291756,276.10030710503514,304.8047867387201,321.4562276807398,320.08310004725234,366.26109611274904,318.3820509524423,358.8428944978793,377.7653043499001,361.77159953059044,319.93567049750453,351.62650366722545
439.813171514341,442.89644538394543,441.69837018176815,384.9590999472909,451.8183168181296,419.65838540455087,423.8402639103898,429.42197744164343,424.13651942939225,412.4791169086549,407.91421198485995,274.35201789123255,392.7165346602612,437.0949577427838,394.00366563708457,306.71329456415276,341.5151804076189,334.9630169987098,420.04468986811634,391.1138699926688,322.55582979044664,342.97117698401206,377.65647137673125,341.1314332559029,405.8493335149125,316.5185881848769,403.50468807247137,430.7635465158111,391.3987911898604,416.8320293580492,393.976565504434,398.6294560911826,362.21386432949123,265.5088145276926,321.6982930334956,317.48851602123193,234.07931400327232,408.1892003031845,419.1325103248547,409.61006426778266,387.74083937661425,378.224506374541,379.788656878549,362.40098412333657,361.17521832615796,389.94162708771375,391.33846561381296,381.5929755095441,307.38907168971593,-57.236044018016955,328.7039999836758,324.59903622023865,405.0693688934022,306.6794222378282,430.38131596915093,158.54322760534285,369.35581562033815,394.64894843160226,385.37175081313956
309.87589484387934,360.1783811921266,319.2866736549139,280.0446373564358,291.74210822157545,336.21771878513607,340.10020731900556,324.853350316242,360.1393306500247,317.15937186541385,346.10096737855906,314.66648905954423,296.7042760010903,292.372711938517,331.1634040678422,320.7078853576189,301.5481267542299,310.7108922152132,372.5366240248038,344.1601835108447,305.3608553740654,267.2008516106505,293.63927083371016,245.6057530108451,298.6702503673754,297.04345979130665,252.9428006511829,296.91350062302297,288.8716376215765,305.72721621938615,290.03102698071086,301.166313941583,300.7750893024056,301.7762406700516,154.26586395565607,292.5384015010784,326.1660265806129,307.8571127697212,254.03649055762773,292.1526854304682,303.7231834247963,157.39383979994685,238.11028544522776,328.3828937955693,92.32430078316098,257.9559479360903,261.27795685393335,296.72258261669265,200.5388770389785,314.1653258050013,323.9788716663604,264.66589186107956,174.27444380668567,296.4516384350958,209.96859960271806,349.4336984514082,282.96082503553987,268.6384662889053,320.57557922904596,279.0331805704843,297.77096768541594,292.0656721850347,229.29732814085557,371.6795800169127,306.1833243190629,294.964187570857,305.8326849491857,321.9798892443939,277.4697631036273,314.46935725369235,328.14798734201736,288.1344956724082,263.85794774984504
377.2684090335641,358.968905303699,363.61175513212845,338.8560672377535,340.34234267825,360.40348918447484,346.9645087092975,363.15680101340513,348.59950427504725,379.5931844967698,317.21394597731603,372.96091690256077,348.66968659875045,364.1507826337293,330.9643731481591,309.27688038831917,344.4715241718696,374.18921835775006,357.9626913312441,371.0200901746819,337.8858680460215,350.47674919933786,335.44747052804775,323.8336733533543,346.7111482013389,341.5111673012715,360.6664361814609,361.7997141097429,327.21392328281115,266.3373691667116,363.9949093775322,340.9655617864118,369.700838311065,356.23301933961545,335.08002217814254,362.2322501552088,372.07477759238,344.18118191005277,376.96751118632426,375.83537979831175,351.28741536880887,355.91830974916775,270.4076252088115,311.6372035806993,365.67726878845565,370.58250002526694,364.9430397939511,355.84942577808397,371.4153967402225,341.16301165691124,315.7645131500748,310.12851515861547,333.88160831825377,331.5694937306343,357.99396847307696,0.5575571918528219,342.31411141847,356.4626943726897,359.33548789332315,176.54857396543596,325.67392517395535,365.72043370687516,361.9575457600357
308.6880058463074,290.488568190309,322.53742467255347,332.25403985919695,345.37335242041286,323.0604468711301,304.58586216749325,319.66254031602716,337.45609924589075,280.8936220155705,330.6391782786361,326.87925271878487,337.2152563479548,336.2608731556546,327.2736789339672,322.3042727292834,320.65359449835364,315.70676626989814,330.6050508260174,315.7069367679562,288.8222972604183,327.2760895551821,238.5243629825421,297.6761947789839,251.9219652141242,-538.0407358245155,292.51108875531486,295.58759137993025,300.2064439846347,300.3757854271446,285.60884367858836,326.430235805665,268.58229821512055,300.88540652880897,270.10232758657935,325.7244700621725,215.6272662722024,289.37868304698543,314.0520660588429,331.2599493242071,304.4146490613406,217.5174032353767,259.7418003448628,269.8021717858121,233.36484830837512,292.1942673042106,288.9102284369445
355.67279648923164,357.4763808780818,354.34824447618064,347.08908853189985,242.9522325379194,382.1875536795606,355.4043285181591,371.422734816556,374.9880063953943,348.28648718660895,346.90683257791267,359.56155572715704,363.8567242333202,377.5279707017175,350.51563189462956,304.601038271799,377.52797070179025,384.5367163951642,273.01843839226547,325.1565351028015,277.4276480781237,332.3161004206826,317.97001841728076,331.3035141107006,277.9256911880997,297.76821309574467,253.89215697370435,319.4859319387952,194.79927898069312,271.52028809734236,350.37208899550484,342.5510825495631,351.75838185690134,332.8352689883441,327.9787054594975,320.45053834454063,293.24966463126964,272.19703045389366,278.5033060221659,310.65217966537335,325.36971527421434,342.0992674470809,347.61886550374527,247.34413619031454,164.074734082203,296.3916779005568,352.2888075415152,295.09870027607155,325.72106932614895,334.6767094589935,337.67928734104987,325.54945044848625,353.275951770241,358.1024681491157,274.2185001144581,341.01056317604287,249.90798698904598,286.7886198471291,336.03974248732,336.09675566854037,258.1913437981976,328.6835396117577,341.2383000357853,265.0642703524694,257.22496716073243,282.7139464388575,334.3447510380475,307.82926109311427,337.99617428445106,305.5284450779485,324.7671278458775,355.1226541875561,335.16362840123963,186.93856463837926,283.9454037021397,242.69672727439809,251.54729566360496,208.90113900340418
401.0327296714458,367.0499951448737,387.1418840704,364.3928410920498,358.5676819567461,345.07097301030535,373.1396286235695,270.2274432265039,398.7199608811133,372.19475285321914,389.7296773027201,281.3394757045253,363.9011236508022,392.4034760988797,311.7580664917414,397.0608083774204,384.3743696935571,360.75847531989706,409.2443071006315,372.1226017673989,385.45428141576843,383.78282646818934,347.2072494386457,336.35432179644795,368.431645008729,319.9272135586152,358.8263515707813,362.65632254543107,292.93043542194204,370.3956574984413,362.46683950073924,384.9758004954356,377.020978915556,93.96781528587688,375.0395129509488,369.484978392742,365.52578270716276,370.48750796456534,360.52568641246853,380.96875160092986,317.5678961732992,350.59969392531,309.2426476767223,371.9225152419467,399.28143316601194,379.07383119313545,369.93862777030245,346.36435960731706,202.05782950406228,372.0213304440631,386.0639495067807,383.3695115395603,362.5048406437645,354.1800118729161,370.6858308346209,347.76976131134234,370.26374447945994,384.1871606389395,384.95008094763756,389.48757937645854,366.52666276443773,355.2164707033671,368.4554237910997,327.03621263224335,-612.6318810565346,376.7216419924443,297.5956471218596,377.90227806644634,349.86419562566243,320.2338599543955,393.35093284911267
449.2129931512121,455.51350048170883,487.1718029000728,448.0585029826856,452.9635895572668,436.59190291857107,473.46410690213355,484.56081727809345,457.8456624159725,447.0898825785947,449.6899599898128,468.12800993672766,485.5997964864791,465.5207862499373,461.1991087995838,446.5857341134792,464.56164546631186,468.36790085854085,452.73623446221825,464.5794813342184,442.7780099187099,445.127129897999,451.3873588309713,415.2676188212296,437.89685620224424,452.50312387732265,440.1191628480925,433.26322794069875,433.60317599224703,458.91006000247637,455.3243488334903,453.6709180580571,446.6394301675003,416.34808894541294,376.7441780697012,438.7172284791,477.94516850212415,389.0712920039442,451.52579965120805,441.17236803615685,431.2254154364777,476.3081828588497,407.4993216195982,422.99004963105534,295.32541480786944,455.88797417408773,405.6238129147803,450.4711494517474,438.0060482932921,367.8949817474153,434.90622678242585,417.2934623896051,455.65390608836435,469.2463467968253,476.775832133878,446.25327219034926,442.99941416672976,424.5296890664491
286.35436043846624,370.40012497191987,330.8992497027383,350.5176816072751,363.87642543655005,333.29392920273443,346.3165029733404,337.13921068297054,279.05656216279516,324.85765879295184,358.6333967489944,328.68704425953615,359.34580743064726,333.96163907410926,363.51894048186193,345.2973342780649,331.0464150037558,340.66323676091764,333.9699078848105,358.0542431302578,353.4480737543831,316.5122514213472,327.6778147081165,343.8978021555239,291.56253567524357,55.603828757417126,329.01823688783304,339.2120411877963,328.2285013352063,319.34250816235897,322.90758198748284,254.2303357827164,263.1090500593041,337.0466196002066,318.0751630971778,335.7550087145259,343.4062980409994,274.8273323852231,311.33697919756145,304.936186972485,310.7073685101851,244.16818420588828,284.7560166426672,258.92827501043644,317.9508514789027,324.27287207136635
332.2954903377187,317.55123553448465,356.38364409293365,322.18579471483935,361.2955442040289,347.1923776059495,360.3486153121517,316.7613800943811,354.1385339551136,331.1506276513351,275.9725761833699,328.76850008561826,290.48824790407633,299.64624996083256,361.3806591422868,355.79935316495647,359.08618383808437,339.64545272741196,349.14137128876934,339.3413671606042,321.0545755016024,210.863596472922,164.193229575521,359.57238906784295,264.68141020225045,250.70419051594328,345.7947692357422,362.6881664335098,251.7221765881561,305.0434619058007,287.8388416011741,255.85504074602906,303.022545187968,329.2264402223165,268.8985806686356,267.09969867028957,270.45780822495834
398.2305763652024,404.59304074248064,414.5680322663742,416.36431897649015,380.72960973447186,404.9164444582624,395.42377077301205,421.2235421623454,427.2596087791957,420.99768852757404,403.48466197024464,425.8499841143611,422.2607230223133,394.09639797058554,402.16185031431667,380.86677768939114,402.9104399681877,419.49096055396365,401.9598611473542,381.57491019058796,263.6669855893182,401.68858510419375,375.71790028682733,391.2907185671269,373.9532757933979,366.8992491804005,354.9517933293449
369.4115333783116,425.5172360670343,420.5153850166474,404.01628234666106,413.0392324199529,446.71326582973,382.13524626591857,429.9882972491718,387.4061992496528,332.16433781253846,424.086459729407,426.5285892843489,436.1555147343128,427.4140498496793,350.2928616401037,443.67971339217496,389.36812183413105,446.2627444850909,429.0079646159533,375.52774862214534,407.4244387385948,299.9881879529708,321.5021148569936,373.10522944343353,430.0425793143877,413.49788483937004,321.62087058449066,388.35958276455983,328.171425170483,390.7053290848501,347.9149739565178,415.30869712324903,420.60413746869864,399.20512029930273,318.92776248807746,315.7434153668724,425.58688389766877,319.7550022244246,400.29928268509536,380.9833532795224,405.88468117003566,392.8777726906349,402.1443708049277,406.9339462662986,385.9199181822126,399.09121956098596,249.25830237580485,424.0245826614368,350.69289004527064,358.57940232535435,418.14612719789994,385.79861118078975,392.4946083857154,334.01563531109383,317.3505317210851,375.97302777744454
238.53853094271602,248.5145285102439,213.43067642550437,255.6112218890061,242.46451660023297,214.36947784586658,248.98070277470964,190.93643368840372,265.9310960376255,235.50797883311083,249.36007199573936,202.75855886315645,202.24537869689942,238.66947671392649,117.10016639420016,259.5302278071103,224.71280120474245,251.06874526115956,208.0316033234804,229.13731514200612,140.08019118197907,223.21697644740348,246.50130329255757,181.7104307128169,242.41785120122455,-109.33948083899526,201.72999240956364,175.63592582906443,220.21092529309266,231.03491273518324,168.61414763198178,234.12307348102976,213.3787803927677,141.05983718884866,68.61203946136548,224.66212357085476,224.33131171803637,235.63637235668614,191.07258194247152,211.2838553594715,214.64465216168088,211.89489898951393,237.49746838510094,232.23680077761077,133.61782925236105,186.44968380191443,178.4653946928966,257.71604460823016,135.68903033868318,200.43546195854782,226.58100775051884,229.81266193650976,165.24595292211734,165.6061341078413,236.94334344563046,247.8706001069508,115.13785377887768
292.5344543657654,312.82424549195656,302.3896042907351,289.5616494469529,335.32167443679333,335.3949915563758,299.48978286583275,313.0187137452778,327.5696549921818,299.8905486334649,318.5516759746353,291.56986946202113,331.5791745141219,315.9532764007277,294.14593769513766,290.00285010194665,325.56925342902485,308.094293355464,281.94082557182145,324.7865355782456,245.7101185853814,232.48093529318115,251.37852089492907,303.12893246889024,252.85376445042374,251.77888488942384,269.70673933047027,280.10205255177306,276.72227604246535,256.1167566711326,259.74319893631923,277.4215662759804,256.5236128782313,316.04100612264546,314.9410172127651,296.8309270643028,227.0644844968109,254.56036515494878,223.59338999641724,281.62770666602836,301.601030441571,250.523775055288,233.44309157386687,261.7393139377006,274.8674380455329,268.35730601939224,72.36857792119437,250.84854388199045,290.1496937837697,297.18231069429993,321.8116600222385,313.8628524787079,286.51248126639865,285.81586076655975,244.91826626848754,296.5517256932605,281.7440091705491,241.8102352317839,201.23716088955965,268.04483873028465,303.0600318126441,261.14955844816967,272.71758035696865,174.52241702259616,304.7765289973092,282.4909766796033
365.10567078957064,369.5741264835623,329.8898815941804,380.55266495940566,376.5951380176568,344.9253713441878,322.6296989813445,316.0383006245913,343.76651184837937,359.602664873267,366.00929765992004,403.43049960216274,325.40840145406673,392.48937386429577,336.651372403727,370.2403747845539,372.97501963056965,379.51546180993427,363.8083775976858,380.67464235334154,335.27574106396895,302.86076253118625,304.14084461901587,356.2832248628849,353.2813638505624,328.3208852297159,368.5924987589253,364.7826247891873,300.0613204996244,351.08065262477606,300.0290319034905,370.17831871879133,246.38363960755945,291.62476377278034,365.7709560439627,358.96504988878695,366.4984996992145,307.120857238412,172.28394895237855,363.6286687489639,306.1046243462926,327.94114275075225,257.8278328167809,328.5962426452617,309.69167928209316
371.4801086755813,294.21734754432686,311.9334828806531,299.17419337987224,365.162737895296,350.8903390346002,352.00757517615943,366.4293013940603,286.0215184579865,250.08116800738566,361.79307872629374,306.83108639040125,376.0618383274175,371.2690575018112,351.6674014995858,250.32547087178236,351.96971927055506,326.914271925576,316.3839907968993,340.3062467207035,289.87823785906943,254.533446004018,278.79223305935005,-21.61513444462984,265.26666159408336,287.5897797911893,290.0214615467193,342.17445946852763,322.27724728651606,351.33999689274583,371.8221989470528,293.22013777627376,300.50435126571915,343.91781533849803,194.0151936241709,-166.02204485458503,194.82163831653816,285.8083060781973,241.62675504058066,339.6559723109583,325.28507955909095,261.18567983408536,338.8952530009826,369.08961384634836,303.2449588132638,336.7372563208826,-136.31158572310434,233.00319930831753,277.17128153323205,246.85699866802312,356.6402009471183,341.3796730034644,260.84912108951534,256.4494712990689,340.1787421434399,20.253783444194244
420.74006327231467,434.56478703519673,445.4400869779783,430.419708173055,406.140864795907,427.875443609475,408.2617373316752,432.5511057108814,435.47294379957015,442.8826302182385,426.6919345216301,375.07578106445004,432.20189157583803,420.98685040359845,436.2113019882235,381.3144698060059,422.89111840275285,441.1725135455755,421.22279329613235,379.3537963358431,373.1774920637921,420.48848199078924,364.38059392586246,-5115.972534632263,-5161.586397816744,-4881.987087309313,-4842.02315180744,-5739.774184213977,-4941.047079317064,-5140.3829016161,-5384.396611181579,-5214.058718060125,-4903.178213409799,-4947.160575029495,-5085.189784354221,-5288.234530400772,-5120.396438732012,-5096.829839106616,-5050.330862290048,-4730.945453968463,-4994.626123900813,-5056.733575963179,-5196.196073594601,-5061.22737582531,-5847.017114042184,-4724.270316402744,-5079.096865538984,-5230.92639705211,-5330.053558141077,-5247.259006349672,-5009.444888291848,-5409.561996041459
236.81338523149907,365.43989401254436,235.90226420206437,235.78068056762987,268.28293087017653,351.108877002012,252.34454820096636,251.82861345455586,242.47346858897663,264.28444776078675,261.8850221265237,365.34813306991197,248.5687375939704,265.16775685346016,269.977275070214,253.4545014885187,291.56540683770214,280.54070776765354,260.2665619459839,363.16293370407726,142.2148869873998,140.66945193683918,266.23262238250015,279.08588805555326,180.2913934016868,158.96152257647904,196.37767702207051,211.07240838733338,88.15024286904877,156.89177466113674,200.58200082922835,220.09886967291806,207.0593958994685,162.32413224336037,240.4798808510639,125.37167811049572,256.8647861963887,267.5306419418192,79.18498426408392,216.0290862343789,230.1286103481869,196.4184887842019,209.3275512668732,205.60770442361522,225.76905231819708,301.21073701106576,280.1118152687537,189.57191905275394,198.1305813600832,126.36880576420286,142.87914540770504,201.1735194388842,59.122797003568714,198.32179738067484,202.13631779499931,192.00317925604017,148.29426623414022,314.39797280685667
311.83654281857054,166.82300877270137,284.6821630106959,289.9872577103259,268.8933189097541,287.1777734045052,184.1296674089192,292.69440579997064,282.6364411986095,312.94106237283523,292.65376102470583,300.6421110523832,312.3125315810128,322.6406411089036,262.32995116199055,549.7158720921245,264.64296494417687,302.50728322821925,247.00490551703004,300.3755597279658,249.20824309908747,278.4277051670968,-356.2055467527077,292.7326392604762,303.2956983392531,275.8116759679095,104.41303649707262,276.2174437357124,308.3336235922969,275.08361799067535,257.2131328366366,273.92526186990546,193.86122684099138,277.63618941795613,278.3140683264417,269.9603109997286,263.0263574204644,278.27529042649513,255.90229249750956,300.38483422190876,205.89388195800967,308.9698430571287,251.35702354179264,285.2656644769948,287.9916478942567,238.48899168785536,269.2628925752604,181.0743298990081,267.27147080304604,322.378730473555,292.9251646870933,235.32541076230953,298.8286163124529,297.4985287744592,301.5959613768417,289.29264767929163,-183.26179763424963,297.55389538979836,272.7711802960719,173.99797824420494,310.869790594529,294.7889288628201,264.91136892135074,311.3962171569827,243.76716436825043,-168.06021843633218,274.10141696685133,295.18887629501734,316.4378802288473,282.2232455437905,229.82254375029407,153.27317020539596,268.0803525319341,282.64320164140264,297.4325533204381,-289.43581473541207,317.5637841181877,240.38935972470316,232.06983628437848,244.47308230035085,282.79229074292635,288.1241948526211,225.3211888451795,270.87873695596755,260.5686319640907,293.25410524600994,304.6828272458104,293.34984167347176,215.09793778894056,296.31342536123594,211.3715468896251,277.06312616831093,295.6991479924207,294.7992694153061
411.141186446477,275.7228301999319,337.6067614586252,275.4056084191414,370.6444519583327,332.12051441499057,307.86327219700865,401.8395396161812,399.9614566898252,355.61747724895827,389.71599560993656,387.44752182239773,405.60233359308205,424.8568991161463,362.21993462974456,418.0098278264648,374.2646191390393,327.687718517908,359.4126924504642,379.44456697248347,316.80796928495397,343.63677647342115,318.64511274762185,413.6306339779856,312.42355318295154,7.798913623018767,238.01245648153665,392.3713189950084,262.79991734471946,384.99412260324044,376.74143495102345,307.94774398196455,387.5821707238809,319.2300701996762,262.0068132860222,405.8289879062375,352.93243227760996,310.22030125235756
324.13559154145383,324.0514820993488,250.5989232426731,304.31238549500466,250.65636199325343,238.35529881665047,230.7247708180496,323.7205161106397,281.3727463397483,319.4151012195003,272.0550010368226,286.6205391623726,268.20307845693077,327.1720102523289,300.7132298884756,225.7646213702979,332.42553790019184,229.42992069250454,328.521866847161,266.933424174824,304.9474211566233,243.05454291793222,265.25134072059933,253.91585955493997,205.49520964164756,248.23857298284042,245.47939249257456,-371.2050173973455,214.64816938400895,156.8335576302509,182.52467728188347,168.33585412923847,233.97230619050083,249.61303326885934,277.030519476801,96.80101691578446,177.2462561691266,312.20513219603555,273.6208360981711,235.557811897492,313.78906447157016,253.6977822249703,217.63499807146638,141.83345497114558,193.99798628123816,227.93368380999732,184.51955034219853,231.8170143102183,282.9465939475178,54.18468991556645,149.17706351637597,261.47135507196634,324.31210978318296,325.3880608985822,257.0677984627876,297.26692446086264
389.8243616350988,384.3088915658537,420.41845158769195,352.84679308117944,379.9505240418497,392.5776017088156,406.9020500694247,424.42181766260967,397.0921299090497,363.5141587842318,409.10653123349095
375.8548584700276,389.2973011046216,356.82275618058407,369.4897248736968,377.88412510437115,340.95926810469604,371.45071172894745,386.3187567733204,328.9781421389714,389.4755899718082,386.3570348549554,379.6390322059689,385.87082857681594,390.4163379379553,400.57683991132285,389.0442440140706,316.6395646417884,387.666316721851,397.67316655913066,379.99849459894244,374.30112306965816,316.26176983110247,-468.13165043402415,368.8373205266987,344.6329315683259,315.7576942895255,373.15667670021696,321.0945819038408,178.86264424663014,382.6573965879586,364.32402850122355,285.55723340680754,325.2216168219044,281.3398926012385,310.59366934029816,328.0597277111466,161.69421645318536,329.9964009650522,368.22542531499687,358.6464875187819,183.48204199876346,132.72764250219382,302.7008135215048,255.76617029279635,-502.5350299941967,348.139310308158,352.5533270362946,346.12260692870234,346.5628716631843,348.21462153502506,301.4388136112776,353.5355113944686,365.03103122407697,223.03692258122658,233.87169338503057,324.5922696807618,305.7941319665631,345.69301799800814,319.1212217833024,331.1383246046978,309.20880921542334,347.1211224312508,341.3398490584897,390.58850145911924,338.4902052137411,337.24145374342174,357.8093044873756,304.1464361354381,350.8086863609649,316.3277004316745,227.11420012951274,374.1497029377067,357.4974963555876,344.30849172797093,114.45408661284084,304.9556520440577,356.500125743755,292.6134271967319,318.7495889428344,253.5725691300911
280.2290910971187,340.49829546341056,340.29651181570136,338.9185563336123,316.2680579213114,340.62412711253745,281.70558673913854,292.090158589539,275.50581390473906,323.1549240535798,314.34084787320114,323.35333745537173,312.7293267729468,314.74138340904574,328.47047244424846,288.67632126111675,314.77841298643506,287.5664252372426,329.286340868326,331.18917505069584,306.0904147804813,310.23926112701804,283.9554225862721,238.37104801903737,235.45968676334394
356.3392054834333,275.0341127840018,352.1630429347354,308.87380075583525,336.78403669859864,362.640679820441,284.0244528522456,362.7831213294051,358.8592872694647,366.27351051096804,385.5541338029113,334.6639996017405,357.40200689555087,385.84680084336713,356.1658826944843,324.6376128954001,377.8444410120689,340.7354180490368,333.8464954293307,275.0341127840309,-1484.2351821379486,225.7059287558774,359.3091251363151,252.21293310372553,311.29196600873576,347.9139719300586,335.7088489606543,364.6234380152021,185.39643606877507,264.19674678310975,336.08920382247044,322.0429103959398
376.3797453515453,364.27836515409155,355.1822165056063,378.1580507195558,358.1600054980434,367.09893998187016,364.7395375098769,350.51435567789605,364.8178431971308,380.7901715692407,340.25926956186896,320.2581956225167,327.90637402492877,368.12547083959254,362.79586555566067,375.367512721285,369.8743846592317,379.89456087623586,335.95670099925957,375.4682929970497,339.53178346469656,252.27897599464933,200.87067324795555,270.56926771803313,252.3635417686558,343.4738356815681,294.794691058861,234.92139015446296,376.9602253212926,336.99496072408806,324.3465121376419,313.8526098299397,354.2831092224154,349.31646447631795,293.7344121307281,250.6680417269655,204.520709585019,235.4965960806615,324.74864669731625,251.60767950455494,315.7764030297834,365.36709456379157,374.81736546886,294.4863330812544,313.9630280879458,347.0194080253698,325.40839341522525,306.9957924256588,264.1215694302802,296.92113342717533,314.6614727645895,340.89718645332624,201.24099525030334,292.09652430423506,322.7764876350662,289.0597795775796,348.97864644886005,301.6310322250168,343.91698145453097,296.28056989036423,338.050329763358,376.02828608229805,338.49151605530216
361.0192198546565,408.3799417745599,393.568856422934,401.02701844366175,381.0394007879577,420.6725536473372,418.30679672616907,401.8491290639163,363.8852491050993,401.0580917674183,353.76872263145106,425.9423204011641,400.845341740564,395.0168964405698,382.1222109342875,407.42312653814815,387.78363368949294,387.1675342750232,377.72226219891536,411.2461101896429,313.1551958444534,380.4511421013048,384.34866940589063,381.5169646999193,362.7903790145464,311.61435243109963,305.00317216914755,394.8825099687333,337.6481567041692,379.35863333498764,299.2886033294119,320.9022791097161,375.66779481380445,363.4383757493147,385.3756299759325,407.4810225600909,352.60500150971257,359.59275646899044,274.9921964447322,283.4231549752285,373.2815336675694,334.3250679119185,386.4688329798146,414.74228612333036,331.8692323684358,336.88015640019785,390.6548861234137,398.9767222144824,395.7321716846441,358.98853010673974,358.1419985706814,393.59464994398377,385.49483316561464,336.79506942680035,405.20938727767,324.2579044497097,350.26676797640766,338.87943881480425,326.3170210759112
332.21367539019775,359.2207832924869,347.7789599440184,351.77282870764975,286.1465642662925,352.61881743000777,350.1320069393223,314.5617690762556,329.1002410858746,289.29103971219763,314.2391927800454,284.19905475375344,316.50613522315325,365.7873170060137,317.3230336332017,330.7204145547621,320.32541920993486,333.18285434289646,275.35427521402477,363.78508092789343,268.41500166391415,337.3073758696063,224.92114513209174,276.4487836018925,265.8643759126981,342.72492671086536,119.19501854485956,356.514396432898,314.05405370040995,333.64606779506164,227.91489206237114,321.344682896688,341.6315650573051,319.8352441353436,311.87830052449516,308.041225740595,289.13637159803693,316.25160053687625,240.2486058733275,311.1431342561882,308.8518040667004,334.66729282767847,284.038109723058,204.21806267030988,329.1411982523513,291.31522716784457,257.18850370908694,303.651064793532,326.4459082842259,298.11960338004906,250.37075747521612
399.74021961582923,413.08327054899326,405.04789422547077,381.70219178087893,408.466775078523,398.6704307068941,389.03490310922655,405.5490989383326,369.3831300947569,388.8802495571294,412.85931625029497,389.7635997043009,393.59244126540557,419.4147319501648,383.11020720320096,399.56887365578325,414.1413081428336,361.6818871095094,393.286619326193,377.00908621945575,366.42484392841067,326.4253421813377,399.1530344199682,397.3603295004819,392.24462871105845,381.4405003589864
328.02537518807736,288.2582976050872,426.7211209721002,417.8762780288178,281.4690999499035,308.7600394606089,292.77531389152506,299.176727349357,309.6664950781524,309.4769402889179,312.3134836994905,322.77528882286066,296.249906174915,321.9373751368876,282.5845773987567,306.33591486026495,304.26092364336006,323.7092723057322,316.0157377982869,426.7211209721002,322.3670016186334,-150.01202487644898,311.6007096870199,295.03877877082783,305.63755917258464,-337.3866492732397,62.71590877019643,334.36446924254784,-39.48188796264568,324.46533859056586,256.12187948472643,-424.26687496666835,321.22212703921474,320.6210656935255,322.28809321808154,300.65866988699787,303.34944636071674,-237.30646234127036,276.0143875906761,270.95926475811217,288.23400862578643,302.7090470912481,309.7953150113281,307.4342338932948,257.9009627136293,307.9734053643588,281.9492588304602,-251.7238565851787,294.05993440643584,321.9979981442776,313.28180152842475,319.0309855451015,314.26677577786546,303.1222183452956
222.9010823866127,234.13205976564393,228.30735599431762,174.22343656765844,214.96474719538566,255.12778098378507,187.94054959752205,226.07335684823454,208.08672805942254,242.706641616728,236.9526765317304,208.77002789696672,215.62340229593568,239.88146803017924,234.4152079985902,218.53017018870102,234.8670623106508,175.86832930707243,195.15686541213182,206.36595339435146,212.4863377482528,208.42426139064725,176.47797662481022,233.3276560336734,211.51549136775054,169.17951506577884
336.1780743971415,350.01618555654045,358.87559563139695,389.5726568866074,341.70813766824926,408.597146096711,373.70383575941247,350.14721789470264,358.7923639332283,388.9348527653918,420.81023990469004,355.8171416901771,407.1202648716124,367.88603707162315,357.11864254509624,370.62324316772924,387.8562556435489,332.01623192348984,340.48374582146266,337.3851226549252,302.31825120761846,363.4876261888005,393.49998972921486,309.85669476988795,321.7463726782901
241.33422010451346,197.1124933177273,170.77598552045671,222.50474368866077,185.68168192423943,195.68854165567788,219.0747563376387,214.86739709540024,207.5581980250351,198.27228780615584,185.40395435825275,201.06312354037772,197.50676073930634,224.91312372390138,264.7029495042999,203.3285904886407,198.76476129175532,210.20757521977401,235.6855242204229,213.11333788253586,182.0687102561563,146.1057901151014,181.9124193887564,198.7870385341628,192.96906252540583,72.71531527175901
315.4813583102273,332.19758585842885,334.60962574715916,318.246416501098,348.80700385926093,345.38057370177796,282.35147045624535,377.88739423200116,322.7765492352023,357.9310193152729,351.61588988944516,324.5031370257325,319.8116921823322,343.5403459752571,379.28520269219973,321.93642914650366,372.55340493056667,309.10614432416435,321.44919962498636,343.72448084161215,315.05188451540846,276.01678898266357,376.0733144810898,330.86097441918776,332.54230005494276,163.85451778282106,330.8663631577607,323.11763337532966,302.22884071377587,120.34930364408602,335.5328660144538,290.7064185578007,250.6414896581565,369.0919982608999,374.14380940985086,332.3334920534045,324.8558571266632,354.40416279722797,335.19228053864845,343.30206874250973,299.6823395419498,342.3251832380097,373.11323462101666,268.75447103721046,68.13582026727191,362.16175226514554,260.9507422819453,298.3049954446857,136.0509903036486,284.8171534020013,332.7504734205819,341.14049493491,336.09642581313454,355.47112248771975,346.0803665857626,250.04840205374887
360.45648332467357,353.21888402016015,209.00745805012818,356.3044443496005,327.40084823747424,241.95840074956183,362.23588396335657,358.2952697722398,329.0262159515955,344.4690744971635,272.9657880689378,366.00363788311773,345.93836272485754,350.2575288656921,286.61207438207606,308.1982493120344,363.30090211305327,323.5496507096945,229.82945707157748,363.2689792608912,293.0953632544228,328.4915894183691,343.1225412490207,353.3973374536476,333.5871825477993
362.67683444549436,363.0496246397727,355.1574824875918,343.8366265712241,333.31159566805496,366.95262896838454,349.4602816555712,310.14583003280586,360.9000669356165,342.0949490231534,347.51083377398595,354.4795596551549,362.7922408088723,379.50739760116835,353.9612062923398,378.7412597781796,375.3212963112512,313.9634463247062,344.7797689037111,351.54939029471245,330.21313802093596,342.97562376116235,324.7860931644382,280.1225681276804,312.92299193109653
182.9971235489648,343.396527702874,233.81183377289568,256.1341894879577,274.3675061200291,195.0656491806913,253.91293563056638,252.3620818672705,322.78976870340307,209.410172427055,245.6718312996673,328.8283235195679,270.5986321794615,275.8729837575,259.2656448585138,272.3810374046869,311.3011945879091,251.1198858404921,238.2258511831988,233.27580363073145,207.68324549443312,238.39449227089676,242.14606630183948,212.2398655901441,101.4339223424323,197.60213883079456,216.2773307910739,140.87369340485392,234.62972038184193,236.22080821461964,219.76889885466042,135.73698522162724,256.09164234161545,236.40122112823406,168.620790195666,180.60445972955384,234.9566592280778,159.32084172893346,227.3293671681738,225.32256941518676
393.2914574900119,384.50146709198725,380.79295313603524,376.76231830934574,379.0409944665794,385.1297216269073,386.1063781360646,394.2824710652801,368.831349758932,389.2052527693982,374.61374462436885,380.56493532790955,396.7818334699464,384.49047156874553,371.73872473783064,367.75938668162433,391.04547429183816,367.08517793272785,376.6787774969184,395.5371490353596,317.73231448476133,151.9322257607207,346.4622883812273,322.61090397660394,302.0572979170325,319.63695317127576,342.66724477093607,306.5434854672051,322.6714516886475,344.44906721375736,341.2342074715766,305.3140090453549,372.47532289702,386.16130271896554,336.75930067186425,339.2296000687536,374.89978326696587,312.8141588561907,371.6750050623876,353.03039051940584
281.6259812888961,329.778502026262,274.51342306141987,269.0191281253169,339.26318744604055,278.681167531033,267.5424656792186,130.20629533192502,285.15788271006954,269.1482410757692,328.69913261260285,264.5705128867662,276.64059977811075,206.37400281747307,158.81754110557037,316.7328583425608,222.17619384702687,294.6799004451261,339.3407220461215,278.2654793003344,313.295234805739,20.860083010225463,285.4967032790332,288.8042586911854,270.1775924718527,18.37824134551145,129.09030447421742,165.044003002567,29.044538106306828,262.14891145929096,284.1886882476788,336.15210358053287,251.7285486805506,308.6341296646408,321.505291515454,275.78287440785016,-105.23330058003968,-90.48456407330424,291.93682623643895,315.756386278272,-2.169113170137752,305.78362261632924,322.50154210958704,269.3944771408335,236.9273398414802,31.81011003249976,25.96432189429894,-48.058081426818276,332.65688404195157,328.3751946770192,306.81865950452107
198.31194383870843,284.87731536160356,271.8815380087156,276.7704172056052,270.0905183663032,264.4430721610348,299.4783373427505,283.61212017476066,299.0383740491937,294.46841329803584,283.357789287614,237.8587931646849,332.6963543768882,331.0677558640412,125.22383581038297,273.90395533843486,313.15128588042654,303.7142146249731,276.14025608982195,314.081284733705,327.2036856757671,147.96606923960942,174.29916629480002,294.35414469705694,256.27472260747646,241.74716825147843
461.43739017520926,465.97135192900595,475.02314949743374,464.148066778374,467.96105937019155,456.91095986935824,450.86647698201483,461.9118330697499,458.16416337195096,476.2766476910961,485.75416506745086,460.21987714542473,486.45686250272837,449.5711336711225,454.61125294083973,472.4569258758244,485.1490930530096,457.03331944489565,460.9403274874173,470.68887298891485,392.30624357887206,422.0477641657613,-190.0596880191028,411.4833058329211,435.51072783299384,257.3472838199197,-219.03014040144848,-102.03717125702171,442.39618406878134,457.1599464979932,473.0408684188703,462.7563540552189,440.371752397708,460.75123012967885,33.42940190250881,416.0453051450582,460.5068182767106,372.8216368999826,35.834677226111644,418.67463367280715,448.6970158256277,399.7820624481224,399.39498379605055,450.1741490489773,456.9758296844345,443.09940830018303,423.9760941407563,417.0475478823846,384.9794166101753,405.99166116624616,448.5662603700453,426.9315607768337,401.68939881954856,398.9210049577493
416.16020035266627,402.3601429817958,391.50447649171576,402.14213629598305,283.72269063805913,401.8686569406699,406.6523087098893,381.0786533131021,356.23037020693926,396.8626626903882,384.4488553490072,369.22607778356644,375.78840211571253,301.5221566048266,379.4680742623797,388.8013041619114,341.7906979122512,396.14092953331635,392.5304409821682,241.76023096600179,302.7099490889133,363.19260761371913,348.3386599463894,385.72493524258505,372.31261215366146,367.3667830725743,365.74273831084645,325.1257763672521,370.3482028827442,342.16831681785595,375.5793764786421,353.5234591613745,375.98509882124665,315.4264321122808,281.84791689049496,387.1777312186158,306.4612783955282,294.6524901150106,365.8538608261141,71.52439071211744,308.7296372746106,350.91969818217956,312.95394777106446,347.82468909156626,381.5224282798782,286.1862174964673,385.9441012983756,340.2301466461348,394.4711436073434,265.46334425828434,288.84181905382604,382.2722992004773,350.41240940396267,339.38427499791317,374.7433525242835,361.7115145833221
290.51053857046327,311.5870533465318,233.45597745202952,202.72373499700745,246.42613691949566,327.7963823460852,326.07825339866775,289.5579400170868,337.875781015555,327.63077703255493,267.7717324688312,274.608497112888,234.2858893814159,257.1631731912644,334.59368447145624,253.21015167358942,310.5169641871912,321.00563688696656,321.76677689927254,351.0448554665383,340.174815240691,338.27871258962494,143.3228679275327,162.7301973799387,100.1163418543661,252.20910724431494,185.69688915240306,319.63194326543834,291.78247484316324,147.24681810777156,63.3608953264467,201.987850553342,302.47447942496746,291.0872680740945,223.7540910598365,231.89079502157665,283.3948940190826,308.3607690881947,45.802908632733455,256.54289889770416,271.19978680231407,266.6560476635315,255.62304226280335,192.11586627568263,264.50792411202247,235.42147829273787,33.12902138386941,254.30664433863464,268.5376161254321,192.35885924339573,218.50284682368192,278.8892732240967,6.280809717689849,148.14840632329333,163.85534411620407,292.67936724849324,309.3279105410076,293.4637681211866,-135.42136128359152,129.84477067170351,287.08798885250553,290.2393179835676,292.65294934202774,275.09891396463763,296.687547689082
377.3550558418961,333.0026318728074,372.60189771137317,376.80216027329385,349.2916340728769,372.9502195325783,359.89177044901743,353.86112365653895,357.97335114990653,375.5071579866513,376.54353014394445,384.37448601241493,360.9820798328307,380.63618072883554,371.1803868869634,377.16615632162,323.1203628761455,372.21632671370907,346.48604161997827,367.7378022690115,339.8784421177287,355.56275094502934,356.8526030949594,364.4497370722399,331.52015360848026,364.0508467221386,301.11911085031323,343.0670415375944,361.5325606054129,323.1539069988227
390.55018814778515,397.7292156326455,425.47208223659464,365.47907885996847,424.1188914588004,428.325704843521,421.93293865914376,377.0403565740732,365.1249984889482,403.9892812510495,373.81931144948095,365.9593861042131,366.6629496936678,392.1263605243169,427.49777125081374,349.6622031546476,383.2555998446669,405.0872699245982,369.031909346003,385.29604188672755,299.116984471043,329.817049307108,356.11747993248446,413.38373497274216,334.719624592402,399.21682324283967,394.7661958498001,352.3182855799362,436.4004872451936,420.8415211996201,315.74210375968414,317.2208374567608,217.98694517634948,258.077333549127,237.60213252887692,250.33831684213172,378.0274417085914,398.19055722309196,278.4521308612502,259.4545105885236,359.0811750747103,344.6836758357552,370.3569303049756,386.63459675977566,377.5638862736981,344.66726454781474,402.26556296601694,357.4116079446732,424.55377586506285,317.54402842360014,401.7933000184442,366.2970442558747,359.06739481099277,322.0479328930981,356.7503009711384,337.344152828215
301.4062907634545,302.8882870938143,330.8163321287686,258.09953926920224,262.6826277150869,331.6405970578018,221.98598251415768,277.93884129153975,549.7158720920727,278.53076282918136,159.13667605391313,327.59566660715444,317.8671894427645,257.93018816180177,286.6332665305055,305.3435213749146,293.78195158534453,250.37089063358522,308.2244944855449,253.9809001688815,245.56924488094606,324.1918708413106,169.84847825603055,243.505424634259,291.4992485304867,286.53952043484986,198.09176428191918,290.19296985491764,229.7537631408524,192.75665434893804,150.30518364849257,268.37473610295655,300.56442123258984,212.4208717985172,160.798336115037
