-45.32442013239549,-136.35289589380906,-17.360592045542457,22.757697970758016,95.16081257793732,-4.946024195837964,20.505374277220398,-235.97185436701457,-79.79280773615525,1.584553561452171,-25.132072069952557,-26.083774723765114,-40.461978115793926,-283.62826839899697,-134.94221130823777,-200.01466003870647,-21.803014912363746,-26.511102511395876,-66.00434605097459,-22.399256863352516,-79.82600513910936,-3804.610825637742,-2688.084337493282,-44.27768532252,-50.65071979975389,-185.49927657880184,-118.98815370802097,-629.5721522948711,-511.86670032953896,-99.42420975184129
121.53669281551237,196.36103470236384,203.3692474831766,-139.07879996743938,183.55643912637578,247.84603851434048,24.46150491066144,142.17091463893274,129.43716162902973,99.29496551357414,216.3240083809357,237.49437280587125,146.92581739180577,119.05460913018939,144.58652537912684,139.8862337334428,157.11953948024865,101.51734161330839,144.0585572436391,167.83094826992573,225.96007084543788,-47.46656691120029,3.972688552269097,160.21748180570984,120.14259201154317
188.72646937642554,198.60388067297123,160.69216034237712,226.4209103411568,-210.7430009919763,-203.08316616721916,-130.61653050398402,213.9191785574813,-162.1314597651881,-144.18058834886963,77.16141710318614,-187.3251884839165,-179.37564935831782,202.07217320653496,-174.51899121363115,33.42624311102294,130.97060088306267,201.6942730452784,-122.37011650058672,-204.79720747839113,-318.34419733342196,-288.2181727856668,-181.30504553034282,-188.3567691219187,-257.5219426575504,164.06586455177154,-369.2270177502805,-265.4338073630997,-985.8982351185577,104.47588762898802,-443.99975355478904,125.03523435080122,-231.83747598646463,144.1278188549614,-253.1392578209716,77.51702336143451,-324.5187130112071,78.92565529320662,-277.8127948869123,189.32997784959576,176.45695377044927,-306.236197632651,-323.3504376788796,-79.69442756459908,-26.9191293242137,-302.45649097377003,-339.0909577892134,40.68518637448609,50.477582037773644,159.82282894089354,154.87130384753533,-649.8239323018561,149.9383751922224,-194.73525755928407,180.05596393091497,108.85864927870087,-520.3788553268723
67.28435345861176,98.8168293416074,-14.701129188304384,-16.302460483691736,48.87242547957265,-22.606129198751493,-74.57719359338245,-99.16200650752018,21.27072364050235,62.58064750738247,50.977424108523294,102.81315455930412,-34.84054319338064,-18.191339325947457,111.56627265958919,-98.73652951839341,103.2013944461341,-85.80569637713216,31.85745521866755,12.835672861021475,-145.3633211371798,-178.7565772060277,-6.140662407402534,1.9764593635829275,-347.0866322817619,-89.55310760363665,49.95639622842823,-84.83770607954085,2.364920124235095,-493.4567860183761,-274.4225004806085,-152.44216105833948,-265.3173693627557,-131.01446623652896,-140.7220642372938,-49.02560896334943,-280.9823153395573,30.70516772703372,-314.0228752536659,-68.61821625582705,-238.85600357965632,-380.8847638889072,-90.74432214396967,-117.98979138801404,58.57660889245558,-757.3041111474176,-106.64051081892283,-45.052024602200454,-454.7120735150618,-9.981484778139976,40.675581772395326,-64.15196626413109,-40.07404086318455,26.674169808384416,-221.40189528902715,-892.1088909177431,-84.6787797403029
-108.25257913708967,-104.18729267205683,-222.12524879446957,-45.37392597936119,-192.92071802367352,-58.78685481481975,-62.56562621284442,-98.3616733049715,-109.9326895826002,-106.52584684751591,-139.868916431114,-77.44391760268736,-132.52214494734707,-238.9434376954488,-88.7262417499405,-89.37670896986124,-73.96669710143473,-103.87273290855623,-133.08045501924752,-104.82830356200392,-91.61297769653115,-152.14512131028377,-208.45322296855002,-343.8484497359772,-265.99810363036494,-125.09897159151816,-139.2820334457052,-166.62845998684926,-111.42524301177788,-243.60048956901656,-89.2199856001258,-2438.9727809297306,-339.9176489635272,-4937.043349015718,-86.39707106399177,-119.77818262858,-194.91284082804592,-399.06036055784614,-217.32402143185814,-119.27504438032051,-173.39650401326958,-5355.796824010148,-157.07257876967387,-415.333803186919,-76.92785854161545,-210.59396579216215,-94.75461504837102,-146.50232832736899,-114.13765632732597,-159.5576215719088,-97.79135437830948
142.754477351283,118.56239519737849,250.9763004723309,211.34145512486705,201.6378283298209,87.40898757047152,0.36655880763036564,83.64400575143654,221.6530332972716,226.12681238595817,176.5718877758582,-221.9661844451281,129.06375104345105,128.8268896654238,243.82466358517834,248.58165037793063,229.23695138936003,227.3693075023139,248.11903878175784,138.81563402606596,183.2180512743462,-2586.2155534308795,-103.39766444074203,-78.3071379696727,176.49929971980876,266.11690946225553,-6.966337123764465,-180.74566788605685,189.7549586841151,37.63848432450804,172.44658744878964,-12.776602113216457
196.9596188974951,66.58235118903649,164.74451354618708,73.08282341008321,-82.05219370878145,57.50754387676425,113.55847246823525,-73.03614124691667,63.612681406365645,201.66902522885124,-31.67384128967246,117.19644720966373,38.024184148595445,228.46003180452448,-75.96003198498495,39.46483134192163,-87.82789814433939,167.61879976109907,-77.6989084133116,148.15727669434403,-9.91450005237722,29.297384577294046,45.46886769037342,-63.42440362042409,-6.087502725065358,54.40623926248116,52.18323413421279,-101.7003527191314,-84.67444407787134,60.90092626631945,17.3778283389476,13.88491822262357,-59.071107180251005,39.410761190469366,-118.01188879645589,-29.20494918137269,32.128890389466555,47.072651627603186,5.648208229423565,-111.40134115689104,56.739285690308684,135.03626171124546,45.45515822032012,-81.12330251460021,-125.83342640666048,45.96735470687741,-101.67358172891183,33.49782683823058,49.64695085197268,-112.73041759820286,52.83045773126019,46.5864313616376
-141.4517186320057,97.8479927071845,104.62155620395298,124.4008268312633,114.99377511647127,63.24750518566962,152.72860564206584,94.18634798141551,105.524088799723,55.37880784514249,138.6602277040607,-67.15405987680909,72.30875373153923,-24.379348038554784,146.67646539236975,76.02549219858605,80.22652553746133,66.223256209984,60.67414719025231,-94.23551708297357,104.65046052204944,-168.83453636831595,79.81224626017739,70.25254097672126,-82.0699219815915,-46.0789600488691,130.1184519416589,109.40062580638454,-66.13561562804291,58.94879686057806,80.87054686247085,-5834.833683361937,-338.75677730125363,110.88128194345573,-231.2331427625007,-95.87725690081152,52.33674124998191,64.08921560035616,-220.09635562811795,117.14288873243878,-76.09428767028051,-33.78900713598608,-179.83344627782662,-75.8650937247596,27.854580920359332,-77.35748431694516,100.00632136861041,47.91716181051252,-1215.0562651956761,-418.73971523994743,125.32821335538993,125.5954724271529,105.19461811310121,32.77513937344575,-2592.3204448011065,-213.60043478996977,-76.32961339883816,57.62410841906476,32.55542127501661,111.61970649817759,91.73087812040734,115.69241663778176,-266.8104365416487
-251.08890750906878,-150.6576651443972,-277.05360599965854,-161.37759916269235,-129.8190448603501,-143.63456037560482,-135.40410528474328,-86.31368517683265,-114.96959332205458,-35.15421457654534,-45.707197540418434,-102.87791642268914,-29.19211372152259,-120.94921977763985,-126.64586475951202,-150.98222905907957,-74.14208830376757,-162.2122424339149,-545.5312143416973,-130.99587771370207,-145.75291486792227,-218.83927268438796,-172.35150495263323,-440.5502180988191,-117.59468745961041,-97.81792670701671,-161.96199650810578,-152.7996929768951,-500.9878979680069,-72.99211290336453,-109.82150870095685,-159.46157091971688,-104.01778001337559,-194.01969152461695,-281.520689876491,-424.7394837015123,-143.27851887862508,-131.46522111921914,-259.6255872733271,-419.42494253321377,-154.22279110018005,-240.47969675486397,-152.6664653598581,-84.89169579517457,-228.38710985168845,-111.81496867761061,-238.6880081253682,-143.74634154722654
-12.274419225750384,-11.970415187489456,-63.139999096340155,-71.78826842988185,-58.753776455031705,-46.80888070345744,-9.544853837583409,-86.44644871425055,-48.3385400172125,-65.90420991420308,-7.59901218844046,-8.307897602156421,-11.545619322752222,-101.21480083600966,-36.79575035753836,-160.60621996184193,-109.1342102694922,-23.18420230287878,-202.82489725887177,-187.55066192447657,-112.35910327150452,-101.9815044932376,-15.453746761066517,-284.12395162581475,-167.2101952154277,-195.263152229613,-76.73444978086111,-520.3492561528611,-31.80801993906183,-103.84420159919603,-141.1502771610909,-123.07729624627184,-166.72759577971613,-197.93704209034019,-81.77852644571188,-160.50571723073165,-123.52886189098456,-54.980370518561664,-34.72346978827485,-35.795588694664126,-108.60767597048255,-9.567291005061483
86.29747605729406,100.46843518131462,122.29454820362506,-19.700231567950343,129.36793874625894,62.24900130464534,95.55933239303593,79.69219181801307,71.86384497443512,113.88885468360911,83.16425213831111,-59.90108201035405,-94.89196917024506,85.41105512766333,-62.858027983851265,-35.62046137493568,49.30345809883318,48.095268599652066,51.61418173319864,99.8687378493396,-1069.707055018677,-154.2281589696112,51.44496635342673,16.09736049469099,66.97946021094756,-242.20704158639506,32.82381963475134,98.15105707350907,68.24076300927462,110.62487131700507,81.88227405871592,43.3107153559529,-19.53573469399774,-98.15308035764343,-92.66530065374133,-10.285713676993389,-462.09949161820344,70.03649687338068,50.996544846545724,72.5323726335435,51.37241600824303,36.19080391406558,44.28585900795433,14.981364995537913,68.17733688023674,82.03004136716234,15.624095806767198,53.724625157769445,-547.9490853626456,-1308.5242875526571,-67.62364574110907,-1106.415610243878,47.32305023797505,-474.4997481631087,62.298858510442436,-1318.2997494852968,11.51806714101647,-414.66457768778054,76.56109003768373
47.564952057272166,3.034103509265929,-6.581860155197905,-40.287654755438126,-5.85618398399791,98.89846237464255,27.79638346395106,61.69398141176745,-0.9148359569507143,31.471901538369565,7.0567195204081195,76.77836442167492,-186.3739456152699,18.408322502388472,74.22662622179516,12.458890413664191,-253.68361849486095,48.64186625753675,0.2776439361144689,-41.48931462889176,-281.9092560888723,-39.24239069603608,3.495935353613019,-157.69482245924505,-20.61560210002179,21.873328984284598,-110.20098661465201,9.098109920551648,-67.74268718209461,-44.4018213876673,-799.3233637869835,-620.860600813385,-96.2441200511902,-113.78166821361194,-3865.6443016048606,-1718.6800027118002,-3756.9625255586398,-97.04513842550377,-99.65615018684424,-155.0324642455324,-18.95784433846464,-158.04128375609557,-130.50407187112907,-2661.946901628883,-646.4761609562288,-72.98540586995422,-142.441372430109,-189.38678007870223,-80.22485155287485,72.98480614771208,-1644.8058018686668,-188.14972176196645,-752.9379173232012,-183.29749736850246,-544.5555962395104,-3334.5265946543664,29.891677640566485,-831.8098815909408,29.901720299158768,-153.51259164127973,-46.20298247510911,70.67690930234559,-2585.089525723099,25.057087730985454,-24.073825785751882,2.3605326294479863,-109.78439940440866,-86.45840569999076,-53.32841867879435,-163.9446291531925,-35.91871074357404,-152.39521831572821,-31.05359872899307
117.87896135120353,110.03365387162738,156.61291454973795,-58.07875315688758,-81.1164845494506,106.16376576519359,120.70507167032154,-22.17492339065615,73.36030333270718,87.89894987511614,69.1593425548035,-25.257164790268636,82.06066955857203,67.58018474950767,94.64279838188484,-147.54360578701733,45.64191233533891,81.32764629569827,-18.810008801374526,70.66031042716166,91.79944036003688,-67.73125718103137,135.0430204705826,-210.66180987061114,-331.8730751509519,99.00764069638352,-2.775308594356849,80.01970245205119,5.7301142507403515,2.563734162225936,-5707671.109152128,101.92760753014407,138.5186935631991,78.92584643859844,-3548.861202404728,152.58844675570978,131.7381547513996,61.5814199311262,46.77018890744328,149.70940854708712,53.74773959594129,-74.1672385656106,-194.305525482001,52.037375293073616,167.39823265455013,-2484.3673658109465,-66.53421207823789,86.43182055780015,9.285167627820536,-914.4990923025772,-8.995724460592063,-121.64791555305754,-63.42273032840552,-62.58892385745679,63.7276649030591,-809.5598642536515,84.54019416070331,59.39667480776368,-121.61542597042894,-722.6768504684533,26.661067838596843,-256.6074892629421,146.57608794804943
-63.76013754070154,-234.39735150148033,4.777086679514766,14.602396742904237,55.413390565395574,35.02700216902106,-44.654344287808634,23.244945951550406,49.9215267226394,61.214473333705975,40.13758451241149,18.475930290862014,82.06343162034099,45.196714041421366,10.14443150251084,25.259608733599933,9.547363571634921,16.096395760183075,4.8438242446551145,15.717674623357741,-83.12564847898982,-7.704147767441257,-15.086449291650208,-59.806739506727055,-55.71725698165246,-1984.5642023817024,-12.958795979570526,-10.92162844092891,-16.73637704414766,1.4764757907485793,24.798137947958455,-41.77861256138901,-201.28093633042783,-18.234200560503425,-60.830047527237795,27.760229135276703,-142.38604240666712,-174.58256774860422,18.882821862782137,13.83505822767013,-88.47201842646534,-215.1419897324616,-44.81563772777954,-75.38767019663496,-120.1650160350458,-28.98608604590336,-44.13443432861677
68.24482624122695,52.882004991702814,-244.15983662317942,245.64388895172291,-67.96318722010821,98.35936101570198,300.6656098379534,67.65731804520848,92.62897737746036,268.2378563894671,41.95821013204633,308.4839272512835,69.63348137997465,-4.710307619856647,302.33981180328544,32.44003895137368,239.31804514068776,76.9270098005488,-29.088947399201313,93.0044045462054,-107.7059945762687,-442.7756946413594,-29.2293388271012,-522.0770644560491,-63.60116959681389,-116.56274203267296,-41.83057953475716,7.619652611405146,-157.3893371677061,-4.459021732198633,56.04275547978406,-68.599380749971,-301.0663788272888,57.722943199767286,-182.51355504852117,-534.2782073007185,13.946906106559002,30.182014334973903,-36.729918071740286,-84.51684865282206,-48.06601192987935,-81.39449695732239,219.15327692169362,8.49386678909443,-106.08634658421417,-52.90123238359436,-535.9819685759887,-50.99537144854756,232.93079233307057,-302.95940568421264,-500.3155138750464,-260.2091859353479,270.55855608123954,-401.860634576735,-37.84678480179198,-282.78189153186594,-24.564485678844246,-42.29180027554165,93.07849555524965,-315.3375077268158,-80.30047655412838,-21.000598712833632,-270.0816220345461,-380.40350097017125,-117.1908297459033,-180.03390860910642,-31.193583348702557,-39.23941286869584,-350.87085409709306,-430.2101393559953,-37.809669207085136,-309.46372914215516,-255.3520970865013,-1689.3054891855813,-205.70080099525714,-103.49039767349515,-552.3422363049197,-228.6337162443908
49.24556308944601,114.81557693150937,156.78576357284732,87.38188772415417,104.56711608192965,92.54202284903697,127.04078121626337,-76.750878381406,42.5501162316891,109.63612486536697,165.30531580283827,-46.676653962236294,131.75230930255606,32.48760987019931,13.632014246137706,35.90244725114324,140.0027248046212,10.297221086572323,-251.8229090280633,140.45657011321276,-191.3863188646805,149.18441837218091,55.542608151230915,-2.3071021464015846,109.3497094444214,48.873596427908005,-4.940035035007449,86.11809888466489,-31.405976559706247,80.29412142869516,13.120184582209264,157.68044817481535,26.017577277051245,-509.1477234224544,1.962970808783653,31.498479958967877,80.18576175511082,17.893579561922188,-4.707071499211006,145.62197076705746,-316.5560195603952,106.98137166595954,-15.836611248548715,138.37332068290965,13.124020389876465,160.43528989700684,104.70532479382057,63.44589489424509,-602.11198561644,127.42085722340964,13.711726446143517,-23.699438178520282,119.54460409828282,60.757513645589306,52.120929927299976,39.10581640375715,37.93430581352594,-286.4416075164094,-66.01646614888297,-105.09659124060046,-162.96595400440987,2.0568784172178223,13.8969260001454,-14.06308777180085,-626.1550628158161,15.41693680945035,-48.9175299958347,114.20461176010251,23.48344273316291,-43.55688167051586,-129.8342113985613
329.3419583319615,337.2439922581821,562.3484878022391,364.48887487276676,388.4369658194178,-13.712540760550278,415.0730132002778,540.1676843542773,420.09028861338095,493.6434362311084,541.7033681668509,523.6119012426752,537.4034882359374,396.93733016305356,383.22951893831356,503.0516665134747,384.83334478534977,413.7596920664351,339.7005891048744,388.1439090410409,90.4830270482622,266.43883396537797,228.32204864585594,323.5394521727854,324.5371484667231,127.09820833654895,347.92901085337377,-875.6377027961729,150.6631557181646,-204.27592169985417,207.74355051146642,455.9528678137977,362.05719404606367,58.512612719478156,-16.088522391004417,289.8254011795785,445.8812003363092,216.0136440288444,-10426.355294218898,234.2710132313356,-389.5450198292564,445.05811173694025,93.3025120594235,229.14628018063252,-164.84917137360378,359.561731993656,340.75177310206215,251.3238092042435,427.13589072825204,267.6887513352254,308.22801168301896,152.30598451298886,365.5901657587079,505.8940788846631,416.75802919680075,45.27699930741675,228.3263478839932,271.45865996779696
30.50135804313585,171.16829726883634,-43.98575115182307,96.8775061499863,129.42606284892145,108.32356659302468,101.25537000450868,101.87125724019451,82.74742296758622,94.22586620787833,113.52067387769684,5.498002809749375,130.71196769983226,107.5742037823461,94.96627018251446,84.87557328735865,75.84617744592641,94.09779572126399,108.97533793079573,82.08389133254104,63.96971052761591,52.64165424964712,107.39912663885288,105.29402812566195,-14.200110170240299,-300.8670731059147,79.00734379043651,58.255960318973386,72.1926908872273,63.88007274231722,14.726204043105605,-68.15111491896191,6.751444607585551,100.69187528863449,73.95796529251301,111.04392576763576,134.76591672633413,82.61174017301063,42.00175013930174,37.397408733804596,70.06336267131782,-110.8332292593232,11.306148400718381,-14.382885414595922,-23.157406519368525,91.07877366741968
9.280053613129851,-40.85785057999014,-47.647644918846304,-24.958718607942544,-43.68523876039904,41.56352461156071,-0.17241184084337136,-229.73412219850934,53.34064024282243,-62.60946933596056,-85.88207737687576,-772.5400051890231,-280.2237652954328,-43.36897633962285,-30.082980078148058,47.463415573301475,-77.21914569704454,17.97981740125688,-16.44468204348009,25.049078099766305,-56.015463751243765,-1019.5341682378798,-18320.56087033136,-70.23610679334324,-22.348889273094347,-80.23341621252511,-128.44282944862317,50.11877311679628,-75.25042383205873,-45.271650483126265,-43.96371966078077,-125.8782714547247,-30.95589858730709,23.67630659437573,-480.0198766636006,-147.0990577162704,-119.43849751836323
175.59336096011242,180.67142334060185,225.4207425439053,158.44895489348704,143.19838499567408,210.8913916800447,168.67958143946447,232.41565196360253,267.22109659426854,229.35169340885471,196.00715176905297,171.3841249212136,257.03623003195383,240.451861546885,177.55443511228435,195.3049291975039,217.8189600524674,242.0866411014503,213.44881219039593,168.96425493755663,-44.50217121609239,155.90107044110113,97.70528873875446,124.79267302858347,159.80815995678853,98.06412244926832,21.255289382792395
119.58041836708755,194.45117837991324,190.1230216979386,173.5426359180276,195.72590695009467,264.5890185712355,250.40039093438048,256.67357288586703,247.47243549261424,194.391245240949,216.17277944989314,214.2864691447043,198.43317438312783,219.7920754943002,-405.0108831719837,288.2684285801801,159.78251058829642,204.4792849569924,278.4025561514058,106.58606166859455,137.38742781249448,-99.0653566229198,29.411933594923095,-412.8664361480173,202.46795278915374,63.44800803561658,-290.97462063152716,153.28635196623821,-227.99784357871476,129.53855692057778,-163.83136088593574,125.9800461851728,197.85297667665373,201.04245227981795,-5.71920410049869,-47.94154628475961,144.4975673513154,-483.49923745613665,172.56977638471585,160.70270257169295,263.41341971097194,132.43672246346864,170.66254964086875,162.42448206622362,130.96660974917836,164.8062102056149,-1148.37562536762,42.93934732258778,89.43125541898621,99.75050570994382,177.96886758562096,91.83628524335722,110.04982941428761,-485.35672903320426,-261.95220342999573,107.31739196069407
-174.44173683877122,-151.00860562081468,-245.0858571962126,-159.30660214181077,-168.29747943437178,-404.30879273171547,-184.4251171564592,-336.161611361862,-132.31968464608323,-177.09234871621263,-185.54443611855638,-238.8875538324846,-277.71372666115894,-176.6280495142473,-272.1008298829802,-367.1143625215299,-229.60080318009932,-168.16762127633226,-296.14398173844893,-185.7078491663469,-502.1744648432267,-305.62235414456694,-402388649938.1645,-454.41850451982094,-183.9509981111296,-1311.5405212854876,-234.39500202889573,-182750647803.57693,-353.6706636384733,-216.77297367806565,-246.67599849259932,-248.95168094194014,-248.83454193825852,-274.2560422853239,-508.87832417245033,-197.57558993852217,-200.01217808480394,-216.21772732491624,-212.3008363679655,-237.18783440346849,-2953.200343749477,-194.25053195512373,-184.9832054590715,-320.29835095162514,-313.6856058076628,-260.3549820398821,-372.83812503373696,-301.2556798890837,-705.2089239573014,-243.59852947945726,-185.75604595894944,-333.08508267159584,-307.0618854975237,-234.1401498750456,-188.09913806474287,-159.62130417580735,-1295183434811.3298
-187.73511183349225,-119.62949621689253,-153.5459849120157,-167.54846745677563,-100.40414326096985,-155.23593973267427,-129.44570450442913,-183.32694731118588,-100.84956916451424,-160.400768605793,-115.69699009709515,-212.55081634073,-174.50883049429692,-185.7559088916514,-157.34334460181108,-205.5735400745415,-190.42843294441846,-223.8025337348324,-190.0743793581149,-126.47930096745264,-250.24079570178688,-239.85747669932678,-258.9052320477461,-165.7829819376308,-224.80599335121693,-273.74266906133596,-201.90631342813552,-208.07224770375802,-166.3562292378654,-230.91603269816213,-206.74310054143731,-206.22885683534398,-165.63910467900166,-137.7264164749075,-152.51348243756752,-220.54213824930062,-188.57238515002197,-247.77926812630025,-301.3927237475825,-191.8226266526975,-174.39865670866706,-183.06828215071263,-166.12969498938364,-218.48185023874666,-190.17837375080083,-137.83792449882444,-208.51925888677138,-245.48659113375086,-213.99831577594594,-270.11386235811136,-149.62080164614966,-173.81486254013285,-178.29417298249533,-281.1201529558471,-246.06064908919083,-192.5377800616753,-198.37890294839806,-178.71017542209879,-268.6947874052965,-202.52258175258285,-155.34503838966,-255.2309641092276,-312.9735675164485,-302.8472971258468,-184.42537431122602,-212.73729215063318
76.06968656175317,133.73540501839622,-97.98857544635811,120.08891547496339,100.5033135858533,32.63162169923393,65.46367298260472,-2.6480040731300076,67.3181767819618,71.12436749269486,88.0102437110539,166.2010875107985,39.99464570844745,138.44510261094862,144.50327824639996,67.45969579640527,95.5079160888557,97.93188481480624,69.24635138880998,29.676337901593204,42.09312424072718,-17.302862128210702,79.74575946301363,-10.756475867238489,5.000895125728991,48.30962642524125,58.38449224861992,-37.439736362805576,-56.86709955325611,166.5161156602439,-55.32250444576172,60.55258757596616,-88.35097681903832,-83.28185173854635,66.59002017703037,69.99861534698661,78.37629572936507,65.07303848890612,-1612.4016345337411,63.71980674495293,18.53099743879952,-36.16429300805672,-78.24498746921435,-14.783088013690442,-169.45934296455434
72.9787781527836,-73.96864846788318,-55.13419029370772,-152.07810007276407,76.21364363587662,63.84826245674702,77.35824871854464,63.66324676015523,-86.68514917573836,-136.14919252221713,108.09297773712632,-16.910244782142232,94.76848918373224,99.33910876786348,16.34263900542049,-183.55684005361613,77.96493428523644,-77.04471814883345,18.261438478460544,24.164829351081547,-171.62891663348736,-76.27711381855286,-154.2347272721053,-1339.2783945761407,-171.53965219710312,-329.277827150735,-270.82050358799825,-14.74791499773784,-1.6346582608446767,73.113592490479,88.80131125995803,-73.8263225772721,-66.72169961313858,-366.5585459505671,-201.5382593886346,-1591.6145971681665,-162.29634002315083,-170.93533023897768,-127.02210696205205,64.27854912484571,6.2500922919923,-289.9228334430652,33.8295788131756,-279.705962848289,-0.09378696601089881,13.065642363082073,-1491.8982037213189,-163.410541711312,-152.78696463432175,-2622.0823443061477,-42.36570575980255,55.81075323968406,-216.41251879242282,-1692.7654730925638,6.617056478476738,-407.85307057366924
271.4502592394541,308.07593051995843,308.0870962868479,294.11454626955435,293.85546975078256,279.16062656760676,216.5199724257958,260.59145491884317,313.13475636704004,292.45965899061173,263.201345170933,265.70702557506235,282.989837792525,206.66760119769367,317.2719021445349,186.48405944381142,288.83822479328717,334.73110246480553,226.45287130379927,177.81795983256964,146.79943157310248,142.74953270869213,15.979472911914343,-91012.91843372984,-91464.36135479281,-86343.67762898307,-88333.59727017197,-105421.72699253449,-82862.18443242692,-90440.55859028624,-95770.84000999219,-85344.16668226587,-87433.9955086174,-89261.30487579342,-90284.34838134618,-91431.90635577032,-94514.56576415336,-90152.91170472313,-89981.90656084297,-87972.77695709906,-91751.29026751255,-88412.66986046462,-90240.76021120035,-91322.20449409998,-104216.58548165658,-85823.1440972596,-92218.91021019206,-91440.298972827,-92821.6482208012,-92412.18255533725,-90380.92642349492,-96046.43837809566
-417.14108046838874,-25.426434603678068,-236.18755204356677,-207.23498124196277,-146.05939078695957,-20.482403198426788,-166.17275933185357,-189.19275076545074,-252.66491674829496,-193.1698245210835,-184.2316354572809,-19.08606357097468,-200.13460145389428,-194.87303148632492,-194.51758555243515,-241.95239708540117,-86.84403456410482,-190.54273737723116,-175.8240062187304,-26.145855058859603,-381.42342383110304,-301.96486529112985,-151.4171605923196,-138.65074143001885,-231.44234073423132,-253.86426583274516,-271.13480447092644,-149.19307607181085,-356.861770236746,-262.8801908752592,-256.1971466020462,-191.70484055363187,-266.0072424838682,-220.18372795995202,-242.27039121718036,-452.73297097008367,-91.60322800076491,-153.9153420860951,-427.3128384715244,-223.9259951027014,-204.06150973721134,-216.99695174914433,-205.16469887181375,-323.86361543328326,-214.5558117573117,-130.9395645899077,-72.83689787620742,-315.5133825190485,-180.17999661904634,-278.76117051008197,-200.5356694390662,-200.5979732421277,-502.890992028784,-202.7650613202298,-289.0220729488626,-230.51900987869232,-296.78533272928667,-41.401017175226194
-333.2347968710134,-356.1911355252465,-276.43598102697456,-213.06900077598803,-189.26645369168878,-220.16646273009533,-717.8847721326521,-203.03899648559596,-200.57170778442358,-215.70958096586506,-204.1836192558682,-207.80275370778114,-209.86478501621073,-152.51895386671177,-277.97634284328547,-406.37915575134286,-214.3434337838759,-179.7328151801013,-235.05086180527056,-264.0252375836818,-329.08381347669206,-190.5478990863484,-857.3890048962,-285.26385885281263,-263.40948641222985,-174.93112423311655,-353.3503148241284,-195.18745525552086,-161.32160496458064,-287.94047573370665,-309.526949544673,-280.22548796114904,-333.9827240182402,-26393.275596385178,-407.5427887950651,-223.0350849880455,-278.0978176380228,-216.67661473696413,-326.73613568273333,-172.66521454554382,-269.30968366150466,-277.3339170624074,-21308.37457510976,-200.01705971029915,-276.85949273855806,-294.58204780530457,-200.8020484033665,-349.33313440801123,-276.1095792565517,-255.43338916296022,-336.0015323819812,-231.30418484616158,-240.53264746534356,-199.57542477799248,-306.9650118175656,-205.07755631237902,-929.2646726829435,-287.3042914447701,-243.3011972321889,-313.99785433905697,-267.25059008215214,-166.48199978428957,-212.61445841425544,-172.47514483394357,-658.6467173562907,-4931.82781524478,-560.8149354195762,-188.02279245330433,-167.5027693198828,-18723.73662651882,-421.40738720968614,-324.94130677477335,-196.061387047983,-340.767949673227,-106184.94805757386,-1453.4344097328808,-568191.748964146,-256.5620218332416,-4629.010053100346,-388.5496290143275,-150874.6005349119,-186.6428721964276,-305.6262858290353,-249.99695797416658,-15054.766575552694,-188.61659176210063,-196.02945967067322,-234.22372845672933,-276.28008764563776,-364.72636039704014,-4498.302396429987,-258.2703934658224,-174.0833409007861,-195.21014118989333
224.03952240040556,-47.4435271924161,-22.360136294291834,-63.63690174529292,-129.9172364304616,-66.45543291497367,-138.75359822222927,-86.20464842306072,-77.70809573217727,-33.22026905242515,174.81854545166746,187.09508930733458,230.12655960610167,256.57005976727265,-50.087056280776125,243.30100273182646,-57.611611007585026,-76.42745963580481,20.580306339151292,36.414676900608896,-48.89584436510225,19.777060319239496,-12.143638436605132,110.50344561627166,-18.971739308539924,-1233.5806832608891,-390.7065093607638,-65.74526468558159,-225.52168531130795,-127.55659900918934,176.95303665688292,-103.6170369269698,-91.83531815305523,-29.545796778769756,-1448.671337015539,-100.56382789183326,-355.9937500198508,-117.69448650689978
-59.80682283104878,-150.11627394718596,-179.04531786467797,-85.24489028400401,-198.6258802346512,-181.90477772737663,-211.01500951140795,-195.2209000555919,-72.94043129857144,-63.80179841342877,-77.62509782935948,-95.8092388325247,-131.8743102656205,-150.82303786927335,-155.12271102079734,-229.52075628658864,-85.74960185806756,-158.04534880892314,-135.41565469531952,-54.46104156257596,-185.93390901413377,-138.13828227106333,-344.7441800938597,-201.12002234574132,-247.21734077142818,-209.5199941278116,-184.17871430456663,-1899.7164556468633,-233.32151528361996,-428.7757056392508,-164.677992476684,-288.7936853290843,-224.9935722418347,-207.74490825142348,-359.0708280884391,-358.29482086559545,-302.53147617897406,-171.93438441094935,-63.453557163618626,-131.05926958149283,-168.168942167906,-130.58537296281818,-183.69773103378358,-326.65759828953964,-318.13130818157975,-240.89830623088537,-296.5431711421124,-214.42815722688508,-52.792965362981505,-420.5890002329697,-395.25717663314737,-239.35900157154512,-121.2609486291634,-118.40051224936477,-203.69704793203485,-122.10950420494535
170.25753993502207,8.938981307968513,165.40993989829678,141.83071060173904,162.08401618575738,179.01049216552553,189.66936728274834,225.1793227048007,184.88788200142687,132.350228033412,163.00694419830836
-1.9830336036365868,4.468833893890432,-92.30855937028772,212.41809547796825,227.83108132266594,-136.7467368697872,154.01395947036022,-10.698536131936836,-28.678247421486986,222.96504002266252,249.494448512162,-43.506637390040765,278.39237415490305,-19.12079029981558,267.55160257973574,-2.716999480226862,-23.193417681708326,234.17258741432548,1.6853815311825695,-35.48897961616987,225.6759091845694,-59.59920868304616,-2465.77966659892,119.63352023610308,-57.48320517673076,-158.38098440118964,-10.437427858221186,-48.658055318662235,-147.8250928262394,88.75380338950593,-16.300389426407065,-60.87780817408495,-59.87193943585456,-270.2803711914933,-55.39558032498425,-37.354294466378036,-168.86457342325812,-5.602749419234472,-58.567913991825066,-222.0318188147095,-181.88722390759747,-313.1980137483329,-73.89527072030918,-202.99387787687604,-2523.557475941325,-105.69000393215289,40.783479225598725,-46.9751851516655,-78.99265787833494,-55.446407744086486,-91.504511295796,-28.65509362817581,63.35688277652183,-89.5546071370666,-713.608848763414,-174.0379384341566,-208.44331162666393,-13.711989805795868,30.775233206610874,-74.76956404089165,-175.81057921039613,26.36950067609244,-6.9536424849261795,165.18292194828487,-25.879088713079245,16.060697532054377,-236.52456705830267,-30.35309909139075,-58.36585104297161,-35.53546477852237,-86.53410371249421,-146.21796499986075,48.60551676609133,-64.97577940008821,-596.8360819982565,-109.74290561402128,110.82091411669784,-229.34559517378423,-31.336839881122643,-302.29797593178705
-26.96238865552491,85.65319121187873,86.93695895429715,76.52797751682373,59.367979675103,28.26195638747017,-19.731645720167172,-12.207806857090885,-72.3365661514044,15.154344797195924,25.83519639689438,-24.43724644582685,47.70789273028457,93.54978104660584,89.3349682304124,-35.9417419572534,32.03792782726455,-55.60906982147058,79.6848475910301,42.9840533818598,38.92669466926704,14.434699806761442,-77.05111776063023,-20.95216045144026,-97.89997667756202
-117.27901093175768,-1293.4485655370543,-109.4986791477624,-180.2030586498471,-131.25904600413145,-92.45380967093178,-241.80108703262852,-114.4694848446124,-86.80570735152963,-86.26801763622956,-223.7470237258529,-218.4340320436017,-99.88558367401691,-203.08988372810404,-104.19685170615975,-145.31805506680297,-201.1377727312481,-126.95686580401201,-144.03736286856446,-210.89586223832185,-2486.2175576555987,-222.1357342523288,-81.77665274843201,-213.0665711142762,-197.5289427013617,-150.93430095199,-111.32624416839707,-122.13011349148127,-221.20273023723428,-207.59665182897248,-110.25268602260479,-172.22075381855362
155.72084593660634,110.59660773065413,120.47618402144303,168.64032642425786,122.33593566843479,80.864179650918,119.69489396026233,62.62845008836054,144.4442600721202,147.6000714766467,3.9957139443875,87.15044035738926,2.914254832419612,142.62154982665083,73.23990207319618,184.0096172757792,107.5360944069796,175.96050689725485,4.562273475916992,171.17275749669056,106.0724646869428,-373.8356138471392,-212.60870535232624,-139.98855570536688,-308.7442357395577,73.3698890899134,-64.11798887170123,-120.48728395432015,168.1684818570418,36.742042966540616,-194.63104834288123,48.877589184019364,72.16132990223718,63.18072077802821,-264.88319688621476,-405.81929183905567,-377.89646553276515,-317.1851564833425,-133.9128552431868,-5289.5431999297725,31.784239356003862,108.54161480492735,148.55841004004537,-114.275690210876,-183.60119765983853,64.37910746776629,8.156943259406727,-0.3848278175712385,-180.74416865268648,13.514378827653497,5.976173320844065,-89.80546800346353,-139.120167830267,-25.249049305623192,113.04471313913905,-75.62035918448345,122.84610908699301,-105.67674306915266,45.55431925863535,-3148.1522738115036,-55.307384916812836,142.94973823554824,-87.22852920716029
49.51276793120965,-298.4726285991182,104.06380165281124,193.96434035864812,18.61830652643394,49.73405758852519,209.08841510581922,229.57623230873585,59.499495691945896,210.50606651038086,12.961939787396068,244.78581018718822,215.77146676771306,-9.057550918410328,204.43510390356985,23.679691227729702,181.55500378334662,87.55171445306101,59.2132982557753,221.1750370743405,11.54536972611018,27.280277228004053,171.52363379798615,96.37123033520962,81.76184649632287,-107.84495192126101,-16.038956398549743,121.28119448220721,0.42537294638080414,14.82066298194232,3.398490890673571,13.598900416890416,104.65630347763388,12.295822559478756,45.513202879420334,-77.77379786465227,40.99473455586943,-493.75093966615685,-4.7818944251821165,-166.94777030510286,37.07283144775991,-55.701233946144754,94.02147734847247,8.207806064909533,-2676.8001246751182,7.914400094490162,22.185076952366536,5.893656406912078,-116.46499927179107,-69.03508437183805,63.599302377352416,121.99264543206826,170.20548277875085,53.438654856451905,185.89161524276167,10.03926202846256,6.398042699586227,14.802441376423445,-686.350866966456
48.62185559829664,15.723425905083227,57.878081941681565,6.7517920444552235,-193.22845713200047,53.27683664006168,4.157834892633227,-225.21753370108124,-8.291028358547115,-225.12342751300622,-34.55020181606789,-89.47628191555616,-52.45113051368593,1.3235096581107741,-39.974868081921834,9.912975720928907,36.665108587055336,-52.30046800905915,-241.75917586197465,69.77721193848062,-509.20121337399587,-214.8160171884545,-404.4837493126083,-73.61782351747352,-281.73901791751246,-46.46416142429802,-504.5248353726047,-49.393785625518596,-21.3701749681536,20.231723625225648,-3315.6628952819146,20.083042310987828,-93.18262423990261,-73.45605291421201,-55.56678655984273,-44.38322015657263,-109.11009640934951,-12.13018246972023,-425.84465609818756,-523.5402891837109,-60.977260215225435,-19.276961516092335,13.889611147622086,-1127.7712418973106,-16.98168123508048,-253.5699237336375,-359.36454995646295,-35.70845067810432,12.178110927950692,-49.98380027878783,-332.09708981136214
273.08520533062097,296.8221365499105,228.9148584731067,269.00706017843027,214.20600715918974,289.9488655229127,216.17109973949908,235.9165976078859,205.47770881292007,258.8713179784738,302.25236805370355,146.76075855217704,263.48040603775576,284.8020906292861,240.72959605737398,223.1079131803037,296.23925051336687,202.37248558522032,255.36029887768947,209.54388039372924,166.5191155937994,74.57832587126245,201.92464897681768,304.73164925898004,200.38585493916455,93.23463092091542
-16.61181164091811,-104.42099763658983,-138.33957745871322,-220.31841215549255,-61.90029280341923,-123.68009457050108,-99.87691840587401,-121.63684955516077,-47.13471334294115,-58.711404087903524,-46.3348291836736,-17.175317020108526,-58.04523834594669,-6.516013728174461,-113.71900130779225,-39.36988034487205,-114.59428474202473,-10.657613233340774,-66.38715426895378,-153.74187550006653,-25.340132083969184,-2238.040764421804,-187.59805273222747,-262.8666094382881,-165.49819589682812,-4879.8112191902765,-5077.691229139284,-20.24514981931809,-549.4146038001611,-119.59571322856688,-241.06839108365313,-804.2621279662683,-35.5311853177709,-17.180550943163713,-23.46141087305806,-173.71648892818237,-49.313348409374946,-5315.679044100347,-87.62161219795944,-132.0071540778711,-177.85336503444458,-135.9510758697417,-61.93156505629809,-86.79166618622337,-227.46417613799537,-179.4380517905786,-551.5378810798487,-3733.3783390502736,-75.05183801397395,-71.12347615041561,-184.00058929761286,-76.12536520537184,-127.50906691013121,-231.48656499238422
-240.31086468414148,-184.71144657313198,-183.80662412319464,-238.74173230726944,-214.8131047226767,-196.7933154390046,-265.4180945301619,-241.0204467276433,-246.7999509234339,-175.18350303130308,-216.28314620800268,-231.6124286503368,-208.95405450270346,-189.43830970218744,-150.52502208557223,-178.89941759587452,-190.37449968917593,-329.98837754968025,-231.0540441558013,-368.6745337929723,-253.54807394196354,-165.1897339300575,-314.5669835005248,-201.57471202972715,-179.64526083531814,-244.37432582016572
-84.11906635266503,-30.426253351059206,-56.58572936812057,-60.315322086534664,-161.7232740894682,11.568374762033772,-71.24038305836521,-102.64029887217062,-72.29189287558616,-12.4584526296871,37.73297537838066,-62.42137895223284,20.39759770119467,-6.820187322416543,-70.47843153952677,-19.076333643352385,-19.8792530149653,-67.3811930236571,-112.87852467188013,-91.17008349642772,-121.56442098403939,-63.071092443117166,22.50465909968038,-63.34809079458178,-373.4034811467026
-203.59689282753496,-231.26117975315768,-261.54665918230376,-232.63713784383575,-288.2917861533115,-263.1226726440443,-259.83172192356693,-270.1274410339697,-255.5517243752047,-246.71498218502032,-302.15447154382224,-213.10040846165478,-269.3176509760124,-261.6614547778313,-207.37458977365944,-226.09196127621001,-252.87218718224952,-232.77441390149332,-236.47099678700354,-273.4982418911774,-311.28578529881906,-287.1774168904648,-270.08432319619396,-242.88104096390774,-322.24396723697873,-422.97196375015983
60.39074260451307,77.33184558608046,58.39961007859665,87.86959201552382,-70.9081550720552,118.1705811665248,-179.30914943955426,166.8157418415736,85.16255122878066,132.4357369587611,83.9085019276332,91.7292855427455,42.884518232248865,49.9727661232987,54.321694978403684,52.29253215352264,153.29651576735486,-19.886822397928277,72.99148494460097,55.75246364333143,-271.8146137112703,-337.8215064111859,175.15373164870252,104.70447665907851,-78.46548256385853,-512.443257029276,121.74349338271132,-93.5230318858392,-563.9205939128209,-629.2950973339789,-1079.996386828699,-69.99040402677059,-264.7804419352818,154.52689105727185,29.75775474550346,28.226161305684947,-40.232797815675255,-15.346083033115978,-144.61649574150573,-1476.989315061735,-56.108367483583606,-151.9623266336484,133.0335324452113,-120.42831426023207,-932.7104787645453,136.3437188313197,-1001.9973865506449,-2.764677698831653,-979.9428606149968,-71.49727695725444,44.2156286649265,77.09735995985976,100.07846957900038,132.98946315505017,-0.5458459629662715,-920.0802155144879
64.01991764473516,21.333993371328887,-329.9769279811442,32.86099665642561,-56.64869438733129,-76.79697589577884,65.09010828037592,37.16113978877567,-47.73840676450325,16.203558006265865,-126.64292732150332,65.83831886075515,32.883758543030325,-13.481392167595716,-37.91447125762332,-33.94997780052634,48.858279814754695,-11.110335705466953,-334.6880102829598,52.059634526565986,-68.1586403294348,-9.903323392383557,-22.055720076066592,41.457809811341775,15.970802353200467
94.38180073823685,54.377442158359045,36.25838433802768,82.5066674174674,25.54598760614375,66.22321368064208,47.993526052397605,-4.975813562442783,84.05348546482186,57.5495651652533,28.711857891977665,-11.796611967124088,85.00087501304428,45.29093554325722,41.7958231940362,104.65436622070469,62.36080890380312,-8.878484408351548,29.90287987256364,51.11871778034543,53.59641592847096,43.63430249149009,-82.30990659419994,-1528.0696510758448,27.754294087041565
-15.684302596369218,-172.23686317654366,-361.1007793439642,-250.50147494134225,-214.55119115325553,-57.414316443720296,-221.45115176064152,-196.11383383405357,-164.92150286345978,-15.27905776909871,11.802616806706954,-164.23755719039897,-207.83942035427938,-176.72475061448168,-214.00861172214056,-178.34995743577107,-182.22890528606203,-206.27051098894904,-417.15555555632295,-45.21347835473104,-222.78728212637904,-255.2655507172336,-159.95401096497878,-252.0769422557823,-479.6663248818306,-550.9117800179129,-331.76895072869337,-478.13591602257765,-225.70161442814188,-286.60958202825157,-185.84247877738417,-242.13403509440653,-173.09029255176367,-172.39767546862785,-465.3152766202227,-206.1952726562083,-226.44687263020788,-337.4783375542549,-213.00161609533538,-220.7665096508234
207.4304957067918,194.00755576550475,153.28987195009853,180.5510676540991,145.67959045371703,230.55326485755833,217.82265496399233,192.01528027822243,205.09269826247802,205.25974913855063,232.4197660949405,185.14764450227398,235.5344878180742,135.93844027901963,211.50170421291588,94.86276963375298,215.328964091311,109.56889556505239,178.13184348348042,224.712430515033,-24.141551817182066,-1091.2396896642774,-13.952152158625271,26.17359789958891,-29.488511777625266,90.37352705251878,89.9078490089717,-114.40556588035224,71.32913302985007,81.84505082015261,-53.92135619180291,-49.929841282023254,180.72392511373366,188.19696310657056,-28.072142727015038,108.21234006859349,164.00306785764153,-22.96072051014608,235.93344923323932,105.8119655537278
-146.42865756136388,-126.47227384775528,-146.411348139067,-195.942533453644,-100.0571867052787,-217.58286249966756,-145.46622079202155,-334.120042329773,-135.44594756696608,-142.97323876333053,-114.61903687150641,-204.19816315283816,-157.95106959775046,-307.70633173559577,-253.52180433844,-130.7452996014506,-263.9244742450562,-159.70764253748882,-101.32036682862145,-151.13497181484752,-116.61574086990254,-1832.7547017098477,-275.40417433909886,-126.5387790621748,-205.6196355396475,-571.7880411205139,-504.7349487632737,-703.6128185567776,-1114.993239885315,-223.96868736205806,-162.40449816156462,-109.15740605667742,-233.69081362021,-114.93682631874043,-108.74326314253909,-183.48236647919828,-950.5023213928604,-2095.060915429145,-134.83197249478025,-120.09821756848731,-862.4340701160278,-114.45743507029363,-109.70724469437727,-377.04792257570205,-240.1472113945021,-71129.05003977394,-952.4892649707641,-1362041.2377600726,-114.86443946480767,-95.29262511421672,-158.90341120532145
-212.43398778595522,-96.89279388434157,-151.399872099762,-102.56271141044873,-138.0356838261868,-148.75392176359134,-97.70595132787928,-187.9793589384915,-146.52392324155747,-151.4297868307008,-153.55485366755923,-260.86637613491473,-122.05191088425502,-115.13715059845484,-1029.7214747207413,-156.77944590292694,-149.76515094583422,-108.5801120097535,-156.2334752056633,-142.51352472295324,-114.46333562276826,-463.3738997024124,-217.7483070801932,-171.97111145846932,-285.2542625017755,-175.89171060688136
363.2785358108377,420.7300327628669,357.74064123180875,381.8305628388335,429.4099167917208,382.1312153148516,276.9320590245044,418.55645167513796,359.9038999907935,400.6068363777886,515.0649761552972,391.4452157808752,507.6048134728386,322.7471270127135,367.89955086704873,500.9752837554603,508.95579520287504,396.5680132509879,418.2601369241071,482.8723836131445,150.8851895845729,137.47791279594833,-4724.650931333628,-3254.0211668094707,277.21280469595524,-4479.440521961631,-5003.592494869459,-4388.1403621039935,189.19741888042125,335.3056149821933,503.14704461047006,367.0938289372767,276.05359735329705,331.14553911292757,-3171.699265078816,278.9746171323205,174.19327762199617,-2046.7037144965145,-3765.1161946365173,-57016.12208016711,261.5079845808069,215.72735533142998,-2393.5997415887687,437.04396680510183,380.7252677806006,16.964794416451408,271.5324925362803,205.44077298215427,-1606.6067057750554,210.7244550871402,263.52527072955866,260.414133795193,-1845.4922147833643,-37.35965022106604
16.01708637702039,-105.39424857405993,-24.05323467742561,1.5989026535362862,-61.70039071256049,8.603959389335618,6.302329132809125,-38.948909588798465,-60.330467434240454,-20.62584777237113,-11.889523875700487,-42.772472546062104,-86.58993246418191,-169.74609359705204,-71.34620759026585,-53.73279711801103,-201.10511609066685,-15.905132409070589,-4.193532816856073,-152.26208307461917,-174.94719607754035,-79.09045055270067,-130.33001992924397,-40.58881801262128,-30.44908106953545,-50.50069197870629,-114.07037439042446,-90.94114356679324,-140.32527839602272,-56.89116466218348,-22.361469280871628,-71.77025059478302,-46.179394181305376,-115.01792918366112,-120.33767048017904,-21.78667532382394,-174.03488886697758,-94.61990970810137,-35.86149856669828,-2064.4512358204047,-120.7448315205138,-82.75589616552458,-88.07515692107711,-101.4731709199034,-54.96832516685515,-100.63931322462025,-71.73939279392232,-69.40682713801294,-59.18089515886941,-231.07168370552716,-130.69435219438327,-15.028900564768886,-97.4785747011152,-80.98134766862825,-68.30828206055693,-43.80425721073373
-165.5437896494258,-134.7204794856938,-326.9465621914349,-204.41698464098295,-227.64637916759366,71.9075239546175,47.639369950756375,-296.57609670526415,32.296096037967075,40.82133244881261,-18.908850290307598,-183.81249311600155,-389.1800013368384,-296.72860465711346,-3.787658560399721,-70.99092760139756,-139.74588661512476,39.57532648060733,34.538193825817146,97.19300769909314,73.68079610401328,86.83403904466395,-382.98126479523313,-262.6272050781066,-261.90970226841887,-209.27051737557545,-269.2044563171479,8.718878098642746,-82.4471220101011,-453.83043354975104,-405.4852114763183,-295.672619137015,-84.45158385271928,-167.249184090628,-135.69212745012624,-404.17268731784094,-187.540868834774,-54.096245130848544,-365.1177109030293,-198.60151424698407,-180.18503827329326,-16.003898813917473,-48.51879587823787,-110.52921129961463,-202.28472116259846,-212.75399496718674,-315.17503917009594,-228.32661920319313,-196.96740979285178,-342.10138578393054,-275.5756496861585,14.78372154962126,-584.7047513388187,-386.7128516499668,-282.761515996918,-198.74214953439528,27.523101702691932,-157.60587156147508,-4447.898056657239,-414.69321786517577,-265.0277887403289,-164.89424420514106,-20.577844264834127,-191.87998320461648,-86.3458740591784
187.47208124345477,-19.808385789931403,174.09843546098406,186.79351049607928,114.77539839611843,116.0633664411708,135.96348509631395,-4.786257684767828,202.12873846238787,163.4478378886574,197.14894264419587,204.8395798326074,148.75149895827877,195.54137116892713,153.82478338426287,116.19633117871133,110.16622453874285,185.82590295303913,177.188339292466,65.29386532030101,177.15018469041522,167.8555425409914,119.90568885403998,148.57078558424297,42.21900053176536,177.51641950188701,41.803945773352226,166.15701204484637,146.66842752641375,76.97044404843389
285.6023088983739,94.53391868622747,316.05867498860886,125.55680267446873,297.6595192055784,241.57698055381033,315.6777358625505,304.570339508371,269.3677228167816,308.2646487429901,257.47979380140447,187.84695548281442,304.32075149567567,338.1655038073822,331.89006014799367,250.4529612735077,322.7065413668915,182.18399171219343,329.20193035157166,126.46893585850366,47.71349842102972,-56.06443736088554,224.12233001740418,265.5512233826549,188.0488799289032,73.8508448879394,334.88005859406434,136.54437077045,-306.7470144431617,269.6859434288154,133.8877661898896,155.49220497162787,-1164.846275977774,-28.34699409452857,84.32109586335277,25.299650389201947,195.60288676591435,147.77418263711584,52.720583984914946,-149.41403265258563,260.5085337832733,-1072.0137217190393,-18.363108305963447,225.93803150208436,118.2304756270852,245.98163444550477,165.61696329561087,195.38096649201356,-58.92915504424128,-355.0245410519318,285.7950909808441,52.266903901191796,81.58076984436956,131.4450094333544,-56.99597294671492,-171.48076076849688
87.63630721071468,81.09090331865673,64.52504370478937,-4.255128120644714,-69.6781172829846,93.13733432699019,-100.56773377655685,21.369061781845176,176.69514829059202,-19.59749871484155,-250.5508419862212,123.93600065500732,76.13160185794777,211.87435704608518,54.5647710540311,67.14105099207745,63.26891256479803,-99.21048337163433,84.94786831427564,190.84392339130002,-11.33316917444381,51.9895508774739,-204422.90828818493,-22.57464614272385,51.09690800841281,56.97804927898187,-204640.78529505368,38.823035048985275,-96.6783275969405,-198461.5040337129,-205368.36960116538,11.853692674524154,64.13668687996187,-203677.00658090896,-205659.9084659567
