163.6464490935084,105.09471165237868,90.41445874401627,110.64120071129331,163.6461772042394,67.54986105390267,105.09471201000655,88.48247819372712,92.16841919141316,85.35448203215802,163.6462576533183,163.64647963823552,109.39268629745969,163.6464213448644,123.16093191910672,86.69018523933792,77.28976638781333,107.5181115083568,91.79472316036427,107.51811198519395,92.27022310885096,163.64646576420222,94.12557828927635,110.7487705845363,110.32067948906537,96.00971749494197,98.9078579253924,109.13846189110394,94.12557831907867,163.64614945675032,78.66622361071782,163.64602738643782,92.64970320442019,110.58120029167661,98.99380272696139,163.6462992749369,105.65754433800713,93.25651623660026,163.6427355399613,105.65754481484429,163.6464282820735,110.74877010769914,163.6460551339269,163.64606900805643,163.64642828188101,163.64675980831282,72.74772415848875,86.30545037964785,111.19440728752728,163.64640747111986,10.73756168948912,34.92811728248798,-45.69473228252567,-83.88358133120036,92.03036807271147
163.64634369369725,70.89062117465453,163.6462327006612,163.6461910785614,84.12535500765459,87.0812629708709,87.79716009621592,90.4485827383873,87.96880723309384,97.56410066890726,163.64627432314597,163.64662665937647,163.64479811620785,102.648414967235,116.7833098112332,80.50950697117166,116.78330838072172,163.6461453151431,90.62504508217314,57.16772555718555,163.64691242277496,105.11140798139581,163.64638251932894,76.35267123539613,87.87796651252226,87.96358962875472,163.64634369379348,101.63809758203831,90.19711129163686,114.53346171409844,107.89464615595635,90.19711128418628,163.6461772042394,120.01243906955763,163.64470284196514,163.6465434151769,85.01852859330045,88.33380160083146,163.6459330636144,163.64654621183746,81.71919704844693,76.91397104092555,163.64636864510322,95.64888164508352,163.6445706875738,163.64628819727545,78.30932570596309,77.94981133524941,86.4085659866509,57.16772555718555,73.65541978791968,-378.4252958376449,50.32096236624436,19.65214062829585,80.8855694976923
163.6462992745519,85.6926148079377,99.19446965391282,85.40068097098711,163.64631314897014,86.23980695533814,90.91204918473865,163.64459772321175,86.70058146162204,163.64623963806275,163.64602738643782,79.4408285349598,84.00388640223983,163.64477643686817,163.6465434151769,87.78525014451019,163.64472774624693,163.6462992745519,99.19447001154069,90.61218528747465,163.64477763545509,113.45158245840592,113.4515815047316,163.6464074718898,84.30854128173533,109.6933806363733,89.2356758782366,98.5294643678589,92.0505590356877,95.7481530230689,116.03767686989967,116.03766161111061,93.75543477350949,163.6464213448644,163.64452721142567,83.42461220776907,163.6463242290376,163.6461772042394,81.46717637354753,163.64403354537163,86.27839431970361,163.64614666374695,85.71537903382423,88.41229262912749,89.71892245545033,89.27917758806589,87.92153635400595,163.64452356989236,98.5294643678589,109.69337300697877,7.744765049407103,64.86847566499355,86.68133945821765,-28.872744276386467,90.98537307530547,76.06360283023378,90.82499912761881
163.64629513390707,106.23206887335392,163.6462812597776,60.02307573432738,163.64609675631544,81.60737878267477,163.6463797236308,74.8572422955877,107.02086894931192,163.64663359658556,95.12181566126458,106.23206899256321,91.54739239319471,163.64641720421957,94.02923364035598,93.452951839164,163.64624657488696,163.64665440782795,94.28508924503635,69.56046608097319,91.54739239319471,103.89644973697061,117.72859079395654,90.5543151627929,163.6462812597776,163.6430384145961,92.24771931578229,85.44239007119845,163.64626044901644,117.72859079395654,60.02307573424007,93.96181465868662,163.64617026780024,106.85104732932443,72.63447658398067,73.14861096252511,163.64623270075742,163.64662665976147,80.35745902319837,78.18694030593548,163.64644215629926,81.5686971597134,67.6952561239547,163.64619107836893,76.17544831077186,163.64636864519946,82.47680494858166,83.97442023053979,91.0940304826648,72.19042286011295,80.40848480554511,78.07911112678636,66.39859781182454,-943.0163930635565,72.46122978075806
92.29873392538266,91.97898927536947,88.41021854446862,163.64647963823552,116.77907546031621,163.6467695414126,94.75269988385183,163.64637278671046,163.64622576354833,163.64645882737807,72.8511628664693,94.88057721612198,163.6462992749369,100.73190770323843,163.64672938103655,163.6460551339269,103.69238080700663,116.23311630051903,163.64613837851147,163.64653927491707,163.6461522525447,89.21639532801849,163.64635477106992,112.45215470123857,78.19672545489279,84.86258875807788,163.64672377886052,87.06122656954493,163.64602738643782,81.11525796611217,83.26324618073535,163.64621882662794,112.45215422440141,72.0542052777147,116.77907546031621,163.64635343093562,163.6466682823425,91.29443349545862,116.23311630051903,74.62634676178958,100.73190764363379,90.6553993937191,163.64325188633785,89.92569468958344,92.68355423228476,163.64635756792302,103.69238080700663,163.6462992745519,82.42615545184944,163.64606207113604,-0.5021654588404263,83.79598595133406,88.41837829580571,73.10744827656116,-31.847518536016526,50.65092134826239,63.81967117242869,58.101688748936915
100.47029040837808,163.64298406897396,89.40265648410443,163.6445430821362,75.45091930709616,49.23625652613225,80.91761459146396,163.6462257633558,63.69309967031619,74.7297298546578,74.27043638487116,163.646347833957,105.41759328477922,163.6462992745519,163.64636864519946,82.14474494170314,86.34714774347678,82.03538675673222,79.65724672672108,83.7608525029181,94.46783145860556,87.99727166552798,78.3779201261968,88.33305462092862,163.64477181258695,163.64605099357084,163.646302071405,163.6465295415286,95.84911308035973,163.6465045891602,108.3325585298124,78.3779201261968,57.494383344227,108.33255185409219,163.64656422651552,107.70159667389403,87.72460897654996,163.64672377924546,107.70159679310332,163.6461772042394,163.6464518898802,76.71788454223262,163.64650458964144,91.41213884548071,75.33282001290387,163.6466234794762,163.646156393767,79.16929038122213,87.90081493675545,85.32069846641109,96.90330448345068,22.483088787961556,87.16403877574787,-377.0360486647075,43.869986014895744,-101.96931476596042,84.98566862025068
88.52684900685662,102.91662006182578,163.64473165967817,71.77863353216178,70.5629359796595,91.78095656223113,102.91662000222114,163.64483534380264,82.40781746716327,49.92775126907419,88.70018529814583,163.64639639297718,163.64647963823552,85.95144216266375,96.15537311059337,163.64619107836893,89.71566586172627,163.6464907152232,163.64658089730563,96.59672191715286,91.80487359463686,87.16545689896026,95.56710719497464,163.6463894557681,163.646382518944,163.6460828821859,163.6461286460854,163.64613144159108,91.0068047340911,77.34775282777363,92.92076106041947,88.84099466533921,97.15538991218851,88.30115386805946,90.4445626956825,163.6464449528636,163.6462077492552,93.24691174359582,163.64614251963746,163.64623270075742,163.64621603150727,89.20360142596343,163.6461772042394,90.0945916432839,163.6461772042394,91.17304987877884,98.89184821577332,77.48671465970853,163.6462992745519,96.36340940923951,36.47995242274836,95.44557839927178,72.83605850160399,-106.38262738096908,10.880640397298118
106.23945144780792,102.2443519776882,163.6462992745519,106.88979793699689,101.41791969433788,163.64646296725294,115.77611452344634,106.88979698332257,98.28030072048668,115.77611452344634,90.94643822208408,121.83939354196151,121.83938781991561,163.64591918986986,112.68829957178984,163.64667242250601,112.68830052546416,102.99948030606274,163.6465115260806,163.64635477078116,163.64367422417487,102.24435203729284,163.64613837812647,84.83475501607494,106.1786425281413,97.95463552098111,106.2394504941336,94.89218800892375,104.55702482717803,92.75997059052348,163.64665161174486,163.6463797236308,163.6461772042394,88.87243628195448,98.91375414430897,163.6463270228109,99.07775104939739,163.6462992745519,98.18937863927952,104.78578277119473,82.08186400686644,163.6461772042394,92.7949139797709,106.10400070437268,99.7568986583598,94.43105950488192,97.18102904926387,94.01994735896389,163.64659891169492,104.5570250655966,93.49295361236099,-297.6185132358713,-4911.138401288489,52.76963864820769,90.82945123596531
163.64630621166475,85.06515199384178,65.95944855605012,111.26692030653213,108.7784370578132,163.64619107836893,104.2221706201879,163.6464213448644,92.06499949589168,163.64631314868143,163.6464213448644,163.6462992745519,97.6172432799617,163.6465434151769,163.64502982107916,111.26692030653213,56.50348356961149,163.6464213448644,163.6443806178604,163.64631314868143,95.0270703825337,84.85108510338648,106.42127007247556,104.22217038176932,163.6464907158969,96.49608420514448,98.78937585085454,95.44716262006148,95.11310553484543,108.86485607997922,163.64634089694044,108.86485607997922,100.44338637591947,55.94858071829185,99.33807856336033,106.76695240377781,100.7833670724908,102.6040084305388,104.2294965982591,106.0826112628137,102.8123889763633,89.7119814225374,85.06515199011649,102.97118714359118,96.86593587130132,108.7784370578132,163.64635197882296,96.43183981805863,95.54774872147425,163.6460245930495,70.69249754126527,28.634817778704182,27.18747176444247,26.578684550613588,27.245728653248243,28.87181406726102,14.73653841600406
107.11701847532684,163.6462576537033,81.20264582456663,163.6460551339269,87.94279381008461,93.63307790026195,87.99083716635724,83.85349858765622,112.06210759870775,163.6461772042394,107.11701990583832,107.05644430765959,99.06435404031525,99.0474053074721,47.11262661702919,107.05644478449675,163.64642828236225,163.6464213448644,79.25776821309343,85.31017121513948,87.79609213424489,89.30092352378404,47.11262661702919,95.46760610217723,96.76335896278295,80.09877342457446,96.87305147695577,163.6463270228109,71.65867262826875,163.64635477106992,77.28760571339741,97.94835383916768,82.9281311149629,163.64626044901644,92.59107858901044,92.42969680418392,84.67608632546981,102.31987567332422,102.69135512498056,163.64616333078362,92.78824712807807,163.64620215834015,93.29761722770368,93.63307788536079,163.64628125997007,112.0621071218706,99.06436929910431,98.22883533027803,94.08429806706627,88.35243074437246,54.83097323245442,44.095211891825485,81.80825594188288,-75.14986994105796,53.9556172533398
113.73806574681949,116.09981236923129,50.43485775552523,163.6461494569428,99.92905680025532,163.64608981920253,70.16485436233324,75.24882033908209,88.98274631457491,163.64667242260225,87.73021573232575,102.9491401193915,65.82979773964598,163.64459358705682,116.09981046188265,163.6464241417175,90.8984283723922,163.6461633305911,70.12833088754542,50.43485861546269,163.64664053360224,97.2963185723321,75.24882033908209,79.97940767192803,100.72439429844334,163.6466654854894,163.64492016807054,59.7045918285321,111.59126259341134,111.59126211657419,52.724426462869715,79.84111364963054,163.64644909321964,163.64602738643782,100.8080566742511,163.64443843433455,60.08170722691382,70.8760623970028,104.84422557337862,105.07242827399355,97.8091445931287,80.50381275438293,163.6462715272553,79.79274295419044,75.04581084623523,113.73806193212222,67.99106989996098,163.6461772042394,80.50538394841887,163.64612170926125,79.22419972098022,70.16761066098287,26.017536217668653,-236.86581965820685,73.38419536603205,46.696545977001634
163.64495923752293,87.63484273210311,86.79228082031155,69.30350642634212,163.64640747111986,163.64680982722803,73.55453391892958,80.78461260402698,82.13728901121422,163.64344255638602,83.64166698007035,163.64619107836893,163.64655728930643,163.6449825575014,163.6462604488239,85.65232761772923,90.11761590662054,163.64652954181736,85.97341794015962,163.64625765351082,163.6460551339269,163.6464213448644,82.25381143001496,163.64615639395942,75.3214471065702,83.04439556488424,163.64614945675032,163.6460343233582,88.30724603506378,82.67440438812255,87.2568605080941,95.84082692762766,85.31165737018132,163.64628819698675,87.2568605080941,163.64651566778406,163.64643801575073,78.69768320845097,84.70743272973347,163.64619801538555,80.33752084692597,163.6464213448644,163.6461772042394,101.35613246703137,79.05404886958777,83.38021608750924,163.6464352191864,79.84446523299563,88.08635729283237,163.6465434154656,70.58547989383484,68.12458422352793,77.54011676583106,48.917371813036794,82.7178097100149
71.49774786026069,85.7384672410976,163.64635477087745,163.6445137942747,90.31683066712728,163.6462992745519,80.10059106756785,94.2391028771068,163.64670710787794,163.6462992748406,163.6444313376132,77.01973775856399,163.64617720539434,163.64635756792302,163.64631314868143,76.35300712766163,82.5628857806962,93.34664691382174,100.7688169223088,82.09622957079524,82.08599387756215,89.85845352934709,76.49798881131927,163.6425758354138,79.31040531253637,84.27674188126662,80.0969496294357,99.4129443508565,102.37130341351205,84.9583914292682,163.64642828216978,94.23910240026964,69.20258730218598,74.05364139512778,163.64459419604208,78.48340726919139,163.64616333049486,77.98827533971466,92.33199253075843,78.42914311100114,94.2306466191364,75.91361016821713,77.98827533971466,75.57760422764943,163.64622990582922,81.87766900281088,83.56080066221432,79.18950970931576,163.64582486781637,81.5080501035493,64.05574892767578,70.75921172667687,67.37777877827891,61.189901278284204,64.90961005727102
163.64623963777404,94.34028363201648,89.07483159959979,84.36266970240543,94.34028360221416,163.64614531533556,163.6461453159131,163.64646576400975,163.64651846377097,163.64642134544187,82.87768060848327,163.64661278582446,82.05831825804928,163.6462992745519,79.94994169198527,91.85291197752585,89.6910622635278,78.89903202564075,163.64631314868143,77.82598061047572,163.6462992745519,163.6461355830058,163.64633395982753,83.42174529195383,100.69193388058598,163.64617720539434,81.8221543487589,163.64650458935273,163.64630621176104,163.6460551339269,163.64676260429968,75.75865804430175,90.14313701335705,82.70951970692802,82.5301828956625,88.83157036410617,100.69193399979527,163.64618279938924,89.3329154395851,84.84294337246645,83.25144225105721,163.64679181822873,89.07483158469863,83.01058770347937,91.85291194772353,91.65919241247501,84.12777538344342,163.64631874411998,76.84995285891547,163.64652540049883,53.65484786876097,-3865.8112010942377,65.44891304817116,28.355570624625233,60.77959938910409,76.4267577566634,85.1090814456903
116.84605419763717,163.6462049524984,163.6461910785614,89.26480978559732,163.6465434151769,84.0815659438184,163.64619107836893,163.64666548597063,100.52081251879386,163.64599270164342,72.30261279204102,163.64628540080736,163.64635891258092,163.6462049524984,163.64675566728306,163.6443491799089,163.646550352771,163.6443441550065,163.64632702290714,163.6462992745519,113.37049378953766,75.6649464640043,86.25789534218826,82.57736824014397,163.6465434151769,163.6462992745519,100.19283220906905,84.65095194735737,101.56258863945655,104.05401975651435,72.60802536112429,80.69978361697109,163.64458710460764,89.26480978559732,63.946518525888095,163.64624377957375,163.6461355830058,105.7403988315647,163.6460135126933,83.22757666796856,113.37049426637482,113.32589127988014,84.92238350519152,90.62024380215993,163.64612450457446,113.32589151829872,116.84605419763717,84.2200908505282,76.52845078454526,83.22757666610592,73.29480544039221,-43.64890190381527,83.41636703563096,69.04165208205991,62.696031944166734,80.77539042224349
163.64653233790045,163.64627152706282,163.6465850375654,74.91702092215255,84.67263469500858,163.64647270170008,163.6430676301408,89.26864391850935,88.00125763090229,163.6461772045281,163.6463963931697,73.30063976738829,65.90251791065377,163.64462222491002,163.64672377886052,78.69935244957735,81.75944833635396,163.6461772042394,163.64660170854802,163.64621882662794,94.84028519243583,88.61705146196987,87.98126506238287,163.6462992745519,97.93478246015593,163.64641026710672,94.66576256408399,90.6924678425155,98.92619363200947,112.33008932698625,89.86033194403602,99.49641350548221,163.64635197614172,163.64621882633918,163.64624657479067,119.73473108186629,163.64616612696295,163.64608288208967,100.33751177250575,119.73472917451765,163.64635756792302,112.3300888501491,91.89542573677387,98.33712332033136,92.12701318218416,69.92051412807601,94.46790283332612,82.93739619313928,95.96266107864409,163.64629233772774,-630.8709865421262,101.10021275489758,-43.6492989670162,52.55650947134449,-940.0766715194707
72.78968042598011,74.81584378282444,163.64669189226663,77.4503941111909,71.27772804824075,58.66365109339033,58.66365109339033,163.64612450457446,90.29762424665732,77.82245277485234,77.4572479786573,163.6464241413325,70.45663538353872,77.31284656852839,163.64611342758673,75.04957336347455,77.81568929820676,163.6464033300901,76.5079221991766,61.48827389042729,163.64496833099483,163.64681396257913,163.64459217564206,163.6463894561531,163.64614251963746,77.40156585755197,163.64684038061768,163.6464172044121,85.02572795591418,163.64644775164163,90.80667255289022,77.39082415399047,163.64656982195413,95.678752204693,79.26388715690771,79.26388715551073,163.64668775691553,57.00764950466712,61.83131899181192,75.05612264212576,163.6462604485352,43.50470365432446,59.507993173640195,163.6464213448644,74.13138586314766,75.18770368091667,98.93708592382684,74.37458571544288,98.93708592382684,76.37626132692115,-2930.300008853461,-47.54799822580598,58.34963771265841,-61.701836957248105,46.51440870919103
163.64653927491707,163.64605513440813,111.11724116357935,163.64453551204105,163.64615639376694,80.53892091586876,90.86348227895486,70.99208778642812,110.54805559818926,110.42586130667213,110.4258593993235,97.95296950985507,110.54805369084063,83.10930469743597,71.07290642416798,163.64433677970663,95.94587922443465,163.6461772042394,98.05295160760001,163.6461772042394,107.83941437146002,107.83941437146002,83.847077480644,84.18657597260179,80.36161968217792,163.6464518899765,163.646306211761,69.52072913771124,163.6463270228109,82.28450787219779,163.6463408973254,77.49438106467576,84.38474047103526,111.11724164041651,163.6465434151769,163.64610783551672,163.6464907158969,93.31488063836954,90.55141151527947,163.6462992745519,92.21400386671608,99.82446800003832,87.46998280192292,80.85248544345163,91.57293888459466,163.6462992745519,73.40256199299918,98.20193658600634,163.6462923376315,94.89737771729492,82.21232069482656,-390.0129833820872,62.1197115393691,71.2509162362634,-5.61095399629695,85.54466747458653,-69.1776970744164
96.52904157966996,163.6464213448644,163.64644495267112,163.6467556667056,82.78345445458854,103.23266213268663,163.64644495305612,99.99190186018785,87.41522198551411,115.88177676970996,115.88183017547168,86.96529694561923,74.14320919950569,163.64627152715912,60.97123037179267,95.69891599013671,163.64624657488696,105.43999861926953,60.97123037179267,103.34253360516753,163.6462049524984,101.39385347122987,97.01772649771895,163.64636864519946,109.07036637515942,103.23261967487063,93.51524238474097,163.64613837860145,163.6464213448644,103.15633716315652,103.6034902650806,75.2925877292555,95.69891600503787,80.24353835553939,72.6108681116517,72.61086811235019,163.64616612648172,163.6445286376124,163.6461800007075,163.64639359737532,105.88055727030955,83.7049266445365,94.7954578032597,163.64640053458447,163.6465434151769,163.6466682823425,163.64484739151843,103.46818029136578,105.88055727030955,163.6462992745519,17.220522898856107,8.547065326903212,10.501045501251756,11.861981315719422,23.293568535320198
107.97803568122367,123.02536321575359,99.57935043330919,78.11071066724391,107.39130251882057,163.64639359814527,163.64680142993143,114.62880353564661,163.64283663945918,163.6461772042394,114.62880401248377,163.64645603014003,163.64608288199344,163.6461772042394,89.2768231556921,115.44012603693012,117.60076133374075,163.64634089694044,163.6461772042394,163.64642828188101,163.6467875558019,163.64663773800032,117.71327147489633,163.64665161174486,120.14071329203755,109.39046059205982,95.29973682343582,102.91320877685433,163.6465434151769,110.96632549154059,89.93201052352408,103.074805252528,88.89663406099963,123.0253641694279,92.0715851928256,105.19111756637547,99.42249488112907,92.66660135194282,99.57935049291383,120.14074380961567,91.3435411640613,91.37157520290303,90.97559404328088,80.42142459332565,163.6462992745519,163.6444014245853,102.91320973052865,110.96632549154059,163.6461355830058,109.64824096515629,-1635.1921152847049,66.98594244208026,67.11000388070563,58.41379523604731,94.84383875086526,38.096084200411845,-775.7373562936832,60.17243416618394
163.6462923381127,104.69552478593077,163.6462257636445,111.478467261355,163.64652954172112,163.6460551339269,87.74945657372675,102.25960611205782,78.8714218305573,110.05101615310348,120.89382593394582,163.6459608118734,163.64633395963506,100.65120436166681,163.6461980157705,112.33579367519057,120.89378015757863,163.6464907162819,127.88560571243941,68.61695605638997,163.64621882643542,163.64652954143236,98.37420699417791,163.6444510980976,163.64616333049486,104.97806066394485,95.62656960308752,163.6462784639832,100.37234919190607,111.47848252014406,163.64640747140862,85.64180942330808,123.93521540793161,95.85083213865957,92.0130780379125,163.6466516118411,163.64660170854802,85.21035543348938,82.34251521420032,83.62257808152884,89.51184644628614,96.98580050867285,127.88560571243941,163.64643521899393,163.6464213448644,163.6464213448644,90.67706773322374,100.65120442127146,100.32071000009975,74.24260655869097,65.91569870043844,32.57227991786152,-389.6583901342787,-56.582637365644324,52.21642868136324,-87.92192919068908,-7.527005289827283,-205.47365767574325,-335.19568706597835,-222.96325517181012,-20.301336021308597,-40.89817376170009,30.836145907934764,-209.24701785590204,-90.89941949743543,-72.26153520139306,18.737333760425457,22.17670769695491,-159.53781651440713,31.180102961923186,-88.38794815648049,-193.51016290034804,64.15161286931783,39.46488128308505
33.9854770036362,163.64501192826592,163.64623549818793,78.18746420038718,95.90273013680836,76.22502906779613,163.646343693986,163.64653233761175,97.95618642509797,163.64640333028262,95.9027301219072,76.51009212546836,72.34946041759889,163.64648657602208,163.64644775164163,77.96366164037812,77.51761127128341,163.64628685887362,163.64643801584697,163.64665307019612,75.02535083754995,72.91610726881848,163.64492858706495,31.00121682980157,55.50281971339921,163.64362162284172,163.6465045894489,53.16983030787745,76.17238145806681,163.64638251875147,163.64651846328974,69.60307272085996,163.64642000299762,77.80309189409803,73.50782528827042,66.72272895204617,41.228091715197344,75.82200128488097,163.6463825188477,98.17419790864804,163.64662665937647,163.64621188951503,163.64670856883168,77.102101463639,39.78601766408051,59.69885101770836,163.645407471967,101.37168599149639,163.64661558296626,94.43942798317292,-59.75867696180155,78.21546515422727,2.902743643887655,-80.86354315290068,66.11094776829094,-111.45017359760062,72.51019972232956
163.6464865754446,163.64647684109366,79.04408029960398,163.64663359687432,89.73870393250975,102.94083830996895,103.97518791713885,101.50159811381064,75.51984190689329,87.75144651344776,77.8132277464487,163.64603711934512,100.16354712534535,163.64621882662794,163.64626044901644,163.64494192700886,72.80453722532768,89.14335517574939,81.0124691825353,163.6461841425069,163.64617026751148,89.24323381296158,88.06176541558266,65.09631669752427,83.32365411454741,163.64635731784276,80.05327497039828,102.94083825036431,78.75667934863024,101.50159835222922,84.05491093760286,91.04911851695537,100.16354712534462,163.6464074718898,163.64652260451197,163.64637558173484,163.64614251992623,80.09616463489958,35.95787311443661,43.60951206864871,76.87100032744858,77.58883148226816,88.36121424277219,163.64637972353455,78.40972363714256,163.6449354075148,103.97518696346454,163.64670296800307,76.01442098040063,90.60641688470635,81.35059589518362,-0.5170517726335788,75.16437585976102,80.704149921873,53.11534131450108,64.26300163556728
91.81669439599925,96.01112272656961,163.64653099988362,108.78650432516908,104.74434407880858,113.28497158669622,163.6462049524984,163.64627432256844,91.81669438854867,94.88414680070916,163.6461772042394,163.64617026751148,163.64615639405565,97.02707978404565,163.64638945634556,163.64674873026644,163.64618000089996,163.6462992745519,99.34193863786264,163.646306211761,163.64652954143236,163.64651846357845,163.6464699043658,60.35183060697126,81.02927789713102,97.65129133172074,163.6461772042394,78.06310954286563,89.0437524850157,75.30482088045063,163.64640747150486,95.30656211681405,93.44903557605782,80.37889670782569,113.28497110985906,163.6462992745519,80.7565733833875,71.9390255042057,80.33564158188355,78.47306498668003,79.80664980334076,77.70731504463437,79.81568156735224,81.98798886413248,163.6461772042394,83.03654316642168,163.6462992749369,89.57917250419528,91.9055383830008,90.16239303635926,91.20771523423234,27.524759112918098,-792.5185806926635,74.25828095438452,76.44380897066402,83.26861341769369
163.64521524560416,163.64625351190358,93.34266037868606,163.6444614095139,79.67069060313172,105.75701712430975,163.64631314858514,106.58969475932564,163.64643521899393,163.6464005342957,163.6465739601927,163.64650045024786,93.34266037868606,163.64633395992377,98.23489265111101,52.6716265332816,105.11761806203437,93.21184611162516,90.68863699836419,77.09626634609542,93.06769360108063,163.64616333049486,163.6461772042394,77.19356391070998,163.64615225273718,78.66420915540895,78.42631046105764,93.74549550814316,163.64634089694044,52.67162653327432,105.11761806203437,163.64651152636935,163.6462673858406,99.7276571489471,163.64645603033256,163.64655728930643,163.6462604488239,105.75701712430975,86.59506292892382,104.50156015139062,106.58969475932564,163.64628540080736,77.98046709415159,163.6463797236308,104.50156015139062,93.21184614142749,163.6461702678002,163.64661972274484,163.64653233790045,163.64655728930643,-14.757881541227635,0.1932758591569108,-22.359146756401806,53.218858127753265,-91.33620393282581,-184.896314096337,-5.199889302581429,-94.99670481714594,-7.245071248108234,34.240730703385836
97.1177442969745,163.64636170770154,79.2454003072918,80.0874513677477,76.55588858335841,163.64654621203,163.6462992745519,84.47898541198674,163.64265693714387,98.14539392248135,163.64646576410598,93.34011545449195,163.64665440821295,93.50311729330475,163.64641026749172,84.14978255383825,91.05955564275084,79.17180955497179,163.64651846338597,163.64632702300338,163.6461772042394,82.14250012153109,84.6114994589575,163.64640333028257,163.64656008606323,81.36863477301007,98.63195524110968,90.18544385813144,82.46432660572385,163.6460551339269,163.64666694461442,163.6465281989881,85.39013053901648,70.63558578950915,100.19025651596453,81.9428733722881,79.42008038976792,163.6464213448644,77.9182835206725,90.87227059572635,97.47810184229071,96.01062149137597,90.94692100540142,91.72620777830181,163.64627432314597,86.37768302258259,76.63793218642104,98.631955270912,80.17923800691662,91.48389431480294,89.97557050600803,76.78158314197955,94.6298017282754,77.56301538605398,-2065.68724309659
79.5501318351544,78.59668013092052,89.53763457474032,105.31053996718919,81.37993559148967,99.11092175132124,163.64663359687432,95.04182912460907,90.66840761165987,163.64658089730563,163.64616333049486,163.6462923376315,163.64614945675032,81.37993559242099,163.64630900813285,163.64653793661154,163.64655728959514,163.64334090818798,111.13844628616032,163.6442877090043,112.33863530423677,92.63650078509669,79.38635159853767,107.75301666541752,101.05737245134456,83.17213196766296,85.21696520235311,87.41013640362691,163.6463270228109,107.37800259872135,83.53907302387724,163.64616333039862,86.22311480429688,87.68581478384057,99.58629069660525,163.64630207121246,101.41071835211856,112.33863530423677,92.86596489708792,163.64623549799546,70.23874192584971,163.64657116324338,86.44241099984119,94.69155406390051,91.13629607308577,91.22999843779873,92.8915080503739,82.61812271636644,105.31053996718919,99.11092175132124,57.09133426896675,89.69618078680253,84.38175714296162,89.61563642875025,62.957483850427565,87.2175810692079,85.59041432657013
84.40067350601589,163.6465572894026,79.76572198899109,163.64450088593682,163.6462784639832,163.64636864519946,163.64616333049486,163.6447718894388,163.6460412603749,73.95259276069281,163.64473360635816,163.64638945596056,90.6748914580198,163.64623270046872,163.64603432355074,91.83740411581724,96.9439545820911,86.39520094276983,163.64630207121246,85.93597680533117,99.09021017266588,89.30654547674732,81.6478466272149,90.05195295730252,81.36513382771795,163.64636864471822,85.62899524914081,163.6462992745519,163.64462561321278,106.93446796295565,82.04647583247744,97.90783317698316,163.6461772042394,79.22320813981628,96.94395456718993,89.10196358257551,163.64604126018236,45.96378197333151,163.64659197438954,163.64652954181736,95.91191800994949,89.44445623839255,84.88160167651063,97.82023489358156,163.6465434155619,88.61292703760938,106.93446700928133,84.27443875381704,78.46599648715909,45.963781973335145,81.18105797579324,43.295039801019975,85.87436843586897,77.18230089189296,90.24007207633574
163.6467168421326,105.27137752605255,163.64619107836893,163.6464588268969,163.64374986858692,163.64628125968136,78.38731905012669,163.6462992745519,116.69487916047514,101.86806814530289,83.24544954286235,82.55555999637859,119.85304645430863,116.69486390168608,163.64644909293094,163.64635477087745,163.6461772042394,163.6463658495013,78.63215098935457,70.40427480391504,163.64650458944897,163.64624377995875,83.5123838627273,77.60334377016275,73.93288947628157,101.86806826451217,83.35309145209386,88.46216451172724,72.03677318693153,106.10274269414718,75.37421308025064,83.96642799471512,81.44944568562656,70.90667788347994,83.73926292528405,163.6447061399808,77.28785866389705,46.46031848990198,76.64614151683914,163.6462992749369,75.33630379508527,103.02392425370986,87.73165506293073,70.48846988172605,74.11125199715885,83.6944367167102,85.43028426245793,86.1012070642878,78.94446263215782,87.47179637365981,83.10245908313438,67.9219817980994,80.88888978288517,76.93054704021066,85.63106373493567
163.64650458944897,89.96671332820655,74.40313793624092,75.33542160596903,89.79616973394138,163.6461772042394,89.48505060964806,163.6466654854894,76.34938529134001,79.77010105364229,64.90724344866484,163.6460551339269,163.64659891169492,163.64632702261844,76.08831071512384,163.64616612648172,89.05937232583715,163.64624657450196,97.63121596857859,89.02339970724267,163.6463645051321,163.6463270228109,163.64447017552598,68.82547541364433,90.31950880245847,89.81968781942112,163.6461772042394,88.80369973956944,83.9479036405703,119.87483028988295,76.36297080479767,88.85881884239019,84.00744371582027,163.64518551941757,89.16818901925684,89.99792902389152,163.6448685876945,119.87486080746108,104.96503521097209,163.6467404535005,77.9339987202568,85.74271862814408,163.64628540119236,100.90965569771764,163.646302071405,90.26987113832833,163.6466793598114,87.29528628879768,88.01905913412524,102.04106292880998,-285.5501047965944,14.374629365996395,76.05356306241436,45.84910959220828,4.744936914185252,27.916140745395985
71.97255628660187,95.3712298762019,96.78366871393457,99.13360691479996,109.68464078858014,163.6465434151769,163.6461772042394,163.6460828821859,163.64640747140862,163.6461772042394,105.11482835759851,163.6462992745519,93.22069579312345,66.15675562468223,68.09984279132314,104.99614609231683,103.18413521564737,98.93468098557726,85.74657246134832,163.6464213448644,163.6465156678803,80.41090062443898,89.50875405036362,163.64623684226842,98.78333950223038,163.64429003644014,163.64639639345847,92.45477129928425,96.07150649383183,163.6462992745519,163.64624657488696,163.6462992745519,94.21414312888619,163.6461494566541,80.41090062071369,59.36528976400714,101.25473986734387,106.57224624707814,105.60235219552632,163.6461772046244,163.64664053408347,163.64654341565813,110.12719965924951,100.31205598332768,104.95534585631624,103.80764918244616,74.51540476083156,100.31205598332768,163.64612450409322,99.03931016884401,83.6829132401771,-29.592283712203006,-689.6638763321158,61.320304554299035,96.23350540958002
163.644386917673,163.64635756792302,163.64440031342232,163.64680982693926,96.19744628933985,163.6444955967519,163.64611756707654,85.04790770371932,163.64638531685574,163.64651846377097,87.29635690754678,85.07538353887715,163.6463866603587,83.61112643515251,85.0753835370145,89.16745991629575,87.96345699315447,83.77072321436746,85.85314424923898,163.6466654854894,86.86341904505433,81.99331626032966,163.6461772042394,163.64442275991948,81.88948421179695,163.646302071405,98.69753335610993,87.45289066803669,163.64646017213227,93.3628731183431,163.64623963738904,163.64631314877766,82.11025141737802,163.6461494566541,93.53970650320429,86.39650139707418,96.19744630424101,88.00270123156996,84.21817575703652,57.50500599231277,87.87078754074217,87.29635690754678,94.45411903408383,98.69753335610993,88.8351394794826,88.86661611606854,163.64625351161482,76.74102460778697,86.3727733495766,91.02340145518559,-71.56789538048862,91.62789508697604,93.61063855883692,77.46727188396646,88.61957366112067,81.21294923807771
89.54813995834752,111.05575980656492,84.55808712220912,163.64603018213597,163.6460135126933,75.56185979878983,89.97760623541942,95.17742025217494,163.64622990621422,66.37867749951064,97.53262755868306,163.645260616336,117.97430596753883,76.51720993584703,105.07616596106955,92.89595690479955,163.64611899265657,163.64635756792302,94.12100776505937,117.97430882856177,163.6463866603587,163.6463894557681,119.97371104601898,104.56806300068929,163.6462049524984,98.00584316102137,85.54382246914362,93.01277064361629,84.125942748828,109.03910171008378,104.39147912478715,85.13874476537644,111.05575789921629,163.6464380155582,91.13434057817399,163.64649071541567,108.34402691340715,91.29408066568246,67.2277755929691,88.58278754368008,96.88696321210345,91.72445104100761,75.65574511156437,119.97370913867034,163.64654341575437,104.56806276227071,92.89517433620219,89.54813995834752,86.49676231777748,84.83548189478397,91.97178566134698,-18819.20400707851,84.98083816857097,91.24801876039264,93.16098874196946,8.943764036202168,-626.1642424212467,91.80776366084044,-637.704853643051,90.07725132086334
163.6461910785614,83.20006439123601,163.64666281032208,87.86378177123451,66.02629600115066,73.4933848891425,71.061310020673,69.03292496239479,163.6465559475359,83.20006439402998,163.64629927503313,73.52200596720391,73.2159662220412,51.38933824874871,163.6450810777274,72.57374248117154,72.96619361544904,53.62342217243454,73.45390251178938,73.65693288929938,97.71925535666132,73.92907915146967,66.06461817746927,62.85398780908613,163.64732949610647,72.99377041006406,73.43299305426368,31.393304031565233,40.61228231933378,163.64641026758795,70.09543746056912,65.40099161670256,73.72766741131377,94.94207298871832,93.25820951776886,73.32110127537922,69.98205917979536,72.35433690726236,72.95247609411777,73.89791484461344,69.46574127440286,73.70149148918168,73.73366831556373,70.27901582587688,69.68363315954517,52.307543945488895,73.71707419252667,65.85771342034164,57.082465481643474,73.04032572474276,62.80789406130966,65.53539079642101,60.24721053643329,71.18564769351102,68.67836968582301,68.23607455431662
163.64614251982994,106.66916985019877,163.6445803823272,163.6465143243774,163.64600657558043,163.64306618994618,80.76890806607314,72.66463887045036,163.6465572894989,85.91756875380285,163.64641720460457,163.64486787558073,106.89899515783698,75.93255194864112,77.60054023848723,106.89899521744162,163.64457813524163,117.65454676783638,106.66916961178019,113.9286134989266,163.6445580910272,163.64611342729802,91.88295094236143,163.64616333049486,163.64651846357845,112.11029688582774,105.53766690433972,163.64647963823552,117.65451625025825,163.64651152617682,163.64641440842524,78.86408019976808,163.6464879198138,163.64640747102362,113.9286134989266,70.45217165377109,108.3802677796876,107.3814935559129,163.64651152656182,100.10307845403602,119.99196752365599,163.64619801538555,163.6465115264656,163.64665854905024,100.10307857324531,70.04921629075768,105.42543755711071,80.98414531841992,119.99196752365599,163.64642134505686,-305.6510140730243,-43.91877570818016,-372.2703299216846,-165.93440101914697,79.08773898592337,-31.27622683592729,-87.42950752837707
163.6469401712265,70.76261224806062,82.1491301106798,163.6462992745519,163.64619107836893,82.0689732974743,163.64631314868143,81.63471775989733,163.64460719874273,163.64606900805643,163.6464213448644,89.94342238668078,90.47188801361445,92.75648226428503,163.64618414125601,86.18627113405368,163.64639359737532,84.75873356614015,163.6464213448644,85.44185041475767,111.62452377746813,163.64610369313954,84.1864210017604,92.79175130785076,76.51093479929058,163.64640747102362,90.206428782134,95.62619566991243,104.66006793449633,89.12048747598878,81.28511231321595,67.95605430410741,163.6461772042394,163.64446805294912,92.79175131530134,163.64657810026006,82.81553106108183,163.64634089674792,108.66687800358049,89.23957710083327,91.22426264776114,95.62619565501127,163.64624657488696,87.13919980194173,77.22364374831072,82.31729375596815,61.76679542086584,163.64673631834194,85.5798976388407,163.64657810026006,90.24395313621132,-962.914320083851,-2485.074344555432,71.52803202947798,-58.09957964211138
61.873399366969196,163.64621882662794,123.03803855059736,163.64670296752183,64.66766930514335,74.65961245686478,84.07923516913635,163.64623963738904,163.64654621193375,163.6431761295931,75.29582683280155,163.6464421563955,88.51323438245149,84.04006977149604,81.75951214841814,79.91235667336048,89.49872198104174,122.15046065801401,163.64662665937647,163.646089819395,83.97551385595781,163.6462535114223,79.18976251598492,122.15046065801401,77.45028402799132,79.16976705934198,163.64655035219351,88.96148855421038,77.86774735808417,163.64599549676404,71.52319702114023,123.03803855059736,163.64632288235862,79.47600664620606,65.65562428810266,163.64628819679422,78.93777527476979,74.88680977331519,81.25485500323904,83.42542910578979,73.72783176395156,79.3880079628811,70.1107814417132,82.34189803394736,66.22873324541062,79.67557547710881,76.89035863852173,163.64639639345847,66.64443529008746,75.07972841131546,63.11843904297638,71.17212447667586,62.71608520698779,79.51353362537236,66.63126679728201
83.85620657433311,66.42054071295425,163.6461147721484,108.37286642769958,163.64627152687035,163.64606900921132,163.64631314868143,73.02565442430343,163.64625351161482,163.64627846427192,163.64661972235984,120.29077801813891,163.64654927082574,163.64626044901644,163.64638251932894,111.64975185941991,91.14383627678617,111.64975185941991,114.89881322177534,90.06589815411135,115.21719258448123,108.3728649971881,90.34607534701367,163.64662812331397,106.89923825017651,163.64643801584697,163.64609675631544,86.95235299740075,114.89881322177534,80.74113411721329,163.64659063387023,89.37301211077138,92.61399841512903,163.6460245930495,163.6461772042394,163.64641026758795,106.89923968068798,115.21720784327029,120.29077897181322,85.41196518409416,92.12240402232274,89.13968148044765,163.64591918986986,82.08881480767846,83.62613421882853,83.5894931700033,92.40376293118462,86.95235299740075,95.10467319781323,96.02843356723328,-126.8083286401906,74.94614824111923,-278.46097404547515,89.40247449869652,-615.3628624234397,70.44380482863053,86.38506830818474
163.64459475903305,117.98465109135061,163.64648377801404,79.89991650414493,72.41582030018749,53.13968155028256,163.64644215591426,163.6464213448644,108.45287011769302,163.64618414154478,163.64456447342388,108.45286821034439,71.73197807163656,67.79408200243911,99.19870185995268,163.64654341565813,85.25216803989213,82.39340408249598,163.64474170212816,99.847651057382,65.51609332127687,163.6462535118073,163.64654341594684,163.64642134505686,66.39795954788993,93.47641612494232,163.64643801575073,163.64586369489172,99.84765099777736,163.64670710768542,163.64457101602838,84.45503472733151,95.98280515586096,107.16325446327481,85.33099519331779,163.64621882662794,90.04492399984764,107.16325398643765,95.87924377763437,83.4561239430758,99.17870768809559,163.64642134524934,90.06277354711534,163.64620495259464,163.64618414164102,80.40388950715612,163.64638251932894,69.16358749485414,95.9828051409598,61.68725095606249,-115.67201345450405,-83.17315097329367,-165.7180059728136,-166.08007345711044,77.03817269821491
117.24173940776505,163.6461869381091,163.6462812596813,163.64649765204734,163.6461175670766,91.30440755659524,163.64630900813285,108.02853565912922,94.5572886550405,163.6462645900462,163.6464629672529,90.56978291744176,94.55728864013933,163.64650458964144,163.64639639297718,86.12380789298612,163.6466682822462,108.07742147416825,100.16992278666253,83.71725991839352,89.0313004151364,87.45384198661576,163.64623963796652,163.64441153344464,76.00063565308501,92.30585954572688,163.6466294573845,70.1226232598732,163.64660584851902,86.13076552175033,163.64658503737292,108.02855091791828,117.24173845409074,97.09391391283908,101.68834425778145,87.34241641806712,93.78451442952881,85.16540486091557,82.11253611119737,163.64490284896482,88.80839487263742,83.79229958457367,80.74368713826884,96.66797352143413,74.97320560092182,76.945353849438,92.86247704314944,163.64616333039862,91.77645062194946,100.09732232164713,87.15903482571292,69.41548573483729,-51.79800699382072,-1.5063262107873494,88.20605739626716
163.64694017103398,81.252268924593,78.07321862353368,163.64672377886052,163.6463658495013,163.6466335963931,43.231236410886936,163.6465115260806,163.6461425197337,73.63768738135984,163.6463575685005,163.64638251932894,163.64656982195413,85.42724988165405,83.68187874763366,81.58070840128055,75.32327538961833,93.38703425169217,86.75764464063926,163.64636864471817,83.12914360827124,68.98401776362925,163.64484629973046,81.83966753026759,119.39307807461778,87.57971347144898,79.0958372117049,75.75565628508818,79.21914512884584,78.73586405545254,77.7560760444059,119.39307807461778,83.84856171906283,77.36260313202408,44.5281143119723,163.6464241417175,163.6462992745519,71.04254601079133,76.76625973346424,163.64450961595156,89.12719617433008,67.19502364112188,87.87360705098493,72.9218918951461,87.46876266539323,63.751298096998255,79.17519196995315,78.14930818962645,83.58250755491024,74.74422921158154,91.47761656470823,76.30781644360874,-32.02466193456405,-14.560818820515696,87.46418065599259
163.6462465746945,85.46636473505565,92.08627856982369,163.64640747111986,123.02868711885073,163.64627432314597,85.64462727828415,85.29277606642337,88.69115402777821,86.87147650829048,163.64656702307985,95.93441346516043,102.39902339459495,163.6452875712694,88.10695962010415,86.55134103222282,163.6450245537449,163.64448088905544,163.6462992745519,88.25656327133495,69.99191820708532,163.646578100645,92.15487075558396,102.3990238714321,91.1294149491796,82.07754763158636,88.88595611720147,90.63095580500979,84.48547830394001,87.8980393145706,163.64604504304648,89.54215091553945,77.40228421574922,82.8844609570693,98.02018369962603,90.53396746477576,163.64627152706282,78.57143207787068,84.53598747550042,94.02183528921368,89.37564064343529,89.53434700852723,123.02866423066713,92.151585861654,90.65207068210931,93.39678279056015,120.10494861063505,80.12585561690001,75.07158299316721,89.22589625571923,66.67511985232191,60.726676427698315,83.08866013146303,-420.601582522565,83.31537597221391,90.19081086819129,90.22361922045307
67.08736175205591,163.64628540080736,163.64643521899393,163.64628540080736,98.57521184265758,86.74209234267741,163.64391081347003,99.13586547758361,69.6881396310058,163.6447545449709,85.25249850154191,163.64602738643782,163.6462992745519,93.08833607018138,76.80667914613309,73.72110688756379,91.34628229216753,163.6464033304751,163.6461772042394,80.91455551882966,98.70006604243513,163.6463547709737,86.93183398333954,56.76153403375097,83.77836643974456,82.91589546785849,84.56137359974552,69.50534811359863,94.84063492343842,163.64474151141349,163.6462992745519,163.6466335967781,98.70006616164441,85.95473642796546,163.64617026760777,163.6461563936707,87.21606226787239,163.64464641856335,82.79424636525678,84.12644162861275,163.64638945624932,78.53993227961632,83.51063684833812,83.15168656371802,99.13586535837432,84.06078628351557,99.59736656129505,76.38948606955978,87.89693025128065,81.8907551142024,69.81595026416349,-51.15396569147439,74.55374701208827,71.19753571491869,-298.60852560790926
163.64643521909016,79.64681597525373,163.6464629676379,85.34622848646366,86.99502644041672,163.6446557405843,86.31850681604622,163.6462992745519,163.6462992745519,163.64603432316574,102.32547871511832,163.64456299087087,91.45576725305794,93.27934151293515,69.25633454415004,98.30309063940233,163.6448302066117,163.6461772042394,163.6461772042394,57.81145844403874,88.83348287182048,98.30309057979768,104.61588755914514,69.88263258267182,163.6444418733446,92.13780962359412,163.64630621156851,68.60196484234405,163.64603432345444,163.64637972334208,163.6463270228109,163.64628540080736,103.22718161181865,163.6462992745519,53.192238701789044,90.90336163754357,163.6464560300438,90.24012052180365,79.56549086893097,163.64619107865758,75.91509488092386,93.32440523954025,102.42526731559579,89.34212532365814,92.30192740412234,103.22718179063259,163.6462992745519,93.94348223490242,102.32546727102653,81.79813780502998,1.002795568724426,70.79866523294633,54.05245847253984,67.3167420654197,0.444255842235743,-106.382821269401,-54.826921360576655
163.6451190509884,72.90482092820557,106.54496665193103,68.05356093496782,163.64299372637242,163.64658369656485,163.64673071626214,69.7843530338793,163.64517872792567,163.64606900805643,163.64653233751545,78.84473752524352,33.74378259931942,163.64628819727545,71.80995528734738,163.64647963823552,67.93240655152576,81.12511576155039,163.64656982195413,163.64649351294247,79.03286020745972,163.64490832506976,76.29870176376423,84.06105444861414,70.82904992773646,79.86942506024452,91.78804455878524,80.67272977160128,75.69236640640983,79.59455841411263,78.16609716080708,77.69328647074869,78.37013149485571,163.64611063044492,163.6463963931697,82.28022598476919,79.00542519273685,71.34560031113095,73.89764908193037,70.06361350385141,82.29989672640177,51.646479834482285,76.61253292913997,72.33586671859383,163.64643107854158,163.64651846338597,72.45870192153959,91.7880445736864,85.09467810300949,78.52895031547531,78.07618555607586,-53.03011939809206,83.29125946296217,59.741827068995896,67.05102180553958,-16.02414228995904
163.64468907674726,87.32404905318744,90.87550644247291,91.16569965444684,163.6460551343119,86.21922635331121,81.15521743028737,72.75753740913696,163.64616333049486,163.64628540080736,61.99127244269755,87.12706643662877,86.41219072616228,163.64452199435212,88.30544160418391,84.54760123762614,73.07937906655795,163.64620495259464,52.036389349785054,52.50992089658382,88.32106844075203,84.77960429034508,88.84867570965854,163.64610369313954,163.64273889379857,163.6464213448644,85.35115773364431,91.01184586174965,163.64616333049486,163.64619107846516,86.63928990482655,89.55243419526575,163.64622856069013,163.64637558183108,163.6449023979518,82.37045130479461,105.7433579024398,89.80460425882099,88.45775152413604,163.6459358604675,163.6464490935084,163.6464033304751,87.99512194886175,84.49926377221472,84.18703353538639,86.41219072616228,80.24063153139777,80.81307584113753,163.64635477106992,163.6464213448644,-78.37621255764238,63.46527583870417,28.92144206672437,-351.47109132779605,73.72905107258318
163.646306212146,115.39471811107275,106.35208163469893,130.0484464464412,107.77771670430762,163.64641440804024,78.13586192440283,130.04847696401933,163.64614945675032,163.64628540109607,163.6463450388364,116.91802259430357,163.64627152706282,90.68967782052657,163.64658503727668,163.64649765243234,163.64619107836893,109.35210201948745,163.64632008598676,116.91802259430357,94.53062044175765,163.6462118897075,86.19301948837978,163.64614945655785,163.6464213448644,82.73257452297997,100.09623544222475,163.6461772042394,115.39471906474706,95.70578456761739,100.25814285596482,98.1721790424629,88.10475245035131,163.64636864481446,78.97658099282575,163.6460828821859,163.64303295480457,87.6300525660817,163.6464699039808,163.6460273866303,163.64647963823552,91.20766178077818,91.77797003007372,104.24019387401425,163.64631314897014,96.74051072915665,88.75440737746698,91.25090211351983,87.37895044267219,104.24019399322354,42.29164358124204,58.81308399802883,-193.14779963427347,-5217.02859714908,-1506.5498681203271,-1479.199383071139
163.64643521937887,97.88953315717917,163.64634089694044,163.64640747131233,65.39107509271285,108.68468901079179,119.55193863338629,79.68874477747997,163.64603432316574,108.44449265045374,89.76190805109132,68.68046316984432,163.64667521926287,119.64841559888312,54.03822999476266,69.82609473727221,163.6461453151431,163.64594693774393,163.6466821561832,68.59529887711798,119.64841655255744,72.8708353383856,163.64654621203,80.77921277251264,101.53060870982635,82.41944635393267,163.64481713956525,108.6846888915825,86.30502739794721,119.55193100399175,163.64627846388697,83.51437295708195,89.7619080585419,97.88953315717917,77.22697074353084,77.23209333853185,89.53512514747608,163.64638251932894,163.646329819664,163.64623963758157,163.64608288228214,101.34060713268745,83.9061039757373,163.64663773780785,75.95433108336613,84.8719046405906,163.6462992745519,95.57302942491997,108.44449217361658,163.64454424783975,72.77936051799153,82.34182300092567,83.71434117309138,75.85291412532499,64.0979306135716
69.08642345930822,108.05061725406753,110.62418453602787,163.6461772042394,79.1185728798937,92.58269955673127,115.86123963355475,163.6463270228109,85.76401543756688,115.8612424945777,112.016952359457,118.41213777702073,112.56628576989574,80.28800817749836,163.6461772042394,112.56628576989574,163.6444309630091,112.55858477332113,115.33875658181985,163.6460551339269,163.64632702358085,79.41737586942874,110.75264332676382,163.6462992745519,103.03174766510053,163.6462992745519,163.6464213448644,118.41212633292893,119.58631129386664,110.75264380360098,163.6461355830058,93.89108965900778,163.64629233820898,163.6461772042394,92.58269952692895,163.6464213448644,110.62418596653934,80.60869938989484,106.2747455003749,163.6462992745519,112.32200750090597,80.60869939175748,163.64606900805643,85.43205086079799,92.3710759910729,81.79469870356584,104.09182480602371,115.33875467447122,93.89108965900778,163.6462992745519,52.74478791297727,81.30143730731064,26.562787748252973,69.44583696018346,26.83657892920492
163.64647270170008,163.64663080088746,109.7261890232604,163.64472315395142,109.90767757552878,109.9076773371102,80.65662326836531,94.4642908119108,80.0801407602666,163.6462673854556,80.31244024527763,109.7261890232604,61.05769593068902,163.64636864471822,163.64623270075742,80.91194004249331,70.57786682979707,79.1014841679534,66.85417618356217,95.56925485958116,163.64672938094031,163.64672377886052,75.47604837348257,163.6463339597313,74.82746063718145,64.5112989842502,91.96100890171793,68.80093537234274,163.6464282820735,80.73207979356442,81.0207097997008,82.03905613653004,81.22575202594084,163.64636450542088,163.6461800007075,45.35228154445571,79.05044666850512,89.70071814117101,77.89823823944238,163.6463450388364,163.64456352806087,163.6462992745519,81.2073821915364,67.47298735809085,79.60439748978746,78.59936372340229,79.4129902469976,91.28174837981122,81.94136152696875,81.12476259270255,80.99838358965275,26.07002826687959,79.46700186525044,78.75964276129884,68.62833403270264
163.6462992745519,163.6461772042394,163.6429688806621,88.54649909741116,106.53129676023421,79.1733175077827,81.53176084224565,48.17649138848894,83.15908677218002,87.84529381028247,89.15168658358496,87.01057756220442,89.1212390129779,163.64626738564806,101.49521397457616,101.49521385536687,163.64445338312768,101.50975061300439,90.52894212206346,82.64534292620132,89.99027301434857,84.0458582143156,93.33337048224044,163.64471084253793,163.64650873057496,163.6461772042394,86.68105138343257,116.94634456058758,48.17649138849622,82.67459313121017,163.64480492591767,91.37176329729598,101.5097515666787,100.30793854902859,102.51856592606183,87.42693482612711,163.64629233820898,163.6461772042394,79.27475716102961,88.48112222988588,106.53129676023421,85.5070940234406,83.28352179279071,85.99834859945204,72.12249832784227,87.88932442820501,87.21185222796035,116.94634360691326,88.25386091477108,80.15185059715387,-119.55525623820184,32.05867629653645,84.97707548193958,-134.51886006460933,53.88434512462971
163.6465045895452,163.6462992745519,163.6462673854556,163.64584231810673,98.69019212567821,163.6466752131717,163.64631314868143,83.12703704580032,39.049682602614936,100.08096213099907,84.39500309517986,39.04968260261221,163.64610369313954,163.64667242260225,85.73513723971294,90.31246240477284,85.76604127585395,163.64622990582922,77.15778963260443,96.70520673219885,163.6466654854894,76.92621539758609,88.02725796289249,163.6465295416249,97.58773931958483,100.08096207139442,80.11426935033845,95.86728368972256,93.05158665524706,98.69019403302684,109.5691017394672,163.6466654854894,163.64629233772774,93.54662786696865,86.3068106125991,163.64612450438193,62.790097012110955,87.285543439257,163.64615918965757,82.65742335962042,163.64661972245608,163.64616333087986,75.9965923751329,97.58773934938715,163.64619107836893,163.6463617079903,89.90108868354903,87.10540811965214,163.6460828825709,80.45226378056311,52.76578042527508,89.04439446078524,31.019786416236027,22.957163972706503,11.75076760599361,-43.47370226681991,78.03761853765158
163.64643521909016,90.84168489234325,89.78852365681705,99.37691207542517,53.45699024696444,163.6462992749369,163.64658503756544,163.64616333049486,163.64634089674792,79.9782110821333,90.54543352432334,76.0970815799235,163.6447253517761,80.22964106991672,163.64606900805643,163.64639639345847,163.6465434151769,163.6461772042394,163.64652260480074,106.51250464194642,163.64637558183108,163.6464241417175,163.64627846407944,163.64637972353455,163.6461772042394,82.21198036478636,72.0616481699603,163.6461245042857,163.6464102676842,163.64634783395707,163.64465491678226,163.64617306359463,163.64622576354833,163.64647684138242,163.6461772042394,106.51250464194642,98.42314131870367,95.39974370911219,96.37747763409712,83.2915317618324,85.96332631217119,83.81103187585609,163.64616333049486,163.6462854009036,53.456990246935334,98.23618078544237,86.7369577451962,90.47834534341273,85.48126819873032,163.64617720452816,82.7913995056449,-244.8505911982524,-273.2743711567186,-242.44428993387777,-222.32273894628673
72.91961826718128,80.21510448407987,163.64688341014374,163.6451043110312,107.87665872997938,163.64332304573577,108.42678185073537,80.36624251453811,111.22106400421187,57.3676909086073,73.25718931768736,109.18595450348555,77.44394954348589,79.76375789925171,79.9376520554875,56.891406781819185,59.6469655620649,108.42678161231679,109.65796705856913,100.31529328225116,77.3481498000552,61.938840119481554,111.22106495788618,71.69910755365802,100.31529329715232,163.64335931781315,69.74985843788548,77.83339073936129,75.85246698310273,163.6463339597313,163.6460412602786,63.514362077309706,163.64610369323577,163.6465434154656,80.49203681884049,163.6453535346742,77.6000984581993,78.55558344823024,163.6464893754739,75.5043354966552,80.54621366931772,77.21368278897083,110.72589506405787,163.64615918936886,76.59397116847052,109.65796658173197,110.91393392510115,163.64640053419947,110.67053689259485,108.96973933476404,-176.3221834226633,-20.367120169721073,63.854456519323534,-5.249063801634257,-482.7804541896685
