-676.546492307617,-1257.0990273080947,-26845.300675069095,-33665.02251741903,-3130.2782549645176,-2775.804555748745,-1552.7564779591733,102.74019887356829,-34984.0380814434,-35584.379541480535,-18852.057769310424,-33111.51293873601,-42296.634062353696,-44151.862636317615,-25079.695883887078,-8739.982087781707,-623.9617322185636,-445.1630568351368,-6019.139696471769,-7381.413634722466,-22614.475547284495,-36977.22624689201,-47214.68983302047,-46324.12967290994,-127.7356581338541,-98.53555245829672,-32122.08720563081,-34665.853633336024,-975.495610525451,-967.6852151125763,-20406.24419562425,-2207.6230666583847,-8809.58109803931,-9068.601912094422,-47919.207523652265,-48195.501849604334,-8320.085394640597,-8461.200854414301,-10800.919440661235,-10843.844639934321,-6836.414249778621,-9147.017215807382,-23211.533689305998,-20306.58349586374,-319.1072827541914,160.23538366577577,-11735.481753168508,-11095.173093239511,-31607.76948333243,-31075.95918590517,-5507.604465691412,-7086.192637866171,-50493.31428006169,-2355.0771384145,-16008.28609474802,-13168.266060218066,-38488.74785115666,-21580.625625809418,-6045.145214161338,-5598.481800557997,-11229.510931259134,282.52844315875427,-15468.099552339085,-14998.1461467843,218.93108478802856,-2.0431517400404706,-6440.119296874264,-7279.0032771595115,-3695.783038623716,-3002.782607588927,-11594.24084262922,-7518.669816432342,-41692.168633704714,-41398.08643055917,-6477.375155211889,-15550.623504252373,-26479.99088789566,-11688.80721401743,-19421.065691742548,-18891.10498597851,-6217.141383188699,-4274.849371510854,-902.9077039945964,-653.4465997143664,-45155.673094070764,-45206.397034586655,-4535.551278694283,-4763.706519680619,-45447.53210530842,-10611.881481551272,-44874.46113803034,593.9968546671344,-31.412781924850847,253.4005772160481,-15428.452760214594,-46880.765436659305,-47735.178361605474,-25318.592095644646,-20763.563737226006,-22900.10853538073,-2156.7737142406672,-49157.91182546411,-14174.630790441992,-12453.203025121617,-6761.903839002475,-8379.511340062552,-2139.6575670272264,-2037.6462642776728
-10523.11703913618,-12251.800024956638,-4791.386675896528,-48368.2213662276,-7332.719540545307,-8944.363340959068,-391.6205255084198,-8465.713316366424,-294.4655054639415,-4830.755330587385,-3428.3438273557667,-2202.8794892308624,-6346.931656809405,-10510.869264413077,-43307.47270179289,-31109.532697650167,-4481.418101655988,-3570.8823139926817,-14926.231062059172,-9007.53144318453,-8396.073744185034,-7770.503708289701,-7321.214878130527,-7015.175566488525,-763.431213170202,-2086.133246887882,-21666.035773705862,-18895.667926491933,-2540.446477021468,-4736.650871994351,-7168.374384324296,-8056.172034609391,-15782.632673684913,-8684.676451764592,-20580.795165235377,-23255.550193692758,-429.25207530264464,60.24828722526153,-3080.876796219204,-4385.970930515378,-24455.864835051263,-27661.21150503514,-13706.151648406112,-17543.098788179977,-1068.9762620067334,-1160.9380686648649,-2651.866730517356,-5629.852447086593,-25670.275571236733,-22606.160980231416,-11711.914697786355,-22578.15800472014,-15183.70294169476,-10521.889209347077,-3859.5202816330684,-7957.765415804225,-12579.726244074465,-10282.636350036248,-5409.640417234853,-7880.105132807742,-7256.404731374755,-5012.594804649735,-13286.129286773705,-16123.301010492954,-7008.746769354299,-3542.672368828059,-17963.819979306452,-21808.835141749816,-21413.684377028487,-24033.827016116295,-1594.708205456377,762.4328167740052,-12218.859204204868,-8674.603261196751,-16262.859080605847,-6731.372391444221,-25548.71374269359,-20509.117416304125,-5281.135921139326,-1646.393023188456,-20445.269697623673,-7920.825237164679,-8261.072442117553,-9010.440295382867,-16909.489975309403,-7975.9463644776815,-7693.308329394812,-8989.771655033777,-19042.285736117974,-22798.884068535404,-10594.043414534766,-6603.698617846297,450.93031791932395,-6756.709241879987,-6245.8968361371635,-30739.127841118312,-2888.9139176564613,-7250.293654004633,-4033.6212915938204,-10240.573070113487,-628.2167757473346,-12002.196791408582,-11474.258721417862,-1671.0236413996872,-19113.918686462795,-9629.757427566217,-1748.3923440705958,-1363.7049515143708
-32706.721213206016,-34329.088045669465,-33864.3889480283,-35604.915833021696,-47680.570511305996,-48032.012649354125,-39482.13814093521,-18593.131994310534,-8.703895258891054,0.9822132579873956,5.880140547583223,531.3638464021504,-1403.8164671508334,-1286.3542239006115,-11449.001575705033,-13598.197432450504,-28406.305684470215,-27132.083135155633,-11236.945420417343,-9438.812787690307,-1904.6702125914737,-194.20982858951012,-4340.587319568547,-5461.441115736428,-34609.38717658354,-34720.92767004982,-4290.553754871062,-2320.35545399496,-35100.02757481707,-35520.61213763625,-20653.379108412766,-29751.44424056707,-8883.498389506121,-8654.555265865862,-9351.129462258648,-12142.462283469145,-6141.670528662041,-7618.185225464424,-2458.5569583025635,-3360.3162090081596,-8782.751317389708,-15800.30692974678,-12494.238415198633,-15139.31294671614,-33429.635330236786,-31197.010108215618,-8220.035319749111,-3379.220826230011,158.94680713193682,107.19224202246713,-8959.826268635885,-9641.910651426695,-13975.375286342422,-47509.480514689996,-3687.9894158437955,-3797.7007910445673,-2695.712518972693,-2612.605652936376,-6123.17645734921,-9055.005356279959,-9140.518378525556,-24155.260845001038,-8027.3222327393005,-10879.1816432114,-22836.2218632214,-19990.907125560887,-8612.893860454138,-14287.875265093933,-23499.147236057055,-15973.706157538041,-3215.145712831988,-5082.522611797786,-9669.71374272173,-9981.769427824145,-9843.746982085926,-11441.387167671637,-5573.180753531632,-10712.988769439573,-12857.715541766433,-7193.079069191589,-14731.003897273686,-12418.458190690542,-16925.172538503735,-16269.948363496282,-2272.101034940386,-1937.6141382621922,-13259.940446966813,-13637.538411081585,-3211.5145113372037,-7205.9141625355105,-18209.892762775147,-31026.375055234384,-29117.17751934618,-36146.1447922453,-4000.6431486602223,-10659.232569860926,-4319.808902484967,744.0576507302475,-221.92241274838955,608.8251596820782,-39948.38483221441,-12637.193209568679,-4825.138554007359,-2350.9366070001843,-22715.1974260954,-21623.939817495033,-39312.73666002589,-40298.33913536442
-14672.669804566138,-7529.484002185089,792.5294054929641,812.7979983681821,-5362.807195385429,-6014.481974597866,-1853.7831426391547,301.7667914896106,-3704.6294978242418,-3834.013307197621,-2011.2065704644826,-3570.6006530680365,-4991.115714690275,-5201.84513962997,-8133.565299623491,-5934.06660910887,-1081.935036053959,-892.2999676515954,-1729.4554057777475,-1822.2615579666651,-3764.745076460987,-4125.394761533613,-5264.428026742584,-5160.271364128004,-596.3750378558086,-788.3145036875846,-7522.968535190817,-5235.052480340853,-492.6168078117966,-1952.5758453665092,-2356.115130489566,28.429678229712007,-2262.7264365154456,-2130.2529173219714,-9553.879269389587,-10788.593405375917,-857.9296336113528,-797.3368784721731,-968.2827547563263,-1331.4191831135156,-2115.7243535323264,-6796.315120661462,-4227.629987480517,-3680.98093073088,435.65708790746663,617.0686135134406,-4098.410624003262,-1126.9395048408676,-6494.051246489535,-3895.159110596787,-1237.9757436817652,-2706.7068891938447,-6773.110832320997,-3284.423523679439,-2693.673997172203,-1412.0651003978035,-4290.247928773495,-4948.950132352858,-657.2081669543311,-620.9024550976517,-2364.8606653336515,-777.4866028057347,-5374.467201211772,-2919.876634664431,-2220.0083209278287,-2327.0646348319183,-780.4668120262556,-3289.672757040554,-7491.79987482797,-1630.4009032760712,-1445.6212396299868,-615.7077964420075,-5829.731347241284,-8383.303777407526,-1759.409396024819,-6198.568476158622,-7680.359098696505,-6676.826416021087,-3197.2238862089775,-2311.28883943374,-4948.127894240291,-494.87081878331577,195.2057878611618,167.66528921659716,-7491.8338339065285,-7469.897842906959,-829.7114135513891,-708.1146004906384,-5721.656813470347,-3362.2031293411324,-9744.37036254355,-706.8061140575644,671.9816125117891,-659.3216909015662,-1663.8297021720698,-7264.1016111288245,-5253.524234708782,-2881.798631934745,-2159.244492657735,-2510.0096479341205,701.9427370755243,-5674.376041077636,-1790.1642715798423,-1416.258452964457,-4711.701305529312,-3331.0365913073524,-508.5412566470672,602.709013140246
-17301.20730564328,-21084.465105500138,142.6974470095131,-1754.8895417068045,-2864.2039482032587,-29185.689232864464,-4622.121522043703,-1140.378516708547,-3445.7379538164414,-3718.392111054668,-2513.1403108625555,-3427.7463729126493,-4385.079914047487,-2208.4908840577,-40364.00065582236,-32068.243187267177,-22177.354953569833,-17921.662780036033,-17629.437082140346,-16710.350727919827,-3083.8112168811085,-1844.0613843253113,-14507.322098280321,-14583.809822532541,-3173.8000490498152,-8111.33676872048,-18106.751018031722,-10351.594740836055,-4724.589777896926,-6096.519246467552,-19189.325718290744,-9600.048914402334,-11742.96083130793,-8667.252756005346,-19800.497801305453,-10575.009855417291,-6799.625258790859,-4763.3870406317465,-2781.9662092415556,-5271.417479200848,-9026.373625705968,-21025.793339629927,-9757.673804033915,-21988.801127882663,-390.1421538198947,-74.85061158743976,-14348.624967971049,-2211.0672000535587,-11165.569998862531,-17957.098397456128,-14656.591585332837,-6999.124064475712,-17391.480544426497,-8160.030938078247,-4867.131903866016,-5923.510647564125,-2424.187167605519,-14254.035221596616,-2686.2296687604276,-4342.675892784248,-15510.215707816085,-15184.725996074594,-6624.812598140724,-9987.01073062835,-8029.785771689093,-4048.0105967929585,-6459.243278836558,-19634.166531301897,-27796.36496839063,-19568.737500993193,-2362.835598109831,-2812.5872211274573,-18910.58208345613,-9698.004371664767,-7369.73115571916,-14346.857076366072,-8152.300802898028,-7926.0621646311365,-7866.201629829216,-2313.697491830523,-8843.260641300953,-11873.912699302531,-14339.471564127674,-3690.304587620444,-7560.502768535808,-6876.457509786839,-9452.743346533629,-11610.37193626757,-9878.436744337192,-6980.350201575219,-15415.496172796895,-6563.0406103287705,-1314.3699603227315,-16629.221894106147,-2832.756927093392,-13835.246451922623,-915.8452604205404,-1853.532104983914,-2106.19904097183,-4301.13973064248,-1916.2136400351474,-4657.881767341215,-15015.335780590442,-4647.870381689211,-7533.993719410576,-9285.920034317463,-7692.880963676266,-8187.325140429607
-74076.51477948955,-74906.61516658124,-48057.12262328012,-49121.47566733849,-4808.613815098805,-28578.39692650425,-61278.14528091146,-62417.57821615048,-56153.33336270434,-33387.215909755374,-4688.168097505749,470.1715670003368,-3951.0122013210744,-7506.2387912971235,-36071.20082474767,-46145.038222482945,-38532.40962234334,-35941.11823671366,-22008.33419234084,-16063.548602890043,-6543.662786330903,-3878.287172064106,-4829.841118396954,-4291.815101771727,-57856.95633134207,-60390.901935413065,-15523.707848909466,-13076.480503556139,-48904.81745456851,-52391.495656112056,-9498.675824013737,-25280.17656274931,-18409.173437124056,-14200.521849205828,-18480.55080269095,-22468.254778488114,-11961.768184678333,-12655.596703933605,-7300.240300418921,-7495.331720854093,-26370.80562537821,-31732.45388059504,-12089.856080998195,-12173.766287884728,-49484.07544642142,-46503.88682431421,-12873.483700787789,-10263.648568891565,-21328.312687854614,-18458.155844167148,-24290.78384184022,-27121.460449078408,-15702.150443125627,-64990.243873040265,-6523.243501370885,-10226.253153825755,-7578.979446419627,-8121.832745472647,-12081.543988465733,-14153.328215969925,-10792.890049321863,-34327.351667021656,-12908.022707444945,-15249.724391367732,-39346.531030582344,-34292.25402949322,-24390.741775632134,-25639.343971656748,-34069.01068609667,-29419.586396348426,-6496.772211425147,-10197.294954548788,-8885.553301226168,-9707.686359626512,-18226.62631512427,-15775.319709313155,-20200.308517120237,-19462.01584438144,-8083.973761393975,-5808.76591282256,-26290.818704134985,-17796.488444656858,-23525.51243794156,-28744.87961539879,-18682.95734017947,-10010.730021899604,-26795.51013143826,-26917.350974873956,-7226.6486475722,-22005.073132580943,-16738.410538525317,-41624.28176139626,-43210.73705540696,-50129.022732560225,-10205.448546869413,-28173.24317062902,-1466.8727869405368,-4175.914157528713,-2211.1090054851334,-1631.9273509115403,-53808.624608908016,-11437.34332374122,-12410.704630483082,-6589.419129773504,-32341.493726532583,-20605.354752318697,-55196.20790250514,-55036.47629510023
-18900.734739426553,-19529.757709817204,-2805.424678428507,-2906.7311878630144,-437.2443074678022,-33563.936543877906,-11703.846052935116,-12306.279553176051,-4913.160503652704,-5119.355491995347,582.7831858291167,698.89676255366,-2777.1293220981906,-2875.3635956940425,-29272.319372317997,-29815.969832075876,-8531.714430322532,-4278.07527609642,-11396.889473481202,-4470.969741685151,-2615.7063013347515,-1309.6549952639043,-4796.829271637903,-3971.1949622575294,-7582.159806832294,-13325.723198711816,-15754.004406095746,-6438.702543557011,-8148.206308104564,-9667.686994558066,-20789.25404641624,-17022.151093857072,-3176.020984859274,-4778.321709278457,-22650.237388664722,-18003.27605240236,-624.5992647016255,-1562.3481737570555,61.833930835117954,-758.2353258839095,-11536.063505980595,-24129.622359633708,-12595.70649734876,-17196.382360366068,-3381.1453730843796,-4717.437951172994,-3871.1764072109754,-2111.8680052724094,-5706.01673049928,-11755.440897051954,-10909.967237367946,-9159.343632114296,-15187.806680297403,-13445.870753354366,-2032.9367851582947,-2114.9961201107953,-3837.9945432496907,-9050.997667873144,-766.4090076531584,-2266.7802821654286,-2251.8248364090205,-5136.156554067343,-11713.538629796794,-13948.67124907856,-6879.544060549729,-5385.683961270873,-8602.022420833762,-9697.899186709266,-11171.823081633349,-10951.385061476449,-698.7697563663833,648.966731845857,-11066.596838390145,-8373.881845140191,-5640.156323143631,-605.6646544413044,-8959.006440517436,-9448.331488242113,-11153.093814409427,-5924.437933241251,-13770.129335156711,-4311.670579494569,-5582.913032723921,-4780.574056735205,-8312.965233694676,-7087.209042922333,-11290.546276898998,-10058.604928713788,-6052.4068535792185,-5673.328204482096,-9643.954790901695,-8216.897735677554,-2462.7879076409163,-15503.353485644544,-3275.7371321411347,-24216.971353099972,-1283.032950430149,-279.5166374867558,-1608.656976005529,678.1585791739919,-6137.654454753502,-9472.551954672936,-7426.060292190824,-878.0930636537678,-19734.827061174787,-17066.539918378927,-10452.616591083819,-8838.951811727255
-65486.65503565148,-65182.83352882559,-57658.04383452163,-60388.12330687019,-6925.9908704716545,-12894.582524439164,-69528.95214965731,-67709.1974783436,-65297.56391254444,-37009.95638750324,-1471.7365159302317,-4398.937624415642,-7857.304117896438,-2855.8859283779348,-15904.30744808623,-29062.976915996103,-50122.390833334,-45081.14124519895,-23686.35350718744,-18822.722935814225,-7887.198053352728,-424.4849324895456,-60.94220007864689,-589.2855360782887,-57572.19017916082,-59854.35860460827,-11731.019337798962,-3493.2146228000493,-57239.12663357934,-57030.913116351025,-20422.29315610747,-39274.63316656925,-19834.4407363838,-16918.722404182266,-12345.80590322925,-13628.371416943075,-19088.35975765654,-21666.100697809034,-14374.679153798865,-13912.290322199045,-31826.191339162982,-39685.547480506815,-13066.601008086393,-15530.070490897215,-56524.39806074555,-51640.201971311115,-17629.930662874616,-17325.620499972796,-15332.61467242621,-10441.563697343254,-25387.35242819334,-27455.553464880057,-9912.788355463144,-66837.31778469005,-11186.675424955803,-14034.875881768316,-4498.1527926016315,-8720.9517904579,-17579.654446112127,-21157.26867441765,-11224.618167743658,-37521.35868711059,-17662.313156986307,-18627.28600430272,-48326.796923760056,-43571.90572077766,-23814.643055782555,-24410.338397890755,-31500.49369277842,-29275.424773112918,-13766.300040017482,-19354.59015382537,-5946.51790998616,-6749.172848536069,-17375.587192432187,-8428.701484725712,-17174.274563886735,-23861.903189207416,-13054.736795234978,-12285.421424295568,-29595.11838843748,-24184.558146437008,-33456.41152740764,-38048.311444796935,-6954.729442085457,-5881.278968025334,-39619.564740032125,-39518.98138869416,-3721.3509606092302,-16890.61177335891,-3805.6353583004275,-45070.09923203158,-50825.625728890525,-52477.603740065,-12820.95359044876,-18854.4725745753,-779.2077068722174,-7778.723652580422,-7108.797838477087,-4999.373872936314,-64023.8180069246,-9562.88492556669,-15189.736266686541,-13371.02217154393,-35142.66720456533,-30954.19718844978,-66965.51534143284,-68126.60869768799
-2934.9688264297065,-2642.088232436122,-2372.393848570434,-3359.96236668032,-2321.1907902769954,-4593.198174403686,-9686.626609469202,-9905.245593498923,-3722.2248696562374,-2701.933472255707,-1904.7009755604051,-1709.7725674968935,-854.1019364069473,-1130.0076704274923,-3196.9529607512195,-3708.160484709686,-4301.418885828865,-3406.963177574009,-362.8808946610042,-645.9480615327741,-959.3170744570637,-1028.854822705826,-4353.335982066081,-3647.5068625198583,-706.7330498254998,-676.3949473920777,-769.3846268077983,-460.2322556403778,-4718.709635994946,-3227.112042359451,-10530.853525265635,-9511.129878054844,412.8339856053099,470.1659753207096,-10026.150176652209,-10215.004098297932,-1387.3952204602213,-1985.2115550778074,-759.6536701405678,-929.0983084746078,-3236.6004285644703,-4935.351394634235,-6159.358041281837,-7537.9527685619505,-1184.5630822572336,-1659.4117414754207,-3215.0425489058607,-1155.3791013219127,-517.718740233228,-490.9692613330631,-2696.4364072522985,-4061.6829083964367,-5324.96542815724,-9059.954537878435,-818.1605808204006,-732.7276995631948,-3055.4530813775746,-1408.0329995325087,-1668.096171900161,-2391.682815499338,216.10468594340276,-1295.39991616696,-4222.0202257640985,-3700.809239936242,-5350.034572047265,-3949.7692767117906,-292.90725338222904,-3635.7241501431236,-5397.397880228611,-1245.3474081533752,-1693.6572367270094,-806.8508623939672,-4037.874192234445,-7606.681918083827,-22.516231398938515,-530.782956991254,-2029.4507753666917,-5022.296302477821,-6001.413305733582,-6378.152211399192,-6109.259552121969,-779.4072424402756,-868.7057649214369,-683.4802958701829,-8393.405655964661,-5831.847833719446,-5699.490274400049,-4513.330933613175,-3261.1219560451536,-2414.0489661264546,-6373.299339176181,-2098.929260196568,-1479.2507978605051,-3260.5798429406677,-3450.5633164063292,-16935.9232359839,-4564.0524749804135,-692.9697927434089,-1060.983222752321,-842.7207100025615,-5086.657758191166,-8332.030874870417,-1009.9214379870066,-877.065515320832,-11589.708140058798,-10130.402341004015,-6432.921342360051,-8766.92005534232
-18896.450719473298,-19638.826882070596,556.2944094591705,378.07336902074644,-10049.462753130585,-19837.19637345077,-6125.377631265287,-5276.4475000486955,-2256.9075505319006,-5056.506703384274,-6232.71182036283,-9013.183253768158,-2827.2490689649085,-5393.647250457429,-8322.628349170056,-12210.364816226183,-17834.615735874944,-16588.915744338938,-7490.4958871030785,-2710.752119729291,-7283.082054242487,-10587.988811132727,-7436.216296263122,-6776.293528946054,-3563.0071257619375,-1201.5529468028644,-14578.317830094249,-11630.21219255772,-4661.498995042757,-4764.219788899524,-6657.557393278253,-5233.079222846859,-5092.365919930565,-3765.776140091063,-13073.424730554225,-21135.93061285902,-2025.39070018654,-2601.464726501664,-2258.4512995116484,-2101.507067194524,-10895.63901668871,-13368.504849325862,-8161.003539377179,-7235.851520800464,-1311.1846979712964,-926.7121654106259,-5009.872932760302,-5504.401174821747,-18980.401747761698,-13703.20724944901,-7597.872266744434,-9484.57904519149,-11228.369602953784,-7686.667472065655,-2724.707135515574,-4533.038000694355,-11007.999948413608,-9803.963130084974,-1590.6547379860667,-4584.544370319719,-1974.3227846611944,-939.6819073436154,-7793.163220886259,-7734.366286829226,-4220.976145855206,-3698.2532836289856,-5594.001474806307,-5822.4446829899925,-10120.987033343405,-9469.79788705814,-2941.1536865362095,-796.2440702133708,-9398.201665544588,-8618.603624652544,-4362.640544147837,-3134.0121690992337,-16148.119903454466,-10826.412770242776,-4708.276608280164,-4659.540777399346,-8682.907986034257,-2544.1281710610156,-1153.264532650729,-5605.6086739825505,-21648.331612199807,-17975.18863386233,-5107.844136622613,-5543.977801006225,-10708.979772930728,-5746.616658873444,-7197.4417082515965,-768.1474609024253,388.5418177285221,-6636.10394675191,-6261.909651482014,-22502.250499337442,-7415.568615116029,-7183.745290471877,-4364.00395150392,-3669.933147251136,-1121.3554876476946,-11980.9040489138,-6573.122190552416,-2624.007823558287,-11062.377990184033,-7818.770122416051,-1406.9220137713955,-1097.167073957472
-13226.456960549716,-14030.481160129035,-12217.575621062068,-16357.39928505825,-9292.076547340343,-27048.055559635362,-18149.58388272966,-15880.847795552218,-17321.285473964956,-8644.58808088558,-11810.114668740505,-11753.117296759532,-5013.166837113819,-9171.542115672752,-13293.48624019391,-19914.949271844256,-9692.709891849341,-6295.632001994082,-14239.013245079577,-11376.576011760997,-5358.873210307528,-11735.350447228899,-11015.796860623137,-10105.030062262573,-12645.381375972902,-13798.877961844519,-9959.675627499608,-8855.529033329884,-15548.892943348728,-20312.829688441758,-19415.43358998058,-21224.449625696514,-277.02919773620465,802.8106027458922,-20802.790877142303,-23856.401054559065,-2747.765143269642,-3434.477339958683,-3946.9545451018766,-4463.116411194814,-9273.70382999433,-16477.333538247934,-4130.705942864087,-8647.978366598625,-11108.782416412745,-8014.444834835792,-4817.356063314449,-5921.96241547851,-12693.696508931489,-13964.508363124767,-5322.525453942563,-10943.6631458073,-12352.69609702276,-13545.205376799706,-4044.090693326636,-1033.2145819487275,-11411.238750613607,-4722.793765585081,-5556.520405766109,-5762.874512487752,494.26978806433146,-3044.8009911006598,-4596.240878375035,-6266.592581939555,-10996.392080334852,-10157.05997404456,-4794.74939727861,-11903.976294244783,-6697.745154121388,-2827.335807492686,-6706.433722546583,-3972.5704160414443,-7024.163278349232,-11370.709924055285,-1059.727588119646,-1212.8307680497799,-14418.911487764759,-9510.749510890942,-7616.528147323138,-10984.169774692848,-22950.031504106322,-4305.211098395776,-4627.0166021793475,-4919.8184512456855,-26882.3183181516,-26368.34623390712,-11544.59295439653,-10737.136267866792,-16547.16603195652,-6144.014406643249,-9245.933253930787,-3247.574262288887,-10979.232314850458,-7925.757466497039,-9500.760707066562,-36281.33282463476,-14036.110345378947,-7546.6342698502385,-7873.229774077327,-7387.142371988649,-17212.09650213361,-18538.41332226918,-4520.359739788078,-3523.5917293005314,-13994.455592104488,-20205.021480814023,-28401.87020383175,-21817.53113744055
-30589.103880378996,-29953.114005866457,-37972.86089277494,-39574.416703716204,261.79446299523084,-7207.4012221309185,-49788.00080921724,-50750.20043969762,-43829.02838478787,-20842.912661896782,-608.0915323052561,-587.1135508710524,-996.0072861777139,-981.2590956113404,-1061.9682652103688,-2570.933254216888,-5094.548916781228,-6843.64431529544,-30161.04909682262,-25921.536720481872,-6251.123074601923,-3884.134396218864,-3721.978245990325,-4803.255063812689,-36207.62269836509,-37035.0332270094,-393.7069927949289,-1092.9387575419626,-35271.23714632456,-35024.01489549272,-19386.378324628222,-31356.055765316265,-4377.475183151919,-2906.582708197553,-11936.445859033181,-9836.620118795869,-4483.607279930084,-5314.081514039712,-2900.830867938721,-4255.267583463801,-11193.337377335842,-17823.634053457234,-8853.13465128562,-12761.675420384267,-36939.26462503618,-33545.494179006775,-5377.974259870005,-3186.5833465195847,-4797.256535573246,-2113.3752678930123,-8985.908801162406,-12062.43754205599,-11792.135772326665,-45617.526982465606,-1917.5421421054,-1949.1860412058252,-3400.6958731715513,430.42791954640967,-7931.907338588464,-7829.209951046354,-2347.914388791565,-21520.875392007434,-8072.911680010258,-9505.196136085486,-26010.520890308366,-21692.45335353567,-9210.01118591177,-12342.934936704341,-15912.738662821323,-8909.140400477767,-3550.96261805438,-6361.321646934224,-6611.292424813993,-6309.466508441172,-5965.728388630489,-200.37253193603277,-4500.968649697834,-9514.995977691515,-11010.963836464385,-9391.347179361614,-16195.685469564889,-8843.559359075583,-16182.497569734633,-17635.000227859182,-5484.946379844772,-5506.251224810174,-19005.3620803825,-17234.68392253914,-8637.151103499398,-5868.119281827088,-8332.659936853135,-27710.138769119974,-31020.864528507107,-31785.51389482908,-4886.701027477009,-22587.00487423583,-4079.210415156125,-7.262831721012793,-559.7853264881653,154.47744000159406,-42141.946282931014,-11751.156810794602,-1651.1758876419574,-2491.5565974018773,-25106.4494772696,-23479.8363218994,-48264.49723469611,-47049.72040379291
-21744.948425487488,-18948.529465016665,-534.9512856805401,-2881.7765538477856,-5559.560856766056,-20312.394181984793,-14057.798403496727,-8831.904666593317,-1904.5099962265401,-3091.7416561323794,-2721.671219266677,-3271.7665043767743,-2664.232037631113,-2753.593799670884,-171.45610323690263,-2733.844932683411,-17891.16334768498,-20032.84959959747,-21076.811172087637,-19424.7768365236,-15728.834271379066,-14113.328355841037,-2432.1087278715736,-4274.985293855102,-2789.6958445533696,-3298.4098810306336,-7753.040618769414,-5209.513788853915,-7130.312861394213,-3303.461337538802,-14933.041631665776,-17642.892409519776,-3116.5532979129516,-3826.9272004274703,-4280.533294161284,-8543.872255423365,-11407.480440601084,-7895.046137730026,-3429.3144741949677,-2457.0273998940415,-11570.581512016903,-24598.345474844467,-7779.156018034145,-10486.144914298926,-1684.0547559049035,-2218.780975916556,-16536.010047704814,-3523.4371299159416,-13846.15804745696,-9767.893113754308,-18701.217288061005,-12111.9911627875,-1158.7935624658971,-9479.25484553121,-3628.024715469934,-3394.6315145351277,-524.3475075612046,-9043.275678492351,46.199294052361076,-2247.7684961904765,-10386.58591387411,-11965.950642270054,-8880.782659616223,-7134.34208930009,-9695.975244062593,-9480.587627134042,-5131.565728052653,-8453.305901749602,-10187.242043712078,-5058.454557536333,-1165.3689281509894,-3383.655716620228,-607.2697259522652,-5721.044745957418,-1661.3740836559616,-918.8613842462242,-13196.139832147073,-9533.933377534402,-9169.216685916752,-7500.246069525706,-10756.071358701145,-12613.35114667194,-11254.111804596545,-2794.7688433500175,-11577.941692773627,-12358.240333038291,-17382.715240874695,-16023.270799210139,-5654.960672395738,-7460.5153155836915,-1206.8931808871826,-2499.970773698255,-65.5442952983598,-16474.37488225992,-5212.9543158202605,-15305.44924574866,-476.07750860446197,-3602.3448487948795,-2069.621938670042,-318.0217326638689,-3487.3158146194933,-2038.1305903916623,-12767.25400781177,-2344.257983289385,-22022.481870789798,-19501.361250351347,-8407.46824914702,-10477.871025376855
-11143.64372653223,-8543.948328001079,-285.1284384547082,-1432.5807618009908,-7515.510105642611,-10562.944962245154,-10581.503282938012,-9452.794881999178,-3509.8339143869284,-2521.675675415439,-6254.85669676343,-6529.64797732732,-3385.0191725457894,-5832.689895443361,-5370.537903751017,-6535.836808724653,-6396.047403329201,-2025.410878400235,-4347.915375482091,-3234.8918344076997,-1812.0077358503809,-1866.4953024128667,-2307.7300869554497,-7116.6009354392045,-5487.699619450348,-5952.218793639015,-9619.808869597477,-5393.9277186828585,-3397.006591822433,-2925.745676802126,-24382.921351402914,-16053.550088961323,-1692.6078389485524,-968.8375092056854,-9280.303448745053,-14466.925741864517,-3024.818313217232,-4016.0008924209737,-2952.5832327627045,-1719.2344106692813,-4896.715405293774,-14683.964187627373,-9796.351500124152,-11238.699554472729,-381.64385250470286,-459.0004909473405,-7671.042237890248,-2946.037328202428,-10540.744060306291,-7639.994662316258,-5666.042857632656,-5373.824521853244,-9786.81025255242,-9192.236004022101,-2584.143356161459,-1790.2714060996127,-5318.687527152568,-7689.736769268904,-1935.4005117523825,-2400.30460428805,-1317.7053225563473,-438.7764218864945,-6448.746598115254,-5499.342818624839,-4176.907466962734,-4576.786778881859,-1449.1441388664284,-4445.063985681806,-4391.565368180924,-2091.820581821234,-2946.4961754397714,-1805.55408348033,-7779.278601234055,-11822.60185700155,-882.455834959434,-1636.8547765169983,-9142.326449464515,-6975.0885995794415,-12147.494569001085,-11498.783024194568,-7700.279987451449,-1933.9827088967763,-1321.3440137159819,-17.126721251731638,-15901.99944657728,-15881.170398839724,-7425.212761822336,-6529.160210771927,-5686.247814651553,-3160.534791875519,-8994.779464101626,-1876.52472606523,-352.55763737520215,-5328.356044896824,-6417.538366461032,-17351.709683857516,-5665.810817619411,-2948.182385063356,-3402.4513926296536,-3188.459025280525,-2752.27268862361,-9852.958914583,-4925.652199281441,-2580.755519717995,-18904.10600320402,-19177.7166455928,-4196.071869395474,-4130.583803202816
-28122.22542932546,-27703.0636444224,-29195.711908741912,-32218.64272245494,-2834.427047177481,-6822.612470448405,-40687.77769229183,-40574.891388386575,-34683.81810447047,-20459.439584885462,-3038.5479933386578,-3422.3779729556422,-3498.3564374208813,-1861.6056765157757,-3269.2750150434827,-3974.8803007404217,-4820.854222255826,-8161.473742603537,-25665.465377461747,-22145.092405090487,-7680.09678154914,-7629.662415134322,-2454.246125819928,-2857.964585887939,-3946.2451946480237,-3309.9500206793405,-27428.676549092692,-29869.938299027708,-30103.431274614035,-29628.16332397089,-9213.548784494351,-23737.838164566318,-5983.842210100878,-5236.404509247777,-6171.776912956333,-6952.020874390497,-9746.222111090321,-10262.16713151397,-7593.155312854478,-7210.026971296562,-14421.15867089938,-27600.688835594752,-4164.818800247051,-4874.317396048378,-29292.794456979027,-27465.890023003798,-7862.170044867935,-8748.838156218613,-2451.8002306698277,-3099.3672023024506,-14344.715980630283,-13189.357374446497,-4419.862257241775,-35708.235308534,-5577.178698207243,-4728.353484906294,-3086.5206071123926,-2656.2761050223294,-9978.94619105186,-9450.34825408934,-3131.3576252044018,-16521.114963089465,-5360.740079968304,-4921.711048044332,-25421.56411088427,-21403.46840398363,-9170.71685035874,-16410.85342134216,-15757.534180403864,-11203.22416345653,-8536.718032409934,-9006.80364190732,-3448.677683193034,-2834.0234119822658,-6295.529013378518,-3757.602789136445,-3717.9953866659584,-9084.90131616215,-6063.8915309640015,-7571.316319465996,-21183.78412465984,-11561.130486625947,-15867.363427977902,-16748.11186436387,-4556.45637653865,-4200.668023758395,-19346.762287159072,-18283.24589542181,-3649.1060208458316,-7118.876103575933,-4971.948936929848,-22481.82623194621,-26998.499905171513,-25088.93601361377,-6625.349793818847,-38865.92307395227,-5225.0604965537,-2839.503519842024,-3752.1533053169355,-3344.117678175195,-35565.76095819229,-7782.832704285343,-5713.9248239457465,-6318.892408082409,-12451.91971832573,-16579.478065948475,-39857.828139078454,-38151.25381236649
-5418.22637374562,-7185.841536024844,629.5320616955329,643.1985066154781,-32052.047701206182,-62643.85050233255,-4213.500276398241,-2804.1939168131576,153.31728371381598,-3275.776736130945,-40154.586614516695,-41706.963222688195,-24297.88262164483,-38460.82592031553,-50677.2178609238,-55146.43578827732,-39671.38655293144,-18904.498886516925,-3439.8590460052324,-3577.230016783196,-15910.785553005142,-18753.721113013682,-31359.390764183605,-50375.74978169521,-60039.135793040405,-57157.41558856606,-165.26831839279782,-426.77690009193213,-48168.73800770992,-48364.63483230701,-33649.21284635122,-7811.08449166717,-19249.949203381817,-20458.276444949595,-63244.05634626864,-54046.74321573951,-18222.94212096769,-18923.253354077602,-18770.198191901618,-17973.403121827236,-19571.337820126846,-27029.724201045432,-24170.76227526612,-34759.128708990975,-379.0808769532847,-1569.0353764336107,-20885.480211397455,-16750.49268126736,-49980.86291531923,-51704.43628942413,-18696.262588326408,-22948.89307644212,-56969.70769621416,-1433.507821288171,-21078.672536871927,-17391.084918696964,-39888.36620851928,-36351.809544858894,-11236.960660738703,-10656.07442596183,-22094.52429953674,-5025.860565416628,-20503.872921180046,-20904.162018721698,-5385.423346147782,-6189.4507476981635,-14272.92761750357,-18008.24702455337,-9747.623934426469,-10323.570787853918,-16463.85672943484,-13172.912931505074,-52275.755317457704,-43325.47792099866,-11453.797233598372,-22474.57738267113,-31353.47824606277,-18063.45832947686,-20898.362416291413,-20612.427637356865,-20519.006067021863,-11438.703704833544,-6661.449377665671,-5105.7642806643635,-70277.28677147836,-70142.41528570239,-17349.50646971774,-15965.414459099175,-51634.500919661325,-19506.378837654695,-46128.5183198749,-1130.4080991862068,-145.07588709871922,-3889.899938529353,-17862.604703700817,-77996.23896257544,-50823.55030556828,-32607.779434806616,-24333.734301628057,-26834.232658437228,487.69065759311036,-46800.28464064836,-25658.520581198358,-22598.4167977034,-15770.309961961473,-12669.611730672339,-2243.184872326495,-2353.29091310425
-67110.2137666503,-40896.22042642062,-46289.7442539903,-50020.386789625154,-47109.52855304471,-127445.1216776975,-6869.030040284384,-11876.475810613365,-34553.06874175236,-21246.51833046443,-44245.59087467247,-49728.643774379096,-47525.034457123256,-52852.71767641965,-57764.27288836427,-65437.412756686324,-88961.23305662737,-78857.54845427662,-52258.5497913647,-46979.11066640931,-59351.488917646406,-72572.00288423766,-56997.26904676139,-71355.0252785516,-38075.01324363862,-31933.456661324366,-55593.670713805535,-52941.114587937016,-56936.05039571045,-82659.8481381476,-20771.607563813915,-37518.58756139246,-71348.55322758305,-71254.67866471333,-35111.89733133174,-40575.40060890699,-75285.63069207789,-85237.86083528354,-52021.99117892125,-52591.74748770223,-94605.111215536,-94905.79874642409,-12223.688669848952,-9344.195188548298,-43173.10391862487,-32490.509807523747,-52716.31242124829,-48499.19005080487,-99250.67440829512,-96049.1408108532,-98618.18253175932,-98191.6556377065,-12628.097130748034,-13447.349768202283,-45348.397115909785,-43098.32683095429,-27862.62553727685,-52401.69289302569,-25881.098498200823,-19534.922131303232,-36527.617428374535,-38487.84558921505,-24737.438190698565,-21970.35174870008,-55237.78207207587,-55937.09510466927,-62139.296945161244,-62177.217090436774,-32710.47145364643,-38368.72848639346,-35313.177303420496,-48032.48161614338,-18878.01074227813,-19535.83222301444,-29743.132815717137,-49619.797546212794,-45804.62139833998,-33326.77312880254,-1942.7374990218648,-5221.3390108378935,-68070.75871855077,-47963.30826100573,-42003.61638403055,-40356.655248357914,-108237.1128001003,-107977.18597375415,-115938.35085659074,-117248.74920006195,-43325.64570248802,-37756.43408221635,-15491.417638176235,-18890.69512110768,-37222.1004707152,-14621.877495817664,-16253.696928073301,-100651.63334206061,-34021.660499310936,-46184.295865715016,-36505.744456145505,-38796.96249169548,-29975.659702569188,-16051.85001492861,-70546.13787395011,-65996.50787209619,-6875.729025851875,1034.5387862800885,-82864.17569495914,-84508.2084392153
-5681.945144647497,-11171.709558668193,-8989.415460238928,-10605.144830325295,-3852.8345954563383,-10504.772885352253,-30184.615776718096,-32324.772740715965,-13641.13981199203,-10504.483548279528,-6527.301905901314,-5916.664854908272,-2901.291872994593,-4469.503124417065,-7852.60457358867,-9898.265828843778,-3913.0046603913624,-1510.0922558826253,-5457.724874210745,-5417.942856927312,-627.5077628860574,-231.94674090051282,-2832.4291031039875,-6053.239674075096,-12392.424080075605,-11318.952438492353,-6936.285115697768,-6181.817144347963,-4614.027089764827,-2062.795193846917,-15420.722688568578,-11179.856147372946,-34862.5156922226,-38117.0009550605,-16885.046282980995,-18356.556691355214,-2337.57916898446,-3042.2661410728733,-2686.380735935786,-2576.8656929146064,-4766.488087954404,-9453.783840714106,-18667.179157200353,-18964.819036307246,-8147.906685668303,-8617.75214742144,-3796.0344305203153,-3710.349463238902,-4628.758523806054,-4470.456471501236,-3421.9944523811837,-4558.348561629505,-19757.485675817672,-24014.58499708457,-3466.784007635285,-2306.4204428159974,-10714.32261354278,-2352.293255655645,-6798.434604338135,-8161.133712023756,-1911.9244653959443,-3330.4826736258665,-9415.025869833506,-10168.824394999418,-4615.446962722429,-4378.7528412557995,-2717.408595096579,-5093.503993119256,-6678.71117840707,-3857.2798290313485,-5338.0668453599765,-2792.9587296948857,-14851.319238718625,-14825.05081874935,-3380.5814098957026,-1347.1503690652874,-8813.953810520321,-11250.709008235714,-22859.54986238808,-22085.76878675629,-11577.611453303074,-2623.697332561159,-2699.36974326582,-4064.948554368454,-17210.060399120495,-15859.528686776928,-6934.44988164969,-6983.476368567438,-10783.93342367242,-8008.788335808172,-17220.643252550446,-10326.218924836368,-8372.60341751191,-14946.095356579255,-11456.71003997762,-42790.37183386236,-14484.151818925366,-3874.145625606293,-5158.327059554777,-4698.397272917119,-16093.435531767722,-24006.04270151752,-1324.6585770059585,-2105.08708667717,-32784.95839601991,-36104.25962565903,-21307.3058893386,-18182.855705193182
-2324.5374146736694,-3723.8584570030043,-4277.161236348582,-3738.708508313945,-3254.6275078959793,-8262.089401192918,-9523.049332842826,-6298.661567471962,-3223.1857521184343,-1984.5899001898185,-3042.664431426753,-3364.016480003504,-3196.3121710608743,-3269.8861354232854,-4092.8424814402447,-3416.4727102297884,-7119.352603012242,-2506.6601474051045,-2434.6788964443754,-2034.6426280591027,-341.73618529721557,-2636.5049496596243,-1576.714940201366,-5329.088830341809,-1646.8617556469603,-1794.5786336992082,-1578.9521229998413,-677.4679412555329,171.75677000487642,-3801.515778788386,-2973.4111990589213,-6428.69710151306,-11373.699902636245,-11617.598543838669,-3124.6987429923815,-2337.9137488861656,-7023.30457439333,-7728.86807890317,-3338.0150215634117,-2719.1003306622065,-5179.792096630449,-14125.37361194376,-5677.923189212725,-5951.708264215716,-2704.7809738137207,-1356.096410102115,-4227.0104546807615,-1231.401758507808,-3497.5566073211785,-7157.747139526863,-7033.21591386043,-6288.300237628236,-957.7125983094854,-4794.690436444228,-1642.4897292412556,-1192.5937006541267,632.5329817877969,-1247.4832486653875,-857.0763647885092,-2083.37103592589,388.53544822298295,-151.14978334801552,-1893.8296252234345,-2199.1829187216267,-2918.1132986025013,-3655.9414011787653,-734.8516893493477,-6378.6973282742165,-3726.853527507291,-471.3518504824722,-2826.0879876990716,-2799.0323563763727,-2171.3127276429063,-3478.1607764630376,-1038.4473429222824,-2947.3694991772268,-1319.5222064335073,-2381.2634223742266,-8416.908555827407,-7848.459607853071,-13594.785348374768,-3221.797880409597,-2619.594134516307,-566.1851744484652,-7035.218284784013,-12457.085982428245,-12001.787859201528,-12931.802605016062,-981.0880186849797,-1407.345980211618,-3147.2646604997485,-1835.1358024116403,-2576.0548527518026,-3119.463964901556,-3890.5196905961798,-11017.958055489777,-3221.3087316140504,-4135.679203044847,-1843.1598115294387,-1638.7754831494444,-4126.459440892175,-1674.5794936268474,-2332.7462623926813,-2874.988773289943,-7318.483419791109,-10955.104949471117,-11259.966866036366,-9535.354623999003
-32978.27303425008,-44510.31477780577,-19608.496795197017,-19340.005060548254,-10538.174828534655,-44805.50643473835,-33910.47017048239,-33943.64287764335,-24615.78826689336,-15049.924550899537,-11544.251527357672,-15981.04339509578,-4877.842937057082,-11194.235314873164,-20569.595571130223,-27105.26466687373,-42271.434725345,-43627.401597111144,-25759.192614691332,-21636.910732164368,-20814.41063395067,-12810.870832358603,-9935.876049494487,-18166.159151095257,-34473.90115342348,-33383.400640246815,-28796.245432879718,-28868.105361858965,-34723.89667019988,-21322.31757584709,-28304.686757975927,-22402.63765600341,-26150.14186878316,-15966.294206973747,-4775.51452554355,-3671.0822959749503,-52033.80903135462,-42371.38225686801,-2602.808728654986,-2180.933409831953,-17837.621002915082,-24342.33179095178,-19315.168193932797,-28800.16588933632,-20943.852967797255,-18186.974247065024,-11312.7613132376,-7254.702421099298,-26274.18728562194,-31987.482895355206,-16480.452693825355,-16204.264458160731,-45100.90370826738,-32584.626172787335,-5561.381958102284,-5998.451045795927,-23004.303198791516,-20389.29703926749,-3665.557998656587,-6687.94224175386,-13411.20744434523,-20947.1144302935,-15869.668184665323,-16930.411329742055,-17302.51743872135,-10224.969860755373,-14787.42376518104,-13168.58090264711,-13424.039762405213,-16356.472386437934,-2372.7344466701043,278.43999609205594,-34594.66595659452,-21738.95996692177,-12062.193350271962,-4496.180713734707,-28193.78835238295,-18012.51977983251,-12454.487362434389,-8968.973947871826,-15567.744771235914,-15250.148952678777,-19565.734098421584,-12735.224937715306,-35936.186789067295,-28328.10027370788,-6551.417472691858,-7056.938583326993,-32681.57160244562,-12418.239767266146,-25760.904206886597,-15051.070284578134,-19903.359888232953,-37105.531695686754,-10190.169498377887,-44427.18333124463,-24130.154252871114,-10796.560126913013,-7942.690857935931,-12615.734825057443,-26983.01104689925,-34386.012226611616,-18517.319349385216,-166.9752676368812,-24726.941646126565,-13356.740826259891,-23639.486923986347,-25571.867893725197
-31461.870394997033,-29180.974344107115,-7236.0990015973175,-8275.114411440289,-4691.960392590055,-28857.918284961863,-21168.144253535862,-19312.779552776887,-11209.31798449557,-8264.352971816228,-2502.750826255145,-2091.2440063806894,322.8983379787876,-1219.2711008803403,-9789.937518872579,-7126.331538576745,-30678.30201172907,-27708.040523334723,-8150.949689905236,-6814.943384068221,-7179.949905288783,-5178.21884429055,-3698.3309973941828,-6364.370947476792,-14960.37384238678,-13686.576262431354,-12515.409953966326,-17740.129399498826,-21348.489090676903,-10436.860709620425,-15732.264626251123,-12074.987760746266,-26916.450896994498,-16482.843809528913,-6112.222627519858,-5206.753576977138,-27308.488556888205,-28525.496668290314,-523.570900621958,-2253.624494613347,-11733.017873776404,-18925.45349829896,-15701.300044956468,-24410.104366003823,-7797.416023220164,-7116.853857131059,-3727.8191820000825,-1518.0970997732063,-18046.481474780503,-13919.427547061729,-6289.209732133982,-12765.038526568005,-26049.891757796486,-23072.47824224835,-1486.3625932783066,-5797.7688748554165,-7045.8415538791405,-10692.954474553659,-1668.6289527645517,-6153.116800761632,-6488.787601584645,-8263.461710297986,-10615.911937991037,-10584.217833840808,-6600.705322736026,-4510.472762072826,-8666.624309332718,-18402.17864158734,-19398.610655219603,-19366.4678630307,-1780.806761852024,350.44319557367714,-22973.70437649424,-17380.36186626236,-8754.396870883207,-8092.61780810975,-18814.2292166948,-16832.227704688612,-18590.909375497893,-9645.655895714994,-13377.035272716104,-3902.8258270895158,-4303.905688200921,-2381.1055244432014,-19873.87582099161,-15096.326449887853,-8093.324740886655,-7183.41247045778,-11522.972560201622,-11040.035619404367,-17916.998045149692,-11663.604009038125,-7452.830526802626,-23304.540655971705,-4182.230509479904,-40287.43664817459,-7385.877742303589,-2449.5854566432486,-879.2917296666013,-780.7798752267439,-10050.553971331708,-11269.579984180538,-7578.291179883894,-1106.0808232560885,-20860.02474124962,-19473.606396292886,-15590.449501168066,-12498.92644489626
-839.4395451325597,-2901.3007539246223,-2395.309608444038,-2547.097910244052,-1322.108070041131,-2848.125745325529,-6435.925882822607,-4906.6316095387265,-3099.283469120002,-2429.5305499768647,-1269.8294334962768,-1170.1652999860446,-1007.3367350581736,-1747.2327612481656,-1453.98099798815,-447.7925845397798,-6481.575940254412,-2826.2142290968673,-1385.7833688130102,-1387.844798377502,-2685.938988850093,-779.0642220784991,-146.30757775208204,-236.61507901399037,-3565.8128695390674,-3685.8834259300543,-1880.4326259449642,-2261.7204007790765,-1772.1248271731363,-2482.0736333451546,-5341.264674731512,-1775.1372037052404,-5681.206054769855,-5421.281561559319,-2557.0650720283643,-565.4679866616839,-3931.109707192552,-4911.663150539263,260.3435779282382,315.62871944384193,-123.56369434101194,-804.218401297903,-3949.2746477416126,-3905.2628991509605,-1992.0256121022446,-1391.4839920553839,-1931.1197280295216,-712.0267072159146,-1540.78355492262,-1994.7746357012854,80.60099245530229,-180.37084883435955,-5238.06874072937,-5945.109860194605,-1712.3454671998386,-1638.4482938352064,-2263.246188610202,-2068.210365468743,-1275.1680930092605,-1843.9684172383766,-1091.0586924089637,-652.9407593634439,-1694.518150883732,-2102.8718035378165,-2557.8457750557477,-1116.217931619865,-857.9459579221927,-2073.9733158089866,-1000.2352377959376,-3229.799698240027,-1072.585652163288,-1180.7313214692747,-3993.345347754435,-3826.017908976695,-1564.3697865060874,-1230.9464297458815,-1904.432833272154,-2543.4113812097544,-2926.7465699796553,-1622.7080392767782,-775.7025816403527,-399.0955468853748,-922.7192970223166,-1020.0400546964718,-5101.584265036223,-4176.335040757211,-872.9982488144794,178.21055846673792,-2817.4773464662335,-1755.765557652461,-4076.1054682043664,-2429.6180622377046,-1174.0245170239466,-3437.0803205586467,-2493.766865614501,-8945.310363043556,-1495.8814972092039,-578.8629744203129,-180.7592530531214,-489.83002548537786,-2445.95192930473,-3858.1119497983996,-1231.8572015450825,-980.5189106375672,-5166.479459709588,-5400.947998871057,-3407.2387260306036,-3328.0701631343013
-12086.521508197353,-3826.291369639462,-2486.4818849539383,-3300.6374596332985,-2586.8903735966246,-6002.7231674542645,-832.3947927828351,-825.7365464560946,-4352.934558485454,347.4757986268005,-944.2276108437447,-1003.2217170876913,413.00962845737286,-444.5372254593467,-2192.089903126523,-3156.8220092255738,-581.5407888017883,-818.110924078291,-3531.231111864597,-2828.953672069512,-344.16279120172203,698.8337205469032,-1352.4253707352848,-2760.5163300276267,-1283.0847312654598,-805.6043377728722,-1940.950699515169,-1601.2463298015293,-4222.494919352183,-1812.9472541108375,-2499.4029484590224,-2503.8894813410675,-215.73619928741485,70.7402880348154,659.746158009867,797.1155004227365,-5009.98398002868,-4561.883203127837,192.8580732018372,40.04862769219379,498.2447608024295,554.3270464123407,-1634.1264106253304,-10401.847081764217,-1720.6384252640648,-806.7192536001469,-2620.6169918073224,352.2378393223398,-4635.924108177635,-1995.4848132239943,-949.8629926123333,-1458.335979422781,-127.39440712439774,-3289.654925255914,-669.7275094951267,620.3402261330548,-289.7177092890133,-2608.8067856131033,743.8624636448576,715.7137047206843,937.6920257823548,200.93948349111074,-1656.2565172853228,-725.8575410542483,-3498.662041342113,-3385.5138195807463,415.6721893783024,-2974.191635354882,-1874.2273051280583,668.2975070066377,80.10531109455677,388.8010420347773,-188.13216638666293,-2812.2439510045892,854.9612331587041,621.9558277225215,-4480.395613886701,-4128.20326908034,528.2486871583742,293.03933628132563,-4517.986455230851,213.25889481290412,362.16519595424234,380.0696772998699,-10132.306860002742,-10059.943370639516,-1513.8836710364933,-1414.459066374716,-1885.6007862521449,-1379.0419648821928,11.249653613404899,145.59917502447556,-1361.4733322095647,179.0579489503352,106.23544560572826,-10043.091610364116,-1274.7060950456882,-88.24486173127026,448.6895969216339,390.1622685592365,-2131.346448241596,-1901.3068611654974,350.82335350110134,509.2514253479958,-3465.6523098868433,-2592.961754956859,-6727.716130581896,-7868.549540386471
-7458.033693322349,-9629.90776883865,-424.093149567042,-1746.8508124078407,-4857.183673077724,-34998.97729421086,-6695.8574462163915,-4038.8156766415304,-408.48115146304644,-1803.3718276219113,-4708.67410435789,-4836.623502555473,-4257.52931036174,-4657.710396047415,-5396.738256800595,-4013.839681554058,-30038.189484417697,-22764.460375039333,-6936.644990901686,-3713.8345050671096,-14181.083228506262,-15540.186452059042,-2633.5290827137324,-2893.0503226008987,-13474.112612549736,-13324.75308942678,489.1746441111636,-4102.9921749822,-15458.435449470559,-9648.62403755332,-3113.6455399290694,-2268.6649112212726,-18267.699557477954,-8238.562959356608,-7044.3465632718535,-7700.587022094663,-14155.437639495209,-7978.192227279443,-8855.206363005997,-11062.012617488534,-5741.222879897973,-4607.857588192211,-13974.764942659236,-25577.84961717325,-5341.884792008549,-13792.55010133961,-16893.165884343955,-7512.901110484726,-9794.33835184076,-21580.088952973918,-19453.8341998601,-11383.078741056375,-14052.846394200515,-5790.703823994695,-4568.973472367909,-4546.609086333566,-1760.7147554346263,-12712.147617794977,-2744.765693022342,-5441.476455729043,-11917.584766358279,-1372.846147163761,-679.819021033614,-4622.958893830563,-6726.2241485795485,-5009.2390283810355,-6887.356457290119,-14881.465698386968,-11352.552239573433,-9053.717635069614,-5412.320197070944,-5458.718444520312,-15546.295796035436,-4381.832928833984,-3752.9520160461216,-5656.237373375446,-6692.611325615576,-4691.9811990676635,-9782.455228348346,-5476.393016427867,-7798.2226887938405,-8634.08746353108,-6835.921138513823,63.90044169789006,-9071.845524849512,-9251.088748944076,-17613.02613971225,-18136.264207701865,-2520.129829919282,-5075.013790546592,-3637.6438343008012,-852.8818524866847,-114.2151815991938,-2366.23038629197,-4264.853959798925,-25194.46930366434,-3381.1440447957684,-2892.4526133027357,-5299.90142705259,-7029.408292810981,-3216.024933961014,-3375.826619545285,-17737.117561838673,-6601.712828551182,-3180.3435599399636,-8069.711613369141,-7919.914759582539,-8689.24578042293
-23805.54142810719,-40532.35576074027,-6231.06395188826,-4248.562197630781,-4330.230585362668,-47677.98189731595,-6253.014281377695,-10880.175707310693,-8878.68060966404,-4844.635930695564,-1526.5275552462188,-3558.1695448941646,-1067.5265640690377,-1032.2837734015409,-10606.38741291486,-10863.688397204642,-40133.42795520397,-38483.5497933474,-7895.685015628846,-3294.515093366066,-12727.415576599338,-6055.086741040901,-5517.065191424834,-7323.126773908785,-11011.728641928992,-10132.403375193218,-16819.011112228378,-20602.45959642722,-16126.772360751205,-14747.044401849671,-5862.232673569808,-10120.428078480116,-8549.807076952702,-4257.8626417129035,-8932.165263384864,-6017.746697919843,-20172.7297587955,-20463.349541481733,-1042.7046474836459,475.6976701550977,795.1679293058482,-757.3767140225025,-15772.133419953192,-14559.864798267656,-10134.500357230372,-16618.092862924186,-6823.906754681018,-6238.178827622636,-23284.332946789415,-21328.182736736,-8675.65714016103,-10376.990309103734,-14429.04100618928,-12876.765926654803,-1079.3966932248186,-5230.823934905398,-8747.423341372072,-9823.85511163573,-1222.0328288250819,-4886.477415977719,-5683.163515446769,-6470.119700260115,-8697.442574218734,-11569.709509821438,-7083.972070247637,-384.09483837965314,-18380.225934341863,-18968.578975965564,-17201.93336430402,-18849.24956848562,-758.9281837398519,992.2623010237953,-10816.345817215279,-9190.584128819119,-10237.271748714636,-6249.085400703181,-20793.81150782353,-14564.073572356781,-6143.068165056178,-2880.2069089362844,-9976.29046589895,-5755.105625038068,-7752.858535431986,-7405.150835359793,-18177.962825407587,-15095.05056760928,-5131.895190702842,-3819.285364195084,-16928.463773262592,-14747.051587918999,-10287.675689992906,-7692.455961809032,-5311.076536440574,-21515.612347390594,-3561.4778197099727,-18866.252102257124,-6738.876968978664,-6804.247900603361,-2145.4207464959104,-1583.1359648194264,-6999.079795159043,-10754.113567115237,-9796.494250262858,-1158.586759787773,-13010.856847400868,-9408.068250616217,-7690.285137090155,-6542.255225903649
-52835.73672092175,-56172.4126383791,-59983.757410042315,-72905.71364345093,-3515.927873612596,-10556.149534901015,-96043.2949069081,-86685.84057974862,-73456.50447957602,-40499.670354590526,-4664.305774838354,-3528.1138270677584,-5816.990644826361,-1864.1532095466794,-8870.35713232173,-6940.098297425935,-2934.0372476553803,-14643.917005472751,-52519.87704767576,-50699.033902885145,-18243.647368676768,-14163.5934533326,-3691.073175092093,-3116.5207398246093,-16171.410758761962,-15115.541033725876,-57898.058129358986,-61903.91576632753,-5882.582651352783,-612.0038385189746,-67689.99730086516,-62731.81436346903,-35881.85374952388,-53891.620313865984,-12156.254588980093,-11355.948772886226,-23283.06212635319,-23308.501647813577,-12574.718320799915,-13014.325315253442,-10418.389247050141,-11822.536623484553,-20223.457562781154,-32144.275536999216,-23903.593826374217,-24397.292752771817,-60401.327831114184,-57756.757119544556,-13471.208092066208,-12744.679087546403,-20079.39524470623,-22281.213102552556,-27019.247698218915,-85660.03397441417,-9107.64808601762,-11761.260945284663,-12107.49048466478,-5988.150822749401,-22266.695058877038,-25792.433580901303,-13748.42241235221,-43326.40040177309,-17359.512740035196,-21427.739792409335,-42177.50238932295,-39947.82330171314,-11848.050607862713,-27899.791436326275,-31813.80710715339,-30334.740713209943,-14032.978862943983,-15823.242885248135,-22445.349750435136,-21624.43725641596,-19760.044727773584,-8089.265333943109,-9156.974705492094,-18809.93140594516,-32319.499500183916,-27442.515905624667,-36449.90998711034,-23846.64897183242,-32148.162218782356,-28869.21997049853,-15047.876347133115,-13200.918276963039,-26106.751962814695,-25802.1344657103,-8529.706918910559,-16264.319583528797,-23914.307709965837,-56465.75597391191,-55482.249440084364,-60540.854576209334,-19437.210599564172,-60128.90402951581,-15279.449461976106,-3365.801358931447,-7278.968325425038,-5696.7658746820925,-78632.52541891154,-25582.031499330424,-8190.767087218159,-6835.144441347784,-40658.19152972135,-40796.64357194343,-78905.50140629447,-81255.61230729922
-5151.7918948496745,-6529.20512654687,-3832.621976870012,-5169.787639205928,-2581.0317277919467,-5141.1531928506565,-6249.661931378128,-6101.4364658528375,-4958.275435692953,-897.8180857239078,-4191.2841648262665,-4481.046898520123,-1091.2984827212174,-3285.2206903490264,-5434.399313903469,-6193.709149514129,-3727.6721257541003,-1632.4929407982825,-2980.2239200248523,-2550.9016976992216,-1774.189445543658,458.4711849992958,-1368.9823526335902,-5318.619480996972,-6344.193073541811,-5886.508136602072,-4067.6967171631195,-3631.3301665541044,-5108.0789556613245,-4007.3422896816596,-5172.931721853508,-3332.894314997532,-4192.250791543849,-2666.118062333482,416.84856289215475,447.8279138037682,-9541.720574365472,-11703.840891829235,-45.08049071635264,-72.30693000271451,-427.2239275415213,-389.2678339898524,-202.66317591283763,-2646.5912667662797,-4709.013329292758,-3463.7008364970325,-3379.595414575395,-2831.7403661320877,-1052.640852031693,-792.6616337923206,-4610.560463388001,-3893.4369729916475,-7299.139307707182,-6416.654907257392,-520.7811350069757,-296.56264773136024,-4584.449076079321,-1499.7992405777557,-347.2021129542281,22.553819450446163,-57.03764650052144,-1159.5230629756486,-1565.0930878055303,-1887.637452505595,-1483.5917583596768,-1323.2434679610326,-146.8046286508051,-1347.9084908256307,-1724.0864330109841,-2059.856516589317,-777.0629838478218,-125.76803416140494,-5266.527555708771,-5857.539830030183,-68.67082966449053,-253.07442405078874,-4688.604095054304,-1867.5511439589397,-3272.270415242016,-2973.893375440648,-471.83826747373854,366.2810828742641,142.00700766706547,14.834237490327787,-9298.120530141949,-9823.964959627303,-328.15468287622383,-284.2616323149286,-6272.280486665965,-2281.610488506799,-6518.440949550605,-2574.853975425424,-2729.252691418109,-3498.664592130063,-1962.1442306919218,-13583.424524838485,-6870.105886349099,-1771.2319644449678,-1794.2637121498635,-1886.301302837947,-5691.064247592718,-8194.774212417551,-41.08539517821591,-406.1820602839547,-3626.909967280263,-2479.964300984562,-7124.4341559779505,-7091.585409831366
-6078.467283425322,-7607.848733135536,-545.8079489253807,-3398.1665942929335,-3178.3092193467687,-16160.677989001715,-1882.0387214891612,508.0306839468747,-1532.9320967345207,-1019.8800860660208,-3185.9734933478408,-3362.0535065180534,-2810.7586274636355,-3183.2408992771902,-3160.1190065519563,-4434.553701422258,-9485.500399155799,-4142.244091502108,-3370.410797609025,-2918.1100943115684,-2155.977424668637,-2003.4835913778893,-2214.0658674480887,-3507.594447879304,-1738.9887825365818,-1343.8683932777144,-2591.4024624580866,-2754.9285767997294,-2339.4137395945813,-4726.755656972943,-1047.7968487766134,-1164.7153485696558,-2447.9523761341493,-2221.530936594159,-2878.503935452821,-2504.347490133901,-1119.3983831954479,-3412.5987878763203,-6879.04737626746,-5954.015439194926,-3511.3581462232482,-3171.924430976776,-6893.468946761562,-13374.680870578037,511.9921324918749,-969.4958828791073,-585.7297410949918,90.01557008801937,-6524.247339863498,-2569.740962121688,-7998.1427000957565,-5915.4055968314,-6034.416282265164,-4661.124079515816,-2813.920562880239,-218.68542186609668,-776.8364185243204,-824.5140641341363,-1518.6102077596966,-1282.4017102998273,65.16383114107047,-112.51939866778521,254.26503417383972,314.14105375947,-4014.8518804899445,-4137.921341322429,-3176.4947525878174,-5356.679219364633,-123.47665312729914,-2011.7286206632502,-2201.283988557226,-2909.335536842563,113.15086681540451,-477.88948103437104,-478.64814873816175,-2815.5911965390637,-2869.405427589512,-1369.3820376704912,-891.5506952439259,-1330.9722285753464,-4491.210618184611,-677.7159239148837,-1801.9768760168167,-237.85670347581,-6727.064279457446,-6760.892170676882,-9094.5640479769,-9335.91834088426,-3496.270048207874,-3144.672649067966,-404.7125209054149,439.7413482518521,-986.6752662350277,-49.376493474098616,-2353.0297077477094,-11832.107805264774,-2102.9762860447895,-2406.195931622476,-2126.430545419463,-2319.646922105772,-1714.7902400560938,-1162.587814553533,-3097.544062187482,-3351.0838783592276,-54.0701307224892,-2184.828492894268,-5948.866971451928,-5871.160974878768
-2683.7566379275713,-2288.166192127993,246.36584785334296,66.69391378403405,21.698536093124385,-6921.94205036896,-898.7157704222088,-570.4937015013318,-81.09855822670626,83.5302339617151,729.8784035723074,655.3006940190203,830.5265808474319,712.797366388944,98.7149412639951,-123.25070596526031,-3191.262420877929,-2824.2372628380817,-1563.3243689645008,-561.1475376134897,-1479.6857182689112,334.8066078595894,-814.9502873549834,25.53311160830661,451.9307108420781,601.5864433854022,-185.5213297326592,-292.55377229601095,-8836.064212078198,201.97605709630758,-405.2251925097061,-2787.7049127160763,-1956.4768639051165,-425.6701431839506,413.00291814533875,216.20089491177535,-7771.992626779362,-4332.188393927635,449.3441647685063,177.3945888303965,716.1089432871191,359.31229525724075,-2648.3565764150308,-8170.985576414726,-3068.489525105744,-1661.4184743317876,-984.1545117865214,234.05082197310864,-2169.9532091751153,160.5651728525136,-325.7407481624291,-4577.2621050649595,-1992.2716984969722,-3866.7923313430992,-3267.464689083541,-884.1449206209988,489.8454556690226,-3724.2264548503717,585.1186444912269,448.4754603428696,793.2913211541909,254.765371683754,-1720.4456466047457,-1412.8840445621943,-977.2804756186858,-1104.3295604172642,384.4462819518831,-2808.069753716748,404.6420569712168,-51.707343599573974,-3.3400118635599654,849.3698709926779,-1180.2943548033056,286.0810306088347,700.1295845453383,824.7919469096919,-3226.324411060389,-2668.567975957548,434.886896647145,145.55974633335015,-7837.357368087968,-168.24259342104594,596.9524195975409,499.34118197137605,-1913.4637686347312,-1340.5649211663592,-1311.8081896637057,-1288.8530354876027,-727.8042622399294,-1798.8873950378227,414.4287076667056,180.54258827420878,371.39160032425036,-3235.292600023966,-512.918908048993,-7366.120889490169,562.4348366458539,501.1621123012842,58.96672178447942,794.5227415335062,-313.3714934392173,-1997.728428934283,-1137.872309015451,662.6500380918255,-2606.3937149468593,-441.4618856577331,-1033.035165518483,-1482.3364647364635
-6055.9933775570935,-6063.71356620271,-3668.1819162166275,-4217.142344085044,-741.0029545665126,-4930.4472550411265,-4786.096805558779,-4034.4594784175924,-3963.3865160191303,-2724.8154911711563,-1068.29121358797,-1104.1391775040788,-1032.2186417755397,-1471.5371032259968,556.0982094638936,-1490.5181472483778,-2472.9242990117596,-3711.206916678169,-4759.169957347196,-2272.3127627082677,-1301.139646238527,408.9787223387585,-1807.4267783760683,-476.34762757307504,810.6936286556053,618.0649866156351,-4240.890345040152,-3121.8581734823924,-1336.3333625953342,407.9220790327424,-3597.873608093515,-4854.218312044872,-3734.482552178302,-4640.852073594527,-250.94870437593937,423.24242127028,-925.3544927348809,-1293.2929347233544,-2520.779103242817,-2870.922548479513,-1821.2162685461767,-2046.6176258378941,-4173.217479093506,-9992.626534728315,-1380.9329225458848,-1707.867503842786,-3362.8605269535974,-1918.5521392125581,-2522.6719725140824,-2222.0508161407156,-2147.330396517001,-2153.4073844971385,-3172.1315279058285,-2405.815178587777,-21.56213201804651,-1614.3664867615214,-1430.6374330027713,490.3899478600261,-1956.1697104644034,-1038.229507732172,453.30296985606134,-405.80781935831595,-1210.9731392750753,-703.85902689072,-3777.062645550682,-3604.2419081237267,-2378.900160505694,-6237.251493866216,-1705.3780729715468,-1637.2146396527492,-2227.6158755230676,-2408.3497905754443,264.77461379599544,332.3995999466321,-184.45721486083795,743.2633481047133,-3838.5853605195985,-4146.138559212132,-1447.4405466204876,-2595.3982090946915,-6239.708897657631,-903.7906953982416,-978.7505961501407,-907.8691725728339,-1327.4367249384002,-1701.0914207409764,-4570.799184359868,-4566.829285740703,-1179.958328223201,-3815.644928151141,255.54380740508049,-673.3345800261076,-2992.6751936748688,-2232.712538428979,-2452.1363711398694,-6042.6408998214565,-1023.1699966794073,-891.5525055009599,-1422.9500413624442,-1410.7696105029568,-4347.471592190599,-2780.9241827412143,-427.447307258476,-1955.9109911163791,-3009.9733828427916,-4574.019483501302,-7142.0353203803015,-5969.024525327065
-36464.01173901532,-22856.01573552916,-24727.573933693984,-28515.055219303693,-20441.7634215487,-69549.26310184704,-33419.12287551546,-38632.7875156322,-30802.48594934202,-9189.185442237153,-18185.188508941028,-23336.75395809245,-8170.18280801846,-17707.059947282418,-33045.30891574113,-42994.52170302687,-54873.43308164747,-36816.86446274954,-28027.10195091366,-24273.305675945878,-23946.446747035166,-20758.804761513515,-14140.744447539471,-32234.906748823585,-42714.4000464539,-39561.67160515473,-29385.700239238882,-27301.297193410894,-39165.55663590683,-34871.11454128465,-22728.9194791287,-21840.513523768255,-34391.72870852289,-18357.470578122215,-12589.106853129078,-12196.200201048601,-57605.04284691039,-49133.088251282024,-10745.007832057596,-16130.832202982794,-4529.263067690709,-5439.3213989936585,-31524.121259136853,-32955.409361250466,-12174.08839224759,-23761.312838384096,-21680.434592309055,-16151.468949400614,-19997.504285199306,-9318.637887336834,-47386.76732853145,-48640.29064783515,-37255.36748956368,-26591.26280186276,-47969.59324361666,-35341.552680737135,-7133.474722810609,-8307.095921898812,-23788.250850312616,-30082.58471266445,-12894.050777091032,-18203.080605233525,-8954.718375783848,-8558.662045745032,-19341.176926623266,-16124.159461494299,-15960.078042067289,-17095.357411501493,-12322.530375168744,-8749.185214038791,-1829.3467723631718,-3350.691152476817,-35362.34749093591,-28502.09761658465,-4125.654944248349,-10782.427415594047,-27437.480570474785,-9972.73113464951,-12534.31600927151,-10421.361740775608,-17769.344608745647,-16492.170730722108,-19851.628260373283,-11814.232782375793,-70915.63442300029,-67539.94169533912,-33823.838054181426,-35282.307552559534,-36175.08298300648,-5912.993459782939,-31121.20808798319,-10776.418704064125,-17409.452858428293,-29989.64095022119,-9703.562171637283,-87159.25116236425,-33015.92153542092,-15162.455412039153,-6568.5904643310305,-6994.603311142472,-29463.31312170616,-37063.65518934335,-29102.23114236034,-10324.359930015922,-25850.26141243594,-21841.92536353573,-50438.47312522121,-48225.60218567081
-7829.091581282438,-11425.84013379438,-3373.8998248286657,-4300.4021740141025,-7247.935793726617,-32782.766711424745,-11155.558040525415,-11010.21405814787,-3683.284590157505,-6145.518844400163,-3583.0714440117295,-4829.836125171102,-3149.5127233000817,-4528.264905338466,-4763.386824198455,-10688.917688423826,-21052.42348872324,-16425.554178095623,-3727.2100683414315,-2826.843888461735,-5299.652558861969,-1172.5112475403967,-3604.2896493274598,-8343.00839964443,-1304.3248334091713,-1170.899854698373,-5242.085510078002,-3193.0233193270683,-4674.5170058291105,-6894.57552559244,-4792.033015523978,-8776.62590349419,-19065.071531618854,-17126.534177331425,-4921.098329989326,-1329.351237473029,-7117.896612085983,-9433.093082429608,-9881.071446507744,-9830.943308763643,-4281.744322300218,-3627.469254685769,-15972.826366158464,-26816.717528645222,-5869.24930938308,-8507.071493914147,-3853.3087877038047,-772.9266826349767,-4892.624058354412,-7137.658744553307,-19232.248929493213,-15317.211449714348,-11203.963590830197,-11229.412876792816,-6487.280170854966,-3477.7254131485333,-2616.1801779815282,-981.1205702438592,-5273.417520403832,-1783.4418841249808,-2146.311985586042,-2045.4384326394056,-2164.447919922502,-3296.5355192819547,-7585.437705154181,-5619.077247598149,-9232.932843301358,-10949.751074482425,-3025.5506322227006,-6250.876611612562,-3999.6939415970696,-2695.0359322772706,-2340.5697687439965,-2804.723089377696,-2076.557835502472,-1055.9919089213454,-12251.754334257828,-6033.929540029697,-9953.251847955748,-10144.939623552782,-19149.569265743394,-3976.2462621326454,-1903.3608949309264,-1544.178001090825,-15964.626881520246,-17337.881337750772,-18181.126701861966,-18721.556321046282,-13047.512926819134,-4414.2370350126575,-3623.7412472391825,-131.91582058481595,-3024.6465512408463,-6847.4579098150225,-7954.89098938179,-28267.892926849465,-5729.110955674695,-9252.953330161457,-4090.244328699569,-3363.2489089668666,-4981.587224597576,-9624.091946500645,-5376.022374333736,-4983.875070109293,-17924.23269705017,-17208.958946599272,-13839.073104183364,-10681.268160653504
-26905.957887107714,-28850.726601614475,-31225.59279405655,-37291.00817463536,-7120.719895391018,-26631.178123873386,-38185.10166239134,-37580.90174476521,-33483.3522121019,-13086.695382179987,-10315.397141744434,-11066.844405015208,-5667.434488342963,-10631.06277920014,-12256.313064941733,-16233.826836782278,-16356.982774278125,-12378.953229421028,-23897.853543417066,-22396.718256464523,-6725.294652317846,-4888.831050841811,-4731.674124686924,-12608.606182216088,-12338.506524033906,-10409.873492629446,-30961.58200921622,-31495.14827184755,-8031.813062902952,-12786.96102084741,-27486.4548571847,-27879.10779146769,-9067.833603926882,-15608.626496501272,-6511.444985135258,-4052.311482466907,-15311.45600976321,-17288.09916737289,-11469.748886399791,-13478.284974217566,-7446.2046615370755,-7435.952513702817,-15181.53679265714,-22030.557687761993,-2872.034554296922,-2309.62283937609,-27619.319600187595,-23653.162303921392,-8097.191107187396,-7229.813319096054,-14916.529906511516,-16383.949842003616,-14620.677008654346,-12741.99325699511,-12514.81544777929,-33234.51464424227,-5272.464626237492,-1934.1251685355592,-7993.821966607564,-2540.965675211632,-4082.81394440818,-2925.252113665546,3.9285113903424467,-13184.290278195205,-21929.192861980442,-20572.535795473235,-8332.112019331827,-12737.427526876148,-7641.663890769971,-8315.070053274794,-4198.1959099577425,-8601.770115805724,-10908.912874391179,-7598.302806762313,-2245.465488475868,-4246.989882161641,-6310.638793923244,-3348.3253461649333,-5447.946389855879,-4797.595628739879,-13409.10385510869,-7313.099704293904,-11072.542469726151,-9419.843738373576,-23222.078748019212,-25110.665397635345,-22887.27653191891,-24471.742133073163,-12190.995581364992,-4370.2219827443105,-11712.07568591528,-18158.280002924646,-25187.57844916551,-21956.198337270387,-3506.5199888935817,-41123.72661929196,-15087.760170723257,-4944.783252508866,-4698.274316181508,-6954.911646087688,-37311.85954223309,-15012.372985177211,-8510.478344129666,-8367.687982539885,-4848.166841788105,-9598.676680515962,-48855.82229979476,-45533.80077688157
-11515.28463592637,-34365.68945298863,-3849.2546562874404,442.58559041684236,-2354.5100637257706,-27766.52594815688,-7510.332213357193,-11489.860690261106,-5080.024074800938,-4179.608808642792,593.5381075820045,432.88767333042085,-3288.0838867164125,-2439.926289239272,-4477.70269013952,-2455.5552245818103,-36403.63099181348,-26382.532865557456,-4614.252366049754,-3268.112467694343,-11197.881279026755,-5369.9207658375235,-4040.9605771223573,-4500.17576230345,-2949.3813786277515,-3412.8801782846185,-9352.257141934888,-11760.369547291984,-12859.249448871284,-9655.249931653656,-5637.986944982913,-7721.5421846828895,-10643.511589434333,-12221.776375663248,-9215.691074319131,-5739.076897252016,-7933.75759579947,-10296.234703034992,-734.9268081762856,-351.4118607642737,-786.13809033735,-3120.982562744356,-9345.82411705605,-10907.367803016954,-11888.932206589778,-15965.268717303805,-4206.262288437435,-3934.734387546813,-1504.2155599079997,266.64668861286225,-16365.483931044393,-14932.036258342981,-4966.337713957924,-6259.64696707551,-9364.248361672871,-11209.656418432496,-3227.840678654276,-5129.249728379457,-3711.176730907973,-4634.433408345576,-4780.322169974656,-5753.271922306521,-5805.644355016309,-5777.568405708051,-6853.429477513782,-8192.777175438314,-11321.864497580755,-8483.8906802224,-7685.9259577180555,-12712.06555686586,-1313.0124890380685,-747.4708650853862,-7083.268930068085,-7411.191140268163,-8423.094637948792,-7283.271107968706,-17081.37789696826,-13438.988548977752,-12335.609598521478,-6991.897126186654,-11651.787534719979,-4287.016390208228,-4027.8445749049565,-5342.978008130027,-6532.097202113175,-6786.622820133474,-2460.497001668278,-3637.619003058367,-16426.515842774723,-14526.428451780934,-8537.885932734285,-6094.872116370162,-5173.094667195378,-15194.439933649686,-3798.1995393617103,-10552.548011056511,-2402.688977914498,-6542.183448716954,-1237.270398385459,-6509.217602735458,-3197.9045735431278,-6208.175719739273,-5244.185574258983,-2467.8303049689707,-15827.714148768995,-12229.554609969506,-4354.356838282678,-992.3177351493649
-10138.469005243664,-14153.361252770921,-4821.8359817495675,-12527.759314070674,-1248.6512368160415,-14783.932831064298,-30598.390955583905,-15390.01445216597,-12302.623033705999,-10036.804374588843,-4267.293194911059,-4703.631583104749,716.9149186354831,-2712.501697185007,-7979.959507913607,-12052.041516592575,-6966.10736700044,-4395.585935122066,-10602.860229052822,-9078.10323024889,-3387.0119876258773,-2105.4433270300156,-632.5770345405559,-7631.336293808405,-9242.972117057,-9098.350964074883,-2246.1068763143726,-3029.635900495445,-4851.475980908226,-6466.963790260337,-16891.46781716864,-13144.033648564235,-20209.387749747453,-27028.736885322745,-1644.253442902956,-1562.354401481361,-19104.180102422033,-20650.487266674623,-3008.833933407988,-4592.293934160751,-949.618862506724,-654.3791886097403,-11056.726491150179,-13876.000328116337,-11045.006159920444,-12259.475822105911,-6925.560311903175,-7428.865510692078,-1939.4550029673496,-1182.3448350024642,-6858.461559991514,-4997.956423277896,-6075.8444877666625,-7027.506481391014,-14805.432425947381,-22110.972404664193,-170.72668344011743,-1182.6876605585217,-7046.718760858663,-650.1061908689677,-2940.528472806816,-4224.102101311722,234.04240626554258,-3694.870105621944,-6832.578431003867,-7797.893421605835,-7915.539865855171,-7338.87564889995,-9863.88325455437,-5470.127473230643,-1337.8787364182876,-1896.8630659051355,-13126.057495746843,-12236.668268217903,-2013.9795440319808,844.6197569175043,-6860.049410516769,-6629.046678789391,-10563.493266107771,-9051.712541854324,-12024.145570585053,-2115.9375684753036,-2400.580051207144,-7856.885958142973,-20211.312084972204,-17787.36322000077,-12536.116511275803,-13641.61391691833,-6986.290622044982,-3540.482425921445,-13303.016442398644,-10232.22521902759,-4959.860549160441,-7594.548049747873,-3929.023030040518,-28732.389672362056,-11003.342909785732,-1069.8891391124575,-565.0574043577886,212.60009139546912,-9082.048366829507,-17137.44631696547,-2112.8332413356634,-641.9325411356054,-22920.780929244844,-20489.01154345384,-18910.238134045518,-21121.85074947127
-2966.7229321903937,-4059.062223647009,-4106.025169238586,-4413.118811392765,-1148.2903641663067,-15374.518251534339,-5734.366156671451,-5545.707747510511,-3867.714663511076,-359.74401378569087,-2034.0886198047008,-2175.5007257172415,-835.3534290950845,-1782.8340374444886,-3432.9170994480296,-5693.620723136396,-5146.144536081374,-4974.408673402636,-4486.044147479943,-3775.6515389706105,-109.74072766492417,-404.0421725108097,-2545.1673915999577,-4023.3628323864173,-1633.0217634978687,-1207.1727835887502,-3117.128440790482,-3443.8924084798355,-1772.54464719807,-3226.519093722854,-3928.2988412665068,-8048.592916950279,-5808.574239185823,-5013.512687992436,-1452.3959945888353,-423.6489779323381,-6449.528652391121,-7503.221351334579,-2472.458140192662,-3611.9134369010203,-1078.661607622817,95.95604731038522,-7155.465649253646,-15981.710158472955,-3275.3007802515563,-1478.9845359464741,-4259.386305669018,-1365.8119863275713,-2196.9482611916474,-1453.5859661474976,-7879.7391300645695,-8685.58667968783,-5645.803750981104,-7507.868716792953,-5232.906562612728,-3944.713713794386,-1326.9838798499766,279.1783311123222,-2242.941928577712,-410.4118707530067,715.7484459514167,528.6796809661168,810.7745526949952,-763.322719091804,-1390.8681122933556,-2787.0098089339604,-1814.676282529909,-2601.4943682276507,-1959.5490526854917,-4056.799579078935,-1284.2667712352857,-1158.3304049078877,-1383.3515413660423,-972.2002532768163,199.21828603560988,587.3325398485836,-8298.322950690947,-5533.547640357473,-2721.3925729384277,-3347.660387990057,-15373.275375348183,-1960.7906989460969,-90.81818585896737,-174.83186698674444,-14344.108923953658,-12507.7548087472,-11412.952396155526,-11675.685717430535,-4424.28479625802,-2308.2434102986513,-1668.0522278914793,-834.0993041358522,-3413.971310496439,-2218.515972071663,-1259.5009922141187,-14411.213429983201,-2881.4266152905398,-2923.224331720806,-976.8409204740235,-850.0938429376845,-4729.470595315761,-6642.897964691503,-990.687068251216,-975.4126145500848,-7210.769858438304,-5117.831891945724,-10376.48827473073,-10438.904393634459
-26617.935287489214,-22333.631154767638,-1952.3258443091936,-3518.1514342525566,-5235.610169976988,-27035.935783227287,-5243.9872535734785,-8391.570478180442,-6267.443553050858,-4209.094413717854,-956.7264906787777,-2380.240654215036,556.4386789322136,-469.6177137788791,-4350.1237580198385,-8803.965606652544,-31225.48946632687,-29357.42621951596,-5449.307878348906,-2322.277237614634,-7846.112141835236,-2554.4530260766214,-4628.235673451267,-4877.956349165167,-4380.99142255662,-4057.02962954574,-9098.803798805597,-13640.056639296254,-15241.803034415085,-11086.302011859074,-7042.484774927044,-8231.166004814604,-4946.375391042757,-3481.8026210514827,-4190.344816436986,-2746.9410177612326,-19326.187862583716,-19879.592347944814,566.6004116527681,429.2354311369829,505.89844285721796,437.5389858555925,-8905.491920459632,-14205.107559764572,-5014.969859921507,-6243.367321859917,-4085.6296518430054,-3260.819448571297,-3164.4882086290336,-2826.470673227189,-15361.008854574111,-7556.656584622449,-5824.038465350424,-6589.083673379175,-12459.233387646376,-11459.219305689989,-1531.0710772078398,-1965.9274220635007,-6532.15537896973,-8219.461476066575,716.7880698353754,-575.4765259073115,-2266.199519453966,-2923.207619106851,-8369.331878109067,-8315.790008379461,-8674.64864775092,-2845.422759792232,-10465.03641639853,-7201.370137189707,-14462.55547662509,-8450.488721447724,-4939.6383620544975,-6932.656481582572,-4213.394701885447,-4634.598164617879,-16101.450354802562,-8421.603777961043,-2400.1155173794423,-527.2380624839743,-8046.932559725933,-2314.236835006793,-3207.2242905504477,-4109.984623701714,-15689.717002390995,-11455.799114606652,-3727.7794812383245,-3929.4037155802243,-11664.384925550485,-7372.2923796510095,-9175.656521788816,-3605.1859233078603,-3394.432945954753,-9366.889022535988,-2347.5325449131283,-16852.45210331794,-2304.471923301974,-2302.022887655033,-1062.1905459658533,-472.6957353099365,-2072.289530049008,-10365.161898552784,-5141.88008145364,553.3561731007128,-12485.623618629043,-7087.344783362534,-5068.334318533382,-3236.3415231699646
-73445.03036326227,-68917.33771955791,-91211.26551732379,-97067.66081516472,-16150.309484920197,-46080.82475769224,-91243.28957819023,-94393.37274057725,-92845.26434827571,-51117.976121661435,-9505.551925331843,-11250.680696207239,-18853.973684506807,-14292.636612817378,-9611.998258529487,-14023.870909954852,-30361.401890685866,-40522.85621544733,-73547.8368618164,-68997.7108551114,-33844.250343404565,-34206.206874044816,-15735.790678644402,-15042.230373375782,-2934.0526522312666,-2704.736082795158,-88362.97833680415,-84184.27609929522,-9120.840295407246,-15298.390703690844,-75870.18723641183,-84662.99469458124,-20637.682774574834,-51832.320476791225,-34653.17514539129,-32020.824452305646,-3440.0686070134284,-3516.96143415734,-43505.491346125986,-46434.176521508925,-28591.726655016388,-30187.54169794454,-54243.31084529331,-74102.63053808229,-7960.324152716168,-10589.043564445328,-86019.46738710631,-76088.29047511196,-30092.44325357975,-29084.29370099978,-32891.78163389544,-30107.332364059894,-55027.63629411315,-49847.65462331034,-2276.786595133146,-84552.00780351342,-21169.267949945726,-20491.151632626974,-2160.9984608930613,-13726.137389428355,-26705.015852173758,-24879.76147703996,-17175.33115510552,-53801.54057875641,-12616.623875342008,-10851.824390588841,-69023.61013108432,-64806.74300055441,-42175.89044511641,-43573.19311867739,-34056.53504268282,-35808.102230573975,-23713.792823478605,-35545.080070365424,-24673.561895626797,-18163.46506210419,-17195.653594221578,-23762.297166506785,-12217.392972333148,-13510.39748651525,-58217.46966577337,-40989.50105299817,-46651.86516390891,-49117.812263399464,-27711.000591071348,-31277.996723655404,-78083.28569404648,-79227.05781023968,-10809.525218888484,-20347.179226872886,-1000.9993121837122,-59203.744922962025,-79459.89868343931,-66250.17971865156,-18334.846285519197,-43461.07619015078,-5874.662729488826,-15611.12374944772,-14100.56656093566,-13179.411389682291,-92032.37454442661,-6332.677466925649,-30227.295922451038,-30150.73807363366,-30132.352412041208,-35922.029861185045,-117333.14222749627,-114035.1465475307
-17274.264003877353,-8170.71876379619,-570.7578624804293,-1002.4940247989281,-2358.701272334044,-8445.46550873424,-5262.521985676997,-2324.1257380609013,-3254.782981156676,-27.359404751462407,130.42632778115615,-83.95724043385313,434.45708128025683,-220.48646512020684,-649.774848106913,-1138.4410934347388,-5022.534339643796,-2448.009094223976,-5803.968534100134,-2403.5114735066445,-2172.389949262476,729.9016915587977,226.58040819507835,-1988.8487769561898,0.9076698792900793,39.380822465345304,-423.6358126738477,-1211.3908879655937,-6379.563310069744,-753.6777079380408,-2286.0622468302454,-2834.2341346510357,-3476.773926931738,-3552.8766575673208,291.7178012895612,482.11882603484366,-10637.973013680734,-11692.392059253543,189.64396538773246,-74.76986388100964,497.6111548588534,432.3868020691308,-5245.010574426807,-8715.38017001006,-1512.7942223586278,-2342.633198864324,-1750.1815391749105,-403.91997544907167,-2745.2469745696426,207.35613317859054,-7348.4678169340905,-2122.1631556726197,-1544.3602621164018,-4021.4149001239994,-531.8504433568297,-3943.5747782897224,433.876178776046,-1878.3483217047494,108.53010663423733,-3591.441599900266,656.381394465906,694.5827206758123,898.0665049075227,-110.3637219625548,-3167.4404128830092,-3648.2546568596,-8651.608606050999,-4404.7730159388875,-2515.838721954714,-2491.943283330168,-6716.094914376458,-2223.7237284123976,-337.1611898824766,298.9649076526558,-2281.120475683245,-3923.8736609075413,-7826.650780628536,-4184.906194059803,438.6014772339123,64.83029336044378,-8855.471422863237,282.9544897806346,-643.5690558243975,-4901.51228205276,-5167.767229341828,-5094.395160414409,-5546.044489149822,-5824.129045356588,-3395.206051997523,-2255.636676026813,-5.5261113731271685,224.35377300049106,-161.885461383309,34.910523532235985,-234.03716031751435,-16544.5852751255,-292.88755019749703,124.7342203898453,573.8007568610639,571.6734779127447,-1130.463454050986,-1644.7372312959478,-1126.9822340821984,349.24159183599215,-8063.295967264435,-6183.680428751671,-2273.581209743322,-2271.3113503930354
-3089.967285559652,-1273.1025633592735,209.9560484981114,-874.8754155181168,-261.8686340360225,-2320.294960460139,-1621.009080896235,-660.6129363905138,28.749429132723193,503.9585246046838,-393.517643914726,-2276.250034662583,-100.34248067501973,-252.3871126616366,137.1043005921158,-1023.4993161558459,-2500.8847023682983,-618.5366286909348,-679.6443715826836,-503.4877518991932,-1454.4792992517696,50.459496041824636,-218.80960161520557,-1645.946150213168,243.41836715557224,330.99872442409765,-252.2997180940372,-265.0217654599044,308.48453806034695,-888.8254875582395,-483.39534953836915,-747.7548769526265,-1711.1398726236594,-1361.2457273169357,-597.0529112887971,152.08241254599784,-2519.7579557683575,-3703.95960064629,-839.8442341964628,-1175.0904054659268,-622.6795647771442,-379.52415210188406,-1029.852756015368,-5405.17623362324,-556.6060421862828,-147.86158271606178,-824.5198287468033,452.5413339643485,-615.6356732142638,-429.3357292409862,-1527.8787776649594,-1401.1959333174789,-973.53190349749,-1956.0462560839014,-740.8371262004739,-384.545389851083,399.216969455206,326.5096059929597,-96.43360587475105,358.9032349952679,0.3968737540046601,-87.02792077410483,737.9759843860149,402.96093522808883,289.3390928646179,-775.6504486083368,-1308.6963061534561,-931.6973714970309,-285.51314265446194,-1305.5232618709022,-1480.7267194322858,-91.19242254718189,-362.49371258646056,-235.72464891119375,-668.1498984023826,140.80757249554813,58.42817268077418,467.29529653258874,-94.78260081596888,-552.2787251157358,-1381.4185977247917,390.0809568936304,602.4903044886516,-500.1714160328015,-2503.1968890327344,-2363.1128121300653,-2897.127165005143,-3644.2628478423803,-286.3826006838724,350.2545700765145,-106.8645080252543,491.49327657231265,417.2403507124611,292.42330473494735,-569.1373685889055,-5716.798553135982,199.48837994985593,-349.03874705796693,-24.673041448281552,-32.569610807441464,-811.3693950261595,-1151.2761766537378,-894.2337896448778,-492.1514276713067,-1727.6850573013444,-1408.6718281438452,-1697.089930770374,-1638.5845503057435
-25874.346171849375,-13691.849640807251,-7849.957053379794,-9839.55722877517,-6539.610946075902,-35050.40604979405,-4393.453137517089,-3604.752675108377,-8535.611169335518,-1800.3956877113358,-4522.436384957544,-5337.213640064698,-3604.7824969904887,-5274.089190145778,-7530.634280314609,-10638.572280530292,-24005.12072998697,-16627.251188394715,-20850.140283556902,-15549.102937354717,-13093.076782137166,-13738.690097782655,-7093.403679892157,-12954.246241957675,-6402.1279693845545,-4677.307945006684,-7793.891937137027,-9430.204454502118,-15329.471586283395,-12420.054066540875,-5953.916658790402,-7298.813353107687,-5350.697554932191,-3527.2305681334965,-7137.644573635624,-7630.932273838085,-18801.486717250154,-14579.106492199351,-8604.905167669813,-11335.579562099503,-5112.73779479804,-4376.267745440766,-18236.13323105243,-21936.559875010047,-2968.257620999063,-8298.257733851537,-8246.2106861216,-6378.441246094035,-12108.359716673713,-4282.847892798336,-20113.760810919804,-22275.658968707095,-21712.675790525114,-17078.40071952992,-3331.625227463851,-5568.648966010047,-5099.05118244991,-5376.664449140486,-1874.236211439156,-11657.302707941806,-1198.3465832874042,-598.0718103496745,-4290.9222880942225,-8318.263174290576,-9323.301933350765,-6749.117960486297,-15819.360995491092,-13352.440883283589,-8803.40946263584,-7928.57398475718,-9076.275305460786,-4380.704574319037,-3062.547622207463,-4186.355684695705,-6024.833834100323,-2029.975538763826,-1450.9492640821825,-3599.3142082648683,-9877.773561875072,-6745.756259607004,-15137.246799164275,-8722.572063037642,-9779.139306961046,-9397.938208937381,-27057.661830041703,-26785.24997505182,-25285.925464988104,-25673.646595469414,-8330.23331826992,-6047.347803713315,-2774.694407888017,-1939.536671170206,-5234.426322773563,-3422.8066551299535,-1978.8539386122409,-32982.3000391518,-3974.5914886897353,-4705.786629371722,-3008.3110406311735,-2459.4491091415675,-6388.248571064176,-3723.1751521891256,-14977.755273935745,-6656.892221176238,-9545.651830824847,-5312.4804381588165,-19458.932284644718,-21030.266761309817
-8345.401947711645,-8908.491645636539,-7368.817671468795,-7991.795597028898,-6901.1807817499,-12520.946363824356,-9630.065925796089,-10659.785480451881,-9837.991068661368,-2375.498204818353,-10566.843761006816,-10857.090146945959,-3980.8204263392336,-9586.278655815806,-16008.173099063855,-17527.2440032183,-12544.25138839488,-5026.883779554229,-4491.839143064711,-3747.9640300083956,-2787.8910834990465,-1455.5178242126212,-5832.822955496956,-14415.81765868685,-17885.75927310969,-16740.798529636457,-7943.974429490111,-7026.471302107363,-11306.511035132942,-14158.98125451459,-7369.841718253571,-6186.309921352812,-5956.912223675471,-3356.20203331265,-2392.80458529095,-1697.7133505974425,-20004.023425524523,-19675.099657024686,-286.99784787053864,-582.2603957454494,-559.221750623147,-1207.2609636232746,-799.6317612140783,-3944.263083491832,-7142.023273430191,-6665.497345775912,-7033.269971697992,-5276.549748333616,-2278.6547638462007,-787.8712798442366,-12039.421510335926,-11874.541275256483,-399.93708931680226,-1271.2334224873712,-18603.739353498902,-10193.630241071669,-3644.773743002218,-2426.6196139922768,-11644.670564292517,-4819.808017256387,-431.1357062919494,-68.07710032055253,-1895.0564054012584,-1616.0331787747646,-4240.969381028038,-3823.3015154276154,-1585.811974019286,-1243.579988341612,-412.4596736673345,-3374.6907590876076,-3084.4586109258316,-1128.6171241881466,-883.8151266628201,-428.2923036078216,-15049.593795371773,-14762.642363550282,-948.8710101960105,-3483.372337514732,-7940.175909063714,-2863.296529896231,-5840.550611424239,-4263.695827939876,-521.2963771590082,-1651.5237621979986,-22673.191691286593,-22117.82337205894,-1380.2360879987618,-3006.62950765175,-15792.890998758108,-3122.3333769240207,-16914.65775752905,-4233.961398266744,-4459.609110283528,-5316.414778315907,-2069.424665539126,-26317.12458298218,-17361.224959929088,-5776.45435687004,-3514.408555099967,-4289.585588241499,-9078.779583934675,-17463.299555352096,-3557.1692369424645,-2002.8838330280205,-4240.699333965292,-3185.7768148676632,-13169.597829353685,-11437.229977275632
-13918.628907126107,-7577.1236023960455,-3177.7134366912674,-4073.562880799002,-12182.504686642702,-22347.446402113943,-9732.438452886063,-10298.508777242643,-7289.72160622341,-551.964177836288,-14656.532566076059,-14304.29838009432,-5695.215623937317,-12541.708903908731,-18959.137669315183,-20694.961694214144,-13844.04681015864,-6342.530111913359,-3777.73685544875,-2674.1995699933345,-1180.6393726064941,-1968.1563874394074,-7934.83548962264,-17809.09760757824,-21844.273625468835,-20618.693389105785,-3147.985669581222,-3304.3740216777683,-19931.751984367816,-16907.522721540998,-4196.5542354513045,-5361.459764046044,-12325.594087588828,-5289.653752335166,-2346.9496049912727,-2501.9963503672357,-29888.78988048504,-34557.20913959952,-2515.4883583786745,-4034.664517818225,-3373.808511508864,-2198.761452923531,-5948.471358064594,-12380.745734975995,-10951.623749764049,-10505.50001238935,-3349.559343016235,-2226.180856859742,-6523.270714998102,-3512.53227083944,-18791.55914537856,-15838.008661997215,-3942.828515748903,-6226.934799555595,-24299.376230395836,-10663.20033895143,-4287.7614288063805,-4569.606137171332,-15888.682466734435,-11475.153220130074,-582.2775825529266,-1352.451190298825,-2461.5373717958596,-233.20951675512467,-9057.786929181344,-6975.016090311802,-5457.7281486943475,-4153.002954250603,-2656.0197482280514,-3693.340525431357,-5175.457506572452,-2039.0014803946274,-4756.421968261947,-1600.092794923929,-20449.309883845184,-23370.886151265033,-1235.6809691113326,-4133.014442319344,-17479.857119322143,-7870.084198839238,-9422.77766727091,-10054.955962760194,-9115.680697048485,-104.5687923806565,-28921.87938490705,-28173.219201778586,-7037.533062732015,-7595.001190172531,-20886.020934695407,-4391.211532830836,-22898.343350603507,-1399.26705719498,-1689.447829318759,-3702.457705887145,-5214.177485683121,-34974.300352043065,-22859.97997804993,-9727.523102256588,-6180.33229906607,-7429.5058339768175,-6161.229110525836,-23682.428013862722,-5313.44310169708,-3835.322007522426,-10308.852780039213,-10279.206479285314,-7806.941378561695,-7767.31862888695
-25046.7968091599,-27158.75918988518,-5997.414234202834,-5596.836994883036,-568.7655231087541,-14756.981043542253,-8100.220817686916,-8271.06414526807,-7933.013079411422,-5947.946963023379,370.0197900701184,307.72044221910045,-1665.3821355432578,-812.172509250419,-2455.306842040779,-1217.7181226436937,-25966.129860373472,-23722.36551914342,-11644.804630316923,-8255.429421385938,-10273.236953163794,-7542.673007092598,-3634.0659961406627,-1668.1532247523269,-4024.420123122268,-4257.917199074217,-13903.687200259401,-16557.70921823133,-9213.043913801504,-3732.494403585234,-10366.88552646963,-10585.297827499437,-4063.8438219827212,-7155.536366497558,-13250.58957446362,-8514.345912840172,-9918.782725146315,-9815.810907634715,-1617.929489043991,-1903.5383539739546,-1171.543803871186,-3688.030175088278,-11215.57021570338,-20362.88800030907,-8756.880792787631,-12120.72710813301,-7713.689858361976,-7476.492620079093,-4924.546204599391,-2563.214460813396,-8132.251872547286,-6005.471420369969,-4730.354234698359,-8567.238498349454,-6939.844747918439,-12845.565916914127,-4759.21496115539,-5978.605486522006,-3580.3916398906285,-3817.7362164963406,-3734.0503834912806,-5398.42337428285,-6527.7078613515905,-9358.381835067716,-7771.9342483907085,-7943.792180837204,-7506.626446371533,-3808.8157102961986,-9424.739178491362,-15825.119518579666,-25017.582800554734,-20454.44714599034,-1237.859631980666,-2130.0832559445544,-7909.74843201971,-5401.276667627083,-9260.079537380558,-14372.011565205858,-9107.150400010387,-10157.25564248637,-4612.40264522696,-284.7533103253066,-9069.350942678617,-5243.187867356216,-9902.487026420376,-8027.872385251611,-6960.25809948884,-8795.654377306155,-5902.405167144213,-8209.382360973932,-12736.699599334372,-10283.561692669826,-6211.684102156883,-12629.621827776295,-1426.5028656636264,-14793.614798177934,-179.86055687749314,-1495.8832584415636,-1331.636635607471,-256.48222823940006,-7946.782709442937,-4762.407154718195,-7958.683356322827,-3307.813072997188,-7540.753050948449,-5840.821435663688,-8981.419670315181,-7822.062008115069
-27445.582056264797,-48889.04635714497,-21911.30991825125,-20413.573718061652,-21280.824002524194,-39572.89783306608,-49486.34073449734,-56933.35999933678,-30845.56837575395,-25667.900053725967,-26928.207098667637,-28076.41300588715,-15422.499191500725,-24003.965725688027,-38997.12998961595,-40760.86902427326,-37258.36491783309,-27670.381222062246,-14543.725798299723,-14097.35720169141,-15029.554399256822,-8752.194676369383,-19462.927540222383,-32485.537151150198,-46528.90314974905,-44692.578132102746,-29586.54848025858,-29225.111282904585,-33505.62726429986,-31418.741515850266,-35731.733860693625,-28485.130245864635,-55800.92500451351,-49879.394821089765,-14672.241232774768,-9323.135327035225,-58238.02719776875,-58693.94010495274,-2429.721692430013,-1420.9996699409505,-9389.005200698966,-11345.311303154152,-6612.623456328375,-10634.488646197564,-43229.51905743861,-46827.90030905827,-21414.153427008812,-22701.34847261487,-9066.99989378177,-10893.060148298066,-25088.90190233188,-26177.42035855635,-3132.8561027001665,-7987.752133363271,-64441.07251962589,-50214.49423350084,-15632.79575512935,-14843.835808824848,-42265.88830520753,-21957.769674277977,-18301.175180692993,-24372.906184816948,-17673.02499977253,-16548.03281315327,-27527.052802038565,-34608.61976062365,-9661.791528250493,-6619.9495761491535,-14925.738708539016,-17772.259975365636,-27412.947790405608,-30392.26158627435,-13427.950097989275,-6905.297658774926,-49410.68608313428,-49062.90072872363,-25747.08219906056,-20025.012191712867,-34062.08743124807,-31845.45476455941,-47561.643661302034,-39186.06758166496,-17591.60698890664,-11902.956752947632,-13643.028112553335,-15765.983354976792,-54518.991312342485,-51696.85551464909,-47335.51101606918,-27217.943131429038,-57167.67209400395,-29203.99067039588,-23571.519094900705,-45126.20906784454,-30167.418653973768,-86987.60280504188,-45596.94962536551,-22050.390837145704,-18776.33076630499,-20598.496774582683,-30929.843181894666,-57880.106255500505,-11070.616685083683,-8742.241945774347,-59057.447882932654,-49054.972648375275,-25900.062075628008,-25187.99953907703
-1190.264508034479,-1163.025174596825,-212.39492849314541,-1373.6226252785143,-1073.385935675631,-2071.63488437558,-2990.818965257031,-1219.5022670035557,-975.0743784873355,-653.2306410490144,-793.2327453555351,-855.687038146252,162.65597311367907,-607.411685958841,508.7886379634279,-544.7076677164891,-1265.2662794634978,-1948.1860725742024,-2563.999146990698,-2303.3075757178904,-1138.8803067329968,-1284.1866813830873,-736.7946804255205,-89.75417191226866,315.6981687801586,59.12984662873946,285.9971712594749,324.1253179066595,307.84178440929526,241.61653406199613,-3305.352040994594,-510.9087210441516,-2890.582777765567,-1901.3399766744421,-239.660124111529,-101.83285712472703,-2255.9716388224642,-1593.4267173355927,-877.5456109338427,-1424.058097133822,-938.4305634268837,-816.3566087900851,-933.8995873024958,-4682.707189166382,-1504.9887207873649,-1454.5981048054834,94.07428570795905,157.6232669857696,-3496.1028800835356,-1268.9421454478013,101.78290556541899,-78.63021503125063,-584.7228159753738,-925.8177155151077,-976.3900269558669,-1742.4622263718063,-1881.6781028834828,-502.4310372837803,465.96226405442445,-756.7537828552756,-398.7995009663877,-656.6027968011492,412.7878123338292,2.082499347771361,-503.0376342795766,-941.5731754706628,-3287.352463949619,-3027.967876511104,155.30356182760872,-2481.2111633259938,-928.9855459989938,-325.6014357574763,-805.3543078238888,-721.0910004612831,-80.88300489571834,-527.3733751703817,278.51933864671315,158.8074520106298,-139.50911390989066,-459.0814049127343,-1378.1993773644224,-1203.038673444769,-2045.374165427247,167.7608543675729,292.00360704492647,-64.12315895401248,-2157.44263184551,-2046.7600847416195,-2248.496599805936,-2081.1546003574786,-126.7647878884904,86.01092595887762,-31.870227186228888,99.76501306001293,-1952.8468311224149,-6830.820058966531,-259.41898414523297,-60.83186734553733,-334.01442927649026,-226.92259331172812,-791.9752470999535,-1816.069189791127,-892.0281814739008,-775.5974153041914,-1685.1903795673986,-4459.312925752531,-1839.8697214937727,-2882.440972237049
-10238.800182491947,-15931.290549767056,-10655.649601203097,-13535.612508427554,-16742.820948861125,-63647.57087642096,-12072.762093584168,-13067.822069475129,-8382.226065176246,-3473.6573647889286,-13268.435675110428,-16197.306659918135,-14184.2579305006,-15743.97812020679,-12250.760157012664,-18494.39241652252,-43751.02317870225,-34655.633272781095,-13972.160119896113,-11229.56170162471,-20952.75655040919,-21783.318870089533,-16595.060285518986,-20734.31071178754,-2661.240655317294,-1438.3788850466692,-7798.002783695991,-8742.540431698433,-14103.790831164139,-18133.578619812142,-7812.635482844924,-15806.719988680006,-26641.978478845882,-16988.139114874706,-18131.260410595387,-9935.901821227912,-10548.810527616444,-8665.329073035131,-20151.154214963193,-25361.5095959198,-14177.991497012663,-13349.724933613725,-36798.21144220849,-44260.8289590564,-3460.794715132324,-13760.59837460457,-7033.610589116752,-2320.2642107621627,-27547.78063478385,-17915.65155486366,-38609.741042811474,-43652.43163695044,-36714.05454734247,-28076.80782268638,182.70686817788834,-4893.524963208001,-13017.442961671382,-6944.691150924475,-4453.103727532641,-16460.42340694249,-7736.513790020013,-5861.664493842334,-12633.849867707577,-3969.4348222109816,-9201.62837478675,-9642.210528075979,-17982.250715382746,-14854.50983090652,-21446.032392836816,-18042.87914215726,-14063.54074300872,-14080.78022688924,-11263.85267492511,-14501.261893100505,-1273.847870459463,-2.225916768474758,-4037.856851423967,-6593.038407613167,-24070.21414188068,-13034.709467213885,-8064.001241876853,-10091.654063928167,-31590.25279333745,-14391.519982508848,-9406.225658788868,-11026.363049670295,-34152.85302870834,-33795.675078430206,-45698.98152116767,-44281.103010279585,-17124.185750629513,-13307.053428438892,-6067.2340174340625,-3739.135110691944,-11783.051642635714,-40850.72321568653,-10531.307444953934,-14809.686604493407,-10169.031319381778,-13537.504391780814,-10914.720462945143,-7347.563954528453,-28901.896291321835,-17335.92364364332,-21151.688450132082,-25698.09462585993,-28263.07048718806,-26422.4054678466
